{"stats":{"minecraft:picked_up":{"simpleores:copper_axe":1,"minecraft:fishing_rod":1,"minecraft:crafting_table":19,"minecraft:coarse_dirt":2,"minecraft:chicken":1,"minecraft:anvil":1,"minecraft:smithing_table":1,"simpleores:copper_helmet":1,"minecraft:string":2,"minecraft:red_bed":4,"minecraft:moss_carpet":17,"minecraft:raw_copper":144,"minecraft:iron_axe":1,"minecraft:blackstone":4,"minecraft:gold_nugget":9,"minecraft:cobbled_deepslate":269,"simpleores:raw_adamantium":17,"minecraft:beef":50,"minecraft:oak_boat":15,"simpleores:raw_tin":118,"minecraft:iron_nugget":4,"minecraft:lectern":1,"minecraft:light_gray_wool":2,"minecraft:sugar_cane":28,"minecraft:chest":1,"minecraft:egg":1,"minecraft:furnace":26,"simpleores:copper_leggings":1,"minecraft:stick":17,"minecraft:raw_iron":220,"minecraft:copper_ingot":4,"minecraft:torch":18,"minecraft:porkchop":15,"minecraft:diorite":71,"minecraft:carrot":7,"minecraft:redstone":92,"minecraft:arrow":10,"minecraft:rotten_flesh":20,"minecraft:iron_block":3,"minecraft:mutton":40,"minecraft:white_wool":18,"minecraft:cobblestone":338,"minecraft:birch_log":70,"minecraft:cooked_beef":2,"minecraft:glow_ink_sac":4,"minecraft:leather":29,"simpleores:copper_boots":1,"minecraft:potato":11,"minecraft:tuff":67,"minecraft:oak_log":84,"minecraft:lapis_lazuli":116,"minecraft:dirt":357,"simpleores:adamantium_boots":1,"minecraft:cooked_mutton":1,"minecraft:bone":4,"simpleores:copper_bucket":1,"simpleores:raw_mythril":34,"minecraft:apple":1,"minecraft:bow":2,"minecraft:wheat_seeds":12,"minecraft:raw_gold":83,"minecraft:iron_ingot":1,"minecraft:rabbit":2,"simpleores:copper_chestplate":1,"minecraft:oak_planks":23,"minecraft:smooth_basalt":7,"minecraft:cooked_porkchop":4,"minecraft:sweet_berries":178,"minecraft:gravel":9,"minecraft:sand":213,"minecraft:spruce_sapling":21,"minecraft:white_bed":11,"minecraft:spruce_log":163,"minecraft:barrel":7,"minecraft:spider_eye":1,"simpleores:copper_pickaxe":2,"minecraft:spruce_boat":1,"minecraft:diamond":8,"minecraft:oak_sapling":2,"minecraft:coal":339},"minecraft:broken":{"minecraft:iron_shovel":1,"simpleores:copper_bucket":1,"simpleores:copper_pickaxe":1,"minecraft:iron_axe":1,"minecraft:iron_pickaxe":3,"simpleores:copper_axe":1},"minecraft:crafted":{"minecraft:oak_door":3,"minecraft:oak_planks":196,"simpleores:copper_boots":1,"minecraft:coal":54,"travelersbackpack:crafting_upgrade":1,"simpleores:copper_bucket":2,"minecraft:cooked_chicken":1,"minecraft:furnace":4,"simpleores:copper_chestplate":1,"travelersbackpack:blank_upgrade":4,"travelersbackpack:gold_tier_upgrade":1,"minecraft:cooked_mutton":16,"simpleores:copper_axe":1,"minecraft:glass":74,"travelersbackpack:white_sleeping_bag":2,"minecraft:iron_boots":1,"minecraft:iron_axe":2,"minecraft:stone_pickaxe":1,"minecraft:chest":6,"minecraft:spruce_boat":1,"minecraft:redstone_block":10,"minecraft:cooked_rabbit":2,"travelersbackpack:diamond_tier_upgrade":1,"simpleores:tin_ingot":59,"minecraft:cooked_beef":34,"minecraft:coal_block":9,"minecraft:oak_slab":96,"travelersbackpack:iron_tier_upgrade":1,"minecraft:cooked_porkchop":24,"minecraft:crafting_table":4,"minecraft:spruce_planks":52,"travelersbackpack:backpack_tank":6,"travelersbackpack:standard":6,"minecraft:wooden_pickaxe":1,"minecraft:iron_helmet":1,"minecraft:iron_sword":1,"minecraft:smithing_table":1,"minecraft:copper_ingot":95,"simpleores:adamantium_ingot":16,"minecraft:birch_planks":24,"minecraft:air":0,"simpleores:tin_block":6,"minecraft:oak_boat":3,"simpleores:copper_leggings":1,"minecraft:white_wool":2,"minecraft:iron_chestplate":1,"minecraft:shield":2,"minecraft:stick":72,"minecraft:iron_ingot":263,"minecraft:iron_pickaxe":5,"minecraft:gold_ingot":51,"minecraft:wooden_axe":1,"simpleores:mythril_ingot":29,"minecraft:iron_block":16,"minecraft:iron_shovel":2,"minecraft:iron_leggings":1,"minecraft:anvil":1,"minecraft:white_bed":2,"minecraft:torch":188,"simpleores:copper_pickaxe":1,"simpleores:copper_helmet":1,"minecraft:lapis_block":11},"minecraft:killed_by":{"minecraft:player":2,"minecraft:creeper":1,"minecraft:skeleton":1},"minecraft:used":{"minecraft:iron_shovel":437,"minecraft:chest":3,"minecraft:shield":27,"minecraft:iron_sword":142,"minecraft:cooked_chicken":1,"minecraft:oak_door":3,"minecraft:torch":231,"simpleores:copper_axe":192,"minecraft:dirt":261,"minecraft:anvil":1,"minecraft:tuff":6,"minecraft:spruce_boat":2,"minecraft:wooden_axe":29,"minecraft:iron_axe":333,"minecraft:barrel":7,"minecraft:smooth_basalt":7,"minecraft:light_gray_wool":1,"minecraft:sweet_berries":103,"minecraft:oak_sapling":1,"minecraft:furnace":28,"minecraft:cooked_beef":13,"minecraft:cobbled_deepslate":80,"minecraft:cooked_mutton":17,"minecraft:diorite":47,"minecraft:stone_pickaxe":116,"minecraft:blackstone":2,"minecraft:wooden_pickaxe":11,"minecraft:sand":3,"minecraft:oak_slab":56,"minecraft:crafting_table":21,"minecraft:red_bed":4,"minecraft:white_bed":11,"minecraft:spruce_log":95,"minecraft:oak_log":4,"simpleores:copper_pickaxe":185,"minecraft:iron_pickaxe":911,"minecraft:gravel":3,"travelersbackpack:standard":8,"minecraft:cobblestone":175,"minecraft:cooked_porkchop":21,"minecraft:smithing_table":1,"minecraft:cooked_rabbit":2,"minecraft:oak_boat":14,"minecraft:coarse_dirt":1},"minecraft:mined":{"minecraft:tuff":43,"minecraft:white_bed":9,"minecraft:deepslate_diamond_ore":8,"minecraft:grass_block":231,"minecraft:spruce_leaves":15,"simpleores:deepslate_adamantium_ore":15,"minecraft:spawner":2,"minecraft:large_fern":1,"minecraft:redstone_ore":13,"minecraft:furnace":25,"minecraft:cobbled_deepslate":1,"minecraft:iron_ore":134,"minecraft:barrel":7,"simpleores:adamantium_ore":2,"minecraft:anvil":1,"minecraft:deepslate_lapis_ore":15,"minecraft:deepslate_iron_ore":60,"simpleores:tin_ore":29,"minecraft:stone":188,"minecraft:smithing_table":1,"minecraft:deepslate_redstone_ore":7,"minecraft:red_bed":4,"minecraft:blackstone":3,"minecraft:powder_snow":1,"minecraft:crafting_table":18,"minecraft:torch":6,"minecraft:calcite":1,"minecraft:chest":1,"minecraft:lectern":1,"minecraft:tall_grass":10,"minecraft:copper_ore":27,"minecraft:cobblestone":26,"minecraft:deepslate_gold_ore":33,"minecraft:lapis_ore":3,"minecraft:sugar_cane":7,"minecraft:oak_planks":23,"minecraft:diorite":61,"minecraft:wall_torch":2,"minecraft:coarse_dirt":2,"minecraft:ice":1,"minecraft:birch_log":70,"simpleores:deepslate_mythril_ore":23,"minecraft:sweet_berry_bush":51,"minecraft:spruce_log":166,"minecraft:birch_leaves":12,"minecraft:grass":16,"simpleores:mythril_ore":12,"minecraft:oak_log":90,"minecraft:coal_ore":170,"minecraft:gravel":7,"minecraft:sand":213,"minecraft:dirt":49,"minecraft:cobweb":9,"minecraft:smooth_basalt":7,"minecraft:oak_leaves":23,"minecraft:deepslate":307,"minecraft:fern":1},"minecraft:custom":{"minecraft:interact_with_smithing_table":6,"minecraft:interact_with_anvil":10,"minecraft:mob_kills":64,"minecraft:interact_with_crafting_table":102,"minecraft:open_barrel":7,"minecraft:leave_game":5,"minecraft:time_since_death":38509,"minecraft:climb_one_cm":679,"minecraft:sprint_one_cm":633730,"minecraft:walk_one_cm":782229,"minecraft:damage_blocked_by_shield":1680,"minecraft:drop":79,"minecraft:play_time":357708,"minecraft:deaths":11,"minecraft:sneak_time":9595,"minecraft:walk_under_water_one_cm":42129,"minecraft:boat_one_cm":427455,"minecraft:jump":4987,"minecraft:walk_on_water_one_cm":55060,"minecraft:total_world_time":357708,"minecraft:interact_with_furnace":254,"minecraft:interact_with_cartography_table":1,"minecraft:sleep_in_bed":23,"minecraft:time_since_rest":3833,"minecraft:damage_taken":7242,"minecraft:damage_dealt":8815,"minecraft:player_kills":1,"minecraft:swim_one_cm":86697,"minecraft:fly_one_cm":804725,"minecraft:open_chest":48,"minecraft:crouch_one_cm":27081,"minecraft:interact_with_smoker":1,"minecraft:fall_one_cm":155153},"minecraft:dropped":{"minecraft:wheat_seeds":6,"minecraft:lapis_lazuli":11,"minecraft:cooked_beef":5,"minecraft:glow_ink_sac":3,"minecraft:cooked_porkchop":3,"minecraft:cobblestone":88,"minecraft:leather":5,"travelersbackpack:standard":1,"minecraft:coal":13,"minecraft:stick":2,"minecraft:iron_block":7,"minecraft:dirt":1,"minecraft:diorite":10,"minecraft:wooden_axe":1,"minecraft:iron_axe":1,"minecraft:sand":8,"minecraft:fishing_rod":1,"minecraft:white_wool":1,"minecraft:redstone_block":1,"minecraft:moss_carpet":17,"minecraft:blackstone":1,"minecraft:coarse_dirt":1,"minecraft:cobbled_deepslate":20,"minecraft:tuff":54,"minecraft:rotten_flesh":9,"simpleores:raw_adamantium":1,"minecraft:oak_planks":2,"minecraft:white_bed":1,"simpleores:copper_pickaxe":1,"minecraft:spruce_planks":1,"minecraft:oak_sapling":1,"minecraft:bow":2,"minecraft:wooden_pickaxe":1,"minecraft:stone_pickaxe":1,"minecraft:beef":14,"minecraft:egg":1},"minecraft:killed":{"minecraft:spider":4,"minecraft:skeleton":9,"minecraft:chicken":1,"minecraft:pig":5,"minecraft:rabbit":2,"minecraft:sheep":11,"minecraft:zombie":16,"minecraft:cow":15}},"DataVersion":3465}