{"stats":{"minecraft:dropped":{"minecraft:wheat_seeds":2,"minecraft:coarse_dirt":1,"minecraft:cobblestone":67,"minecraft:stick":2,"simpleores:copper_pickaxe":1,"minecraft:diorite":7,"minecraft:wooden_axe":1,"minecraft:wooden_pickaxe":1,"minecraft:stone_pickaxe":1},"minecraft:mined":{"minecraft:white_bed":2,"minecraft:crafting_table":10,"minecraft:torch":4,"minecraft:grass_block":8,"minecraft:tall_grass":6,"minecraft:copper_ore":24,"minecraft:cobblestone":11,"minecraft:spruce_leaves":1,"minecraft:oak_planks":23,"minecraft:lapis_ore":2,"minecraft:sugar_cane":5,"minecraft:diorite":58,"minecraft:wall_torch":1,"minecraft:spawner":1,"minecraft:coarse_dirt":1,"minecraft:furnace":5,"simpleores:deepslate_mythril_ore":2,"minecraft:iron_ore":111,"minecraft:sweet_berry_bush":51,"minecraft:spruce_log":2,"minecraft:deepslate_lapis_ore":5,"minecraft:grass":4,"simpleores:mythril_ore":9,"minecraft:oak_log":16,"minecraft:coal_ore":133,"minecraft:deepslate_iron_ore":19,"minecraft:dirt":11,"minecraft:cobweb":9,"simpleores:tin_ore":29,"minecraft:stone":101,"minecraft:deepslate":3,"minecraft:fern":1},"minecraft:picked_up":{"simpleores:copper_axe":1,"minecraft:crafting_table":11,"minecraft:coarse_dirt":1,"minecraft:cooked_beef":2,"minecraft:glow_ink_sac":1,"minecraft:leather":18,"simpleores:copper_boots":1,"simpleores:copper_helmet":1,"minecraft:oak_log":16,"minecraft:lapis_lazuli":38,"minecraft:dirt":19,"minecraft:raw_copper":137,"minecraft:cooked_mutton":1,"simpleores:copper_bucket":1,"simpleores:raw_mythril":10,"minecraft:wheat_seeds":6,"minecraft:cobbled_deepslate":4,"minecraft:iron_ingot":1,"minecraft:beef":18,"minecraft:oak_boat":4,"simpleores:raw_tin":118,"minecraft:light_gray_wool":2,"simpleores:copper_chestplate":1,"minecraft:sugar_cane":24,"minecraft:oak_planks":23,"minecraft:furnace":7,"simpleores:copper_leggings":1,"minecraft:stick":1,"minecraft:raw_iron":155,"minecraft:cooked_porkchop":4,"minecraft:sweet_berries":178,"minecraft:copper_ingot":3,"minecraft:torch":9,"minecraft:porkchop":4,"minecraft:diorite":67,"minecraft:white_bed":3,"minecraft:spruce_log":2,"simpleores:copper_pickaxe":2,"minecraft:arrow":2,"minecraft:rotten_flesh":4,"minecraft:mutton":40,"minecraft:coal":289,"minecraft:white_wool":17,"minecraft:cobblestone":214},"minecraft:used":{"minecraft:cooked_mutton":6,"minecraft:diorite":47,"minecraft:stone_pickaxe":116,"minecraft:chest":1,"minecraft:shield":5,"minecraft:wooden_pickaxe":11,"minecraft:iron_sword":11,"minecraft:torch":127,"simpleores:copper_axe":112,"minecraft:dirt":19,"minecraft:crafting_table":12,"minecraft:white_bed":4,"minecraft:oak_log":4,"simpleores:copper_pickaxe":185,"minecraft:wooden_axe":29,"minecraft:iron_pickaxe":203,"minecraft:light_gray_wool":1,"minecraft:cobblestone":84,"minecraft:sweet_berries":57,"minecraft:furnace":7,"minecraft:cooked_porkchop":4,"minecraft:oak_boat":3,"minecraft:cooked_beef":2},"minecraft:custom":{"minecraft:interact_with_furnace":43,"minecraft:mob_kills":22,"minecraft:interact_with_crafting_table":28,"minecraft:leave_game":2,"minecraft:time_since_death":46432,"minecraft:sleep_in_bed":3,"minecraft:time_since_rest":36752,"minecraft:sprint_one_cm":258481,"minecraft:damage_blocked_by_shield":270,"minecraft:damage_taken":1349,"minecraft:walk_one_cm":253774,"minecraft:drop":13,"minecraft:damage_dealt":2284,"minecraft:swim_one_cm":18073,"minecraft:fly_one_cm":168806,"minecraft:open_chest":2,"minecraft:crouch_one_cm":5779,"minecraft:play_time":92682,"minecraft:deaths":1,"minecraft:sneak_time":2057,"minecraft:walk_under_water_one_cm":8160,"minecraft:boat_one_cm":103815,"minecraft:jump":1373,"minecraft:walk_on_water_one_cm":17279,"minecraft:total_world_time":92682,"minecraft:interact_with_smoker":1,"minecraft:fall_one_cm":30852},"minecraft:broken":{"simpleores:copper_pickaxe":1},"minecraft:crafted":{"minecraft:cooked_beef":2,"minecraft:oak_planks":48,"simpleores:copper_boots":1,"minecraft:cooked_porkchop":4,"minecraft:crafting_table":2,"minecraft:spruce_planks":8,"simpleores:copper_bucket":1,"minecraft:wooden_pickaxe":1,"minecraft:iron_sword":1,"minecraft:furnace":2,"minecraft:copper_ingot":36,"simpleores:copper_chestplate":1,"minecraft:cooked_mutton":10,"minecraft:air":0,"simpleores:copper_axe":1,"minecraft:oak_boat":1,"simpleores:copper_leggings":1,"minecraft:shield":2,"minecraft:stick":36,"minecraft:iron_ingot":19,"minecraft:iron_pickaxe":1,"minecraft:stone_pickaxe":1,"minecraft:wooden_axe":1,"minecraft:chest":1,"minecraft:white_bed":2,"minecraft:torch":84,"simpleores:copper_pickaxe":1,"simpleores:copper_helmet":1},"minecraft:killed":{"minecraft:pig":2,"minecraft:spider":1,"minecraft:skeleton":1,"minecraft:sheep":11,"minecraft:zombie":2,"minecraft:cow":5}},"DataVersion":3465}