{"stats":{"minecraft:picked_up":{"simpleores:copper_axe":1,"minecraft:fishing_rod":1,"minecraft:crafting_table":19,"minecraft:coarse_dirt":2,"minecraft:chicken":1,"simpleores:copper_helmet":1,"minecraft:string":2,"minecraft:moss_carpet":17,"minecraft:raw_copper":144,"minecraft:blackstone":4,"minecraft:cobbled_deepslate":268,"simpleores:raw_adamantium":17,"minecraft:beef":50,"minecraft:oak_boat":4,"simpleores:raw_tin":118,"minecraft:light_gray_wool":2,"minecraft:sugar_cane":28,"minecraft:egg":1,"minecraft:furnace":17,"simpleores:copper_leggings":1,"minecraft:stick":11,"minecraft:raw_iron":220,"minecraft:copper_ingot":4,"minecraft:torch":18,"minecraft:porkchop":10,"minecraft:diorite":71,"minecraft:redstone":92,"minecraft:arrow":10,"minecraft:rotten_flesh":16,"minecraft:iron_block":3,"minecraft:mutton":40,"minecraft:white_wool":18,"minecraft:cobblestone":334,"minecraft:birch_log":70,"minecraft:cooked_beef":2,"minecraft:glow_ink_sac":4,"minecraft:leather":29,"simpleores:copper_boots":1,"minecraft:tuff":67,"minecraft:oak_log":81,"minecraft:lapis_lazuli":116,"minecraft:dirt":25,"simpleores:adamantium_boots":1,"minecraft:cooked_mutton":1,"minecraft:bone":4,"simpleores:copper_bucket":1,"simpleores:raw_mythril":34,"minecraft:apple":1,"minecraft:bow":2,"minecraft:wheat_seeds":10,"minecraft:raw_gold":34,"minecraft:iron_ingot":1,"minecraft:rabbit":2,"simpleores:copper_chestplate":1,"minecraft:oak_planks":23,"minecraft:smooth_basalt":7,"minecraft:cooked_porkchop":4,"minecraft:sweet_berries":178,"minecraft:gravel":1,"minecraft:sand":212,"minecraft:white_bed":9,"minecraft:spruce_log":72,"minecraft:spider_eye":1,"simpleores:copper_pickaxe":2,"minecraft:spruce_boat":1,"minecraft:diamond":8,"minecraft:oak_sapling":1,"minecraft:coal":327},"minecraft:broken":{"simpleores:copper_bucket":1,"simpleores:copper_pickaxe":1,"minecraft:iron_pickaxe":3,"simpleores:copper_axe":1},"minecraft:crafted":{"minecraft:oak_planks":52,"simpleores:copper_boots":1,"minecraft:coal":27,"simpleores:copper_bucket":2,"minecraft:cooked_chicken":1,"minecraft:furnace":4,"simpleores:copper_chestplate":1,"minecraft:cooked_mutton":16,"simpleores:copper_axe":1,"minecraft:glass":51,"travelersbackpack:white_sleeping_bag":2,"minecraft:iron_boots":1,"minecraft:iron_axe":1,"minecraft:stone_pickaxe":1,"minecraft:chest":5,"minecraft:spruce_boat":1,"minecraft:redstone_block":10,"minecraft:cooked_rabbit":2,"simpleores:tin_ingot":59,"minecraft:cooked_beef":16,"minecraft:coal_block":9,"minecraft:cooked_porkchop":18,"minecraft:crafting_table":3,"minecraft:spruce_planks":32,"travelersbackpack:backpack_tank":4,"travelersbackpack:standard":2,"minecraft:wooden_pickaxe":1,"minecraft:iron_helmet":1,"minecraft:iron_sword":1,"minecraft:copper_ingot":95,"simpleores:adamantium_ingot":6,"minecraft:birch_planks":24,"minecraft:air":0,"simpleores:tin_block":6,"minecraft:oak_boat":1,"simpleores:copper_leggings":1,"minecraft:white_wool":2,"minecraft:iron_chestplate":1,"minecraft:shield":2,"minecraft:stick":64,"minecraft:iron_ingot":194,"minecraft:iron_pickaxe":5,"minecraft:wooden_axe":1,"simpleores:mythril_ingot":14,"minecraft:iron_block":16,"minecraft:iron_shovel":1,"minecraft:iron_leggings":1,"minecraft:white_bed":2,"minecraft:torch":188,"simpleores:copper_pickaxe":1,"simpleores:copper_helmet":1,"minecraft:lapis_block":11},"minecraft:killed_by":{"minecraft:player":2,"minecraft:creeper":1,"minecraft:skeleton":1},"minecraft:used":{"minecraft:iron_shovel":219,"minecraft:chest":2,"minecraft:shield":27,"minecraft:iron_sword":121,"minecraft:cooked_chicken":1,"minecraft:torch":224,"simpleores:copper_axe":192,"minecraft:dirt":24,"minecraft:tuff":6,"minecraft:spruce_boat":2,"minecraft:wooden_axe":29,"minecraft:iron_axe":221,"minecraft:smooth_basalt":7,"minecraft:light_gray_wool":1,"minecraft:sweet_berries":103,"minecraft:furnace":19,"minecraft:cooked_beef":10,"minecraft:cobbled_deepslate":80,"minecraft:cooked_mutton":17,"minecraft:diorite":47,"minecraft:stone_pickaxe":116,"minecraft:blackstone":2,"minecraft:wooden_pickaxe":11,"minecraft:sand":2,"minecraft:crafting_table":21,"minecraft:white_bed":8,"minecraft:oak_log":4,"simpleores:copper_pickaxe":185,"minecraft:iron_pickaxe":899,"minecraft:gravel":1,"travelersbackpack:standard":3,"minecraft:cobblestone":175,"minecraft:cooked_porkchop":15,"minecraft:cooked_rabbit":2,"minecraft:oak_boat":3,"minecraft:coarse_dirt":1},"minecraft:mined":{"minecraft:tuff":43,"minecraft:white_bed":7,"minecraft:deepslate_diamond_ore":8,"minecraft:grass_block":11,"minecraft:spruce_leaves":7,"simpleores:deepslate_adamantium_ore":15,"minecraft:spawner":2,"minecraft:large_fern":1,"minecraft:redstone_ore":13,"minecraft:furnace":16,"minecraft:iron_ore":134,"simpleores:adamantium_ore":2,"minecraft:deepslate_lapis_ore":15,"minecraft:deepslate_iron_ore":60,"simpleores:tin_ore":29,"minecraft:stone":188,"minecraft:deepslate_redstone_ore":7,"minecraft:blackstone":3,"minecraft:powder_snow":1,"minecraft:crafting_table":18,"minecraft:torch":6,"minecraft:calcite":1,"minecraft:tall_grass":10,"minecraft:copper_ore":27,"minecraft:cobblestone":26,"minecraft:deepslate_gold_ore":33,"minecraft:lapis_ore":3,"minecraft:sugar_cane":7,"minecraft:oak_planks":23,"minecraft:diorite":61,"minecraft:wall_torch":2,"minecraft:coarse_dirt":2,"minecraft:birch_log":70,"simpleores:deepslate_mythril_ore":23,"minecraft:sweet_berry_bush":51,"minecraft:spruce_log":75,"minecraft:birch_leaves":11,"minecraft:grass":14,"simpleores:mythril_ore":12,"minecraft:oak_log":90,"minecraft:coal_ore":170,"minecraft:gravel":1,"minecraft:sand":213,"minecraft:dirt":14,"minecraft:cobweb":9,"minecraft:smooth_basalt":7,"minecraft:oak_leaves":23,"minecraft:deepslate":307,"minecraft:fern":1},"minecraft:custom":{"minecraft:mob_kills":58,"minecraft:interact_with_crafting_table":80,"minecraft:leave_game":5,"minecraft:time_since_death":3977,"minecraft:sprint_one_cm":558041,"minecraft:walk_one_cm":589620,"minecraft:damage_blocked_by_shield":1680,"minecraft:drop":70,"minecraft:play_time":267708,"minecraft:deaths":9,"minecraft:sneak_time":7220,"minecraft:walk_under_water_one_cm":21094,"minecraft:boat_one_cm":121995,"minecraft:jump":4143,"minecraft:walk_on_water_one_cm":47799,"minecraft:total_world_time":267708,"minecraft:interact_with_furnace":204,"minecraft:sleep_in_bed":9,"minecraft:time_since_rest":4018,"minecraft:damage_taken":6195,"minecraft:damage_dealt":7840,"minecraft:swim_one_cm":77209,"minecraft:fly_one_cm":625994,"minecraft:open_chest":34,"minecraft:crouch_one_cm":18681,"minecraft:interact_with_smoker":1,"minecraft:fall_one_cm":129467},"minecraft:dropped":{"minecraft:wheat_seeds":6,"minecraft:lapis_lazuli":11,"minecraft:cooked_beef":5,"minecraft:glow_ink_sac":3,"minecraft:cooked_porkchop":3,"minecraft:cobblestone":88,"travelersbackpack:standard":1,"minecraft:coal":13,"minecraft:stick":2,"minecraft:iron_block":7,"minecraft:dirt":1,"minecraft:diorite":10,"minecraft:wooden_axe":1,"minecraft:sand":8,"minecraft:fishing_rod":1,"minecraft:white_wool":1,"minecraft:redstone_block":1,"minecraft:moss_carpet":17,"minecraft:blackstone":1,"minecraft:coarse_dirt":1,"minecraft:cobbled_deepslate":20,"minecraft:tuff":54,"minecraft:rotten_flesh":9,"simpleores:raw_adamantium":1,"minecraft:oak_planks":2,"minecraft:white_bed":1,"simpleores:copper_pickaxe":1,"minecraft:oak_sapling":1,"minecraft:wooden_pickaxe":1,"minecraft:stone_pickaxe":1,"minecraft:beef":14,"minecraft:egg":1},"minecraft:killed":{"minecraft:spider":2,"minecraft:skeleton":8,"minecraft:chicken":1,"minecraft:pig":4,"minecraft:rabbit":2,"minecraft:sheep":11,"minecraft:zombie":14,"minecraft:cow":15}},"DataVersion":3465}