{"stats":{"minecraft:killed":{"minecraft:pig":2,"minecraft:cow":2},"minecraft:crafted":{"minecraft:cooked_beef":2,"minecraft:oak_planks":44,"simpleores:copper_leggings":1,"minecraft:cooked_porkchop":4,"minecraft:crafting_table":1,"minecraft:stick":12,"minecraft:iron_ingot":1,"minecraft:wooden_pickaxe":1,"minecraft:stone_pickaxe":1,"minecraft:wooden_axe":1,"minecraft:furnace":2,"minecraft:copper_ingot":13,"minecraft:torch":8},"minecraft:mined":{"minecraft:iron_ore":1,"minecraft:sweet_berry_bush":23,"minecraft:crafting_table":2,"minecraft:coal_ore":32,"minecraft:grass_block":4,"minecraft:oak_log":15,"minecraft:dirt":5,"minecraft:copper_ore":9,"minecraft:stone":85,"minecraft:fern":1},"minecraft:picked_up":{"minecraft:crafting_table":2,"minecraft:raw_iron":1,"minecraft:sweet_berries":55,"minecraft:leather":3,"minecraft:porkchop":4,"minecraft:oak_log":15,"minecraft:dirt":9,"minecraft:raw_copper":36,"minecraft:beef":2,"minecraft:coal":32,"minecraft:cobblestone":84},"minecraft:used":{"minecraft:oak_log":4,"minecraft:wooden_axe":29,"minecraft:stone_pickaxe":116,"minecraft:wooden_pickaxe":11,"minecraft:torch":1,"minecraft:dirt":9,"minecraft:cobblestone":3,"minecraft:crafting_table":3,"minecraft:sweet_berries":16,"minecraft:furnace":2},"minecraft:custom":{"minecraft:time_since_rest":18386,"minecraft:interact_with_furnace":16,"minecraft:sprint_one_cm":31609,"minecraft:damage_taken":30,"minecraft:walk_one_cm":32322,"minecraft:mob_kills":4,"minecraft:damage_dealt":410,"minecraft:swim_one_cm":3217,"minecraft:interact_with_crafting_table":7,"minecraft:fly_one_cm":8669,"minecraft:crouch_one_cm":502,"minecraft:play_time":18386,"minecraft:sneak_time":241,"minecraft:walk_under_water_one_cm":4036,"minecraft:jump":137,"minecraft:leave_game":1,"minecraft:time_since_death":18386,"minecraft:walk_on_water_one_cm":3680,"minecraft:total_world_time":18386,"minecraft:fall_one_cm":2044}},"DataVersion":3465}