{"stats":{"minecraft:killed":{"minecraft:sheep":3,"minecraft:pig":2,"minecraft:cow":2},"minecraft:crafted":{"minecraft:cooked_beef":2,"minecraft:oak_boat":1,"minecraft:oak_planks":44,"simpleores:copper_leggings":1,"simpleores:copper_boots":1,"minecraft:cooked_porkchop":4,"minecraft:shield":1,"minecraft:crafting_table":1,"minecraft:stick":12,"simpleores:copper_bucket":1,"minecraft:iron_ingot":1,"minecraft:wooden_pickaxe":1,"minecraft:stone_pickaxe":1,"minecraft:wooden_axe":1,"minecraft:furnace":2,"minecraft:copper_ingot":36,"minecraft:torch":8,"simpleores:copper_pickaxe":1,"simpleores:copper_chestplate":1,"simpleores:copper_helmet":1,"simpleores:copper_axe":1},"minecraft:dropped":{"simpleores:copper_pickaxe":1,"minecraft:wooden_axe":1,"minecraft:cobblestone":1,"minecraft:wooden_pickaxe":1,"minecraft:stone_pickaxe":1},"minecraft:mined":{"minecraft:furnace":2,"minecraft:iron_ore":1,"minecraft:sweet_berry_bush":47,"minecraft:crafting_table":4,"minecraft:coal_ore":32,"minecraft:grass_block":6,"minecraft:oak_log":15,"minecraft:dirt":11,"minecraft:copper_ore":9,"simpleores:tin_ore":10,"minecraft:sugar_cane":5,"minecraft:stone":89,"minecraft:fern":1},"minecraft:picked_up":{"minecraft:crafting_table":4,"minecraft:raw_iron":1,"minecraft:sweet_berries":110,"minecraft:leather":3,"minecraft:porkchop":4,"minecraft:oak_log":15,"minecraft:dirt":17,"minecraft:raw_copper":36,"simpleores:copper_pickaxe":1,"minecraft:beef":2,"minecraft:oak_boat":1,"simpleores:raw_tin":19,"minecraft:sugar_cane":12,"minecraft:white_wool":3,"minecraft:mutton":3,"minecraft:coal":32,"minecraft:cobblestone":88,"minecraft:furnace":2},"minecraft:used":{"minecraft:oak_log":4,"simpleores:copper_pickaxe":18,"minecraft:wooden_axe":29,"minecraft:stone_pickaxe":116,"minecraft:wooden_pickaxe":11,"minecraft:torch":1,"simpleores:copper_axe":36,"minecraft:dirt":17,"minecraft:cobblestone":5,"minecraft:crafting_table":5,"minecraft:sweet_berries":31,"minecraft:furnace":2,"minecraft:oak_boat":1},"minecraft:custom":{"minecraft:time_since_rest":30386,"minecraft:interact_with_furnace":25,"minecraft:sprint_one_cm":71367,"minecraft:damage_taken":47,"minecraft:walk_one_cm":53500,"minecraft:mob_kills":7,"minecraft:drop":5,"minecraft:damage_dealt":650,"minecraft:swim_one_cm":3217,"minecraft:interact_with_crafting_table":16,"minecraft:fly_one_cm":39945,"minecraft:crouch_one_cm":1380,"minecraft:play_time":30386,"minecraft:sneak_time":527,"minecraft:walk_under_water_one_cm":4036,"minecraft:boat_one_cm":87480,"minecraft:jump":290,"minecraft:leave_game":1,"minecraft:time_since_death":30386,"minecraft:walk_on_water_one_cm":4035,"minecraft:interact_with_smoker":1,"minecraft:total_world_time":30386,"minecraft:fall_one_cm":5154}},"DataVersion":3465}