{"stats":{"minecraft:crafted":{"minecraft:oak_planks":24,"minecraft:crafting_table":1,"minecraft:stick":8,"minecraft:stone_pickaxe":1,"minecraft:wooden_pickaxe":1,"minecraft:wooden_axe":1},"minecraft:mined":{"minecraft:grass_block":3,"minecraft:oak_log":14,"minecraft:dirt":3,"minecraft:stone":34,"minecraft:crafting_table":1},"minecraft:used":{"minecraft:wooden_axe":15,"minecraft:crafting_table":2,"minecraft:stone_pickaxe":23,"minecraft:wooden_pickaxe":11},"minecraft:picked_up":{"minecraft:crafting_table":1,"minecraft:oak_log":14,"minecraft:dirt":6,"minecraft:cobblestone":34},"minecraft:custom":{"minecraft:time_since_rest":6386,"minecraft:crouch_one_cm":252,"minecraft:play_time":6386,"minecraft:sprint_one_cm":9676,"minecraft:damage_taken":10,"minecraft:walk_one_cm":10276,"minecraft:sneak_time":63,"minecraft:jump":44,"minecraft:damage_dealt":10,"minecraft:leave_game":1,"minecraft:time_since_death":6386,"minecraft:total_world_time":6386,"minecraft:fall_one_cm":813,"minecraft:interact_with_crafting_table":2,"minecraft:fly_one_cm":1885}},"DataVersion":3465}