{"stats":{"minecraft:picked_up":{"simpleores:copper_axe":1,"minecraft:crafting_table":15,"minecraft:coarse_dirt":1,"minecraft:chicken":1,"simpleores:copper_helmet":1,"minecraft:string":2,"minecraft:raw_copper":144,"minecraft:blackstone":4,"minecraft:cobbled_deepslate":58,"simpleores:raw_adamantium":6,"minecraft:beef":18,"minecraft:oak_boat":4,"simpleores:raw_tin":118,"minecraft:light_gray_wool":2,"minecraft:sugar_cane":24,"minecraft:furnace":15,"simpleores:copper_leggings":1,"minecraft:stick":9,"minecraft:raw_iron":169,"minecraft:copper_ingot":4,"minecraft:torch":11,"minecraft:porkchop":4,"minecraft:diorite":71,"minecraft:redstone":9,"minecraft:arrow":7,"minecraft:rotten_flesh":7,"minecraft:mutton":40,"minecraft:white_wool":17,"minecraft:cobblestone":273,"minecraft:birch_log":32,"minecraft:cooked_beef":2,"minecraft:glow_ink_sac":1,"minecraft:leather":18,"simpleores:copper_boots":1,"minecraft:tuff":16,"minecraft:oak_log":81,"minecraft:lapis_lazuli":55,"minecraft:dirt":19,"minecraft:cooked_mutton":1,"minecraft:bone":2,"simpleores:copper_bucket":1,"simpleores:raw_mythril":22,"minecraft:apple":1,"minecraft:bow":1,"minecraft:wheat_seeds":7,"minecraft:iron_ingot":1,"minecraft:rabbit":2,"simpleores:copper_chestplate":1,"minecraft:oak_planks":23,"minecraft:smooth_basalt":7,"minecraft:cooked_porkchop":4,"minecraft:sweet_berries":178,"minecraft:gravel":1,"minecraft:sand":51,"minecraft:white_bed":4,"minecraft:spruce_log":2,"minecraft:spider_eye":1,"simpleores:copper_pickaxe":2,"minecraft:diamond":4,"minecraft:oak_sapling":1,"minecraft:coal":310},"minecraft:broken":{"simpleores:copper_pickaxe":1,"minecraft:iron_pickaxe":1,"simpleores:copper_axe":1},"minecraft:crafted":{"minecraft:oak_planks":52,"simpleores:copper_boots":1,"simpleores:copper_bucket":1,"minecraft:cooked_chicken":1,"minecraft:furnace":4,"simpleores:copper_chestplate":1,"minecraft:cooked_mutton":16,"simpleores:copper_axe":1,"minecraft:glass":24,"travelersbackpack:white_sleeping_bag":1,"minecraft:iron_boots":1,"minecraft:iron_axe":1,"minecraft:stone_pickaxe":1,"minecraft:chest":1,"minecraft:redstone_block":1,"minecraft:cooked_rabbit":2,"minecraft:cooked_beef":2,"simpleores:tin_ingot":59,"minecraft:coal_block":9,"minecraft:cooked_porkchop":4,"minecraft:crafting_table":2,"minecraft:spruce_planks":8,"travelersbackpack:backpack_tank":2,"minecraft:wooden_pickaxe":1,"minecraft:iron_helmet":1,"minecraft:iron_sword":1,"minecraft:copper_ingot":95,"simpleores:adamantium_ingot":6,"minecraft:air":0,"simpleores:tin_block":6,"minecraft:oak_boat":1,"simpleores:copper_leggings":1,"minecraft:iron_chestplate":1,"minecraft:shield":2,"minecraft:stick":52,"minecraft:iron_ingot":185,"minecraft:iron_pickaxe":3,"minecraft:wooden_axe":1,"simpleores:mythril_ingot":14,"minecraft:iron_block":16,"minecraft:iron_shovel":1,"minecraft:iron_leggings":1,"minecraft:white_bed":2,"minecraft:torch":116,"simpleores:copper_pickaxe":1,"simpleores:copper_helmet":1,"minecraft:lapis_block":5},"minecraft:killed_by":{"minecraft:creeper":1},"minecraft:used":{"minecraft:iron_shovel":52,"minecraft:chest":1,"minecraft:shield":18,"minecraft:iron_sword":50,"minecraft:cooked_chicken":1,"minecraft:torch":171,"simpleores:copper_axe":192,"minecraft:dirt":19,"minecraft:tuff":1,"minecraft:wooden_axe":29,"minecraft:iron_axe":65,"minecraft:smooth_basalt":7,"minecraft:light_gray_wool":1,"minecraft:sweet_berries":103,"minecraft:furnace":15,"minecraft:cooked_beef":2,"minecraft:cobbled_deepslate":60,"minecraft:cooked_mutton":17,"minecraft:diorite":47,"minecraft:stone_pickaxe":116,"minecraft:blackstone":2,"minecraft:wooden_pickaxe":11,"minecraft:crafting_table":16,"minecraft:white_bed":4,"minecraft:oak_log":4,"simpleores:copper_pickaxe":185,"minecraft:iron_pickaxe":418,"minecraft:gravel":1,"minecraft:cobblestone":123,"minecraft:cooked_porkchop":4,"minecraft:cooked_rabbit":2,"minecraft:oak_boat":3},"minecraft:mined":{"minecraft:tuff":17,"minecraft:white_bed":3,"minecraft:deepslate_diamond_ore":4,"minecraft:grass_block":8,"minecraft:spruce_leaves":1,"simpleores:deepslate_adamantium_ore":6,"minecraft:spawner":1,"minecraft:furnace":13,"minecraft:iron_ore":117,"minecraft:deepslate_lapis_ore":7,"minecraft:deepslate_iron_ore":27,"simpleores:tin_ore":29,"minecraft:stone":149,"minecraft:deepslate_redstone_ore":2,"minecraft:blackstone":3,"minecraft:powder_snow":1,"minecraft:crafting_table":14,"minecraft:torch":5,"minecraft:calcite":1,"minecraft:tall_grass":8,"minecraft:copper_ore":27,"minecraft:cobblestone":23,"minecraft:lapis_ore":2,"minecraft:sugar_cane":5,"minecraft:oak_planks":23,"minecraft:diorite":61,"minecraft:wall_torch":2,"minecraft:coarse_dirt":1,"minecraft:birch_log":32,"simpleores:deepslate_mythril_ore":13,"minecraft:sweet_berry_bush":51,"minecraft:spruce_log":2,"minecraft:birch_leaves":6,"minecraft:grass":8,"simpleores:mythril_ore":10,"minecraft:oak_log":90,"minecraft:coal_ore":154,"minecraft:gravel":1,"minecraft:sand":52,"minecraft:dirt":11,"minecraft:cobweb":9,"minecraft:smooth_basalt":7,"minecraft:oak_leaves":20,"minecraft:deepslate":52,"minecraft:fern":1},"minecraft:custom":{"minecraft:mob_kills":33,"minecraft:interact_with_crafting_table":59,"minecraft:leave_game":4,"minecraft:time_since_death":30003,"minecraft:sprint_one_cm":352784,"minecraft:walk_one_cm":371525,"minecraft:damage_blocked_by_shield":1180,"minecraft:drop":25,"minecraft:play_time":160121,"minecraft:deaths":2,"minecraft:sneak_time":4166,"minecraft:walk_under_water_one_cm":9273,"minecraft:boat_one_cm":103815,"minecraft:jump":2327,"minecraft:walk_on_water_one_cm":21199,"minecraft:total_world_time":160121,"minecraft:interact_with_furnace":173,"minecraft:sleep_in_bed":5,"minecraft:time_since_rest":782,"minecraft:damage_taken":2899,"minecraft:damage_dealt":3804,"minecraft:swim_one_cm":24462,"minecraft:fly_one_cm":294324,"minecraft:open_chest":15,"minecraft:crouch_one_cm":10176,"minecraft:interact_with_smoker":1,"minecraft:fall_one_cm":56317},"minecraft:dropped":{"minecraft:wheat_seeds":3,"minecraft:lapis_lazuli":4,"minecraft:cobblestone":67,"minecraft:stick":2,"minecraft:diorite":10,"minecraft:wooden_axe":1,"minecraft:blackstone":1,"minecraft:coarse_dirt":1,"minecraft:tuff":15,"minecraft:oak_planks":2,"simpleores:copper_pickaxe":1,"minecraft:oak_sapling":1,"minecraft:wooden_pickaxe":1,"minecraft:stone_pickaxe":1},"minecraft:killed":{"minecraft:spider":2,"minecraft:skeleton":4,"minecraft:chicken":1,"minecraft:pig":2,"minecraft:rabbit":2,"minecraft:sheep":11,"minecraft:zombie":6,"minecraft:cow":5}},"DataVersion":3465}