{"stats":{"minecraft:killed":{"minecraft:salmon":2,"minecraft:spider":2,"minecraft:sheep":2,"minecraft:zombie":1},"minecraft:crafted":{"minecraft:oak_planks":132,"simpleores:copper_boots":1,"minecraft:crafting_table":2,"minecraft:wooden_pickaxe":1,"minecraft:furnace":3,"minecraft:copper_ingot":26,"minecraft:stone_axe":1,"simpleores:copper_chestplate":1,"minecraft:cooked_mutton":3,"minecraft:air":0,"simpleores:copper_axe":1,"simpleores:copper_leggings":1,"minecraft:stick":40,"minecraft:iron_ingot":7,"minecraft:iron_pickaxe":2,"minecraft:stone_pickaxe":1,"minecraft:stone_sword":1,"minecraft:white_bed":1,"minecraft:torch":112,"simpleores:copper_helmet":1},"minecraft:dropped":{"simpleores:tin_pickaxe":2,"minecraft:rotten_flesh":1,"minecraft:white_bed":1,"minecraft:salmon":2,"simpleores:tin_ingot":1},"minecraft:mined":{"minecraft:crafting_table":4,"minecraft:granite":3,"minecraft:grass_block":2,"minecraft:copper_ore":27,"minecraft:diorite":5,"minecraft:furnace":3,"minecraft:birch_log":6,"minecraft:iron_ore":16,"minecraft:sweet_berry_bush":1,"minecraft:coal_ore":64,"minecraft:oak_log":33,"minecraft:dirt":4,"simpleores:tin_ore":7,"minecraft:stone":73,"minecraft:oak_leaves":5},"minecraft:used":{"minecraft:cooked_mutton":3,"minecraft:stone_sword":15,"minecraft:stone_pickaxe":114,"minecraft:wooden_pickaxe":5,"minecraft:torch":36,"simpleores:copper_axe":14,"minecraft:crafting_table":6,"minecraft:iron_pickaxe":94,"minecraft:stone_axe":26,"minecraft:cobblestone":15,"minecraft:sweet_berries":4,"minecraft:furnace":6},"minecraft:picked_up":{"minecraft:birch_log":6,"minecraft:crafting_table":5,"minecraft:salmon":2,"minecraft:brown_wool":1,"minecraft:oak_log":33,"minecraft:gunpowder":1,"minecraft:dirt":6,"simpleores:tin_pickaxe":2,"minecraft:string":3,"minecraft:raw_copper":191,"simpleores:raw_tin":13,"minecraft:furnace":3,"minecraft:stick":1,"minecraft:raw_iron":16,"minecraft:sweet_berries":3,"minecraft:copper_ingot":2,"minecraft:diorite":5,"minecraft:white_bed":1,"minecraft:rotten_flesh":6,"simpleores:tin_ingot":1,"minecraft:granite":3,"minecraft:mutton":7,"minecraft:coal":135,"minecraft:white_wool":3,"minecraft:cobblestone":87},"minecraft:custom":{"minecraft:interact_with_furnace":33,"minecraft:mob_kills":8,"minecraft:interact_with_crafting_table":29,"minecraft:time_since_death":29566,"minecraft:climb_one_cm":189,"minecraft:time_since_rest":29566,"minecraft:sprint_one_cm":59175,"minecraft:damage_taken":372,"minecraft:walk_one_cm":113136,"minecraft:drop":6,"minecraft:damage_dealt":912,"minecraft:swim_one_cm":494,"minecraft:fly_one_cm":36651,"minecraft:crouch_one_cm":932,"minecraft:play_time":29566,"minecraft:sneak_time":439,"minecraft:walk_under_water_one_cm":3021,"minecraft:jump":344,"minecraft:walk_on_water_one_cm":3563,"minecraft:total_world_time":29566,"minecraft:fall_one_cm":5013}},"DataVersion":3465}