{"stats":{"minecraft:killed":{"minecraft:zombie":1},"minecraft:crafted":{"minecraft:oak_planks":24,"minecraft:crafting_table":1,"minecraft:stick":24,"minecraft:wooden_pickaxe":1,"minecraft:iron_ingot":3,"minecraft:iron_pickaxe":1,"minecraft:stone_pickaxe":1,"minecraft:stone_sword":1,"minecraft:furnace":2,"minecraft:copper_ingot":8,"minecraft:torch":44,"minecraft:stone_axe":1,"simpleores:copper_helmet":1,"minecraft:air":0,"simpleores:copper_axe":1},"minecraft:mined":{"minecraft:furnace":2,"minecraft:birch_log":6,"minecraft:iron_ore":4,"minecraft:crafting_table":3,"minecraft:granite":3,"minecraft:oak_log":26,"minecraft:grass_block":2,"minecraft:coal_ore":62,"minecraft:dirt":4,"minecraft:copper_ore":27,"minecraft:stone":70,"minecraft:diorite":5,"minecraft:oak_leaves":4},"minecraft:used":{"minecraft:stone_sword":5,"minecraft:stone_pickaxe":114,"minecraft:iron_pickaxe":66,"minecraft:wooden_pickaxe":5,"minecraft:stone_axe":23,"minecraft:torch":15,"simpleores:copper_axe":5,"minecraft:cobblestone":15,"minecraft:crafting_table":4,"minecraft:furnace":4},"minecraft:picked_up":{"minecraft:birch_log":6,"minecraft:stick":1,"minecraft:crafting_table":3,"minecraft:raw_iron":4,"minecraft:oak_log":25,"minecraft:diorite":5,"minecraft:string":2,"minecraft:dirt":6,"minecraft:raw_copper":91,"minecraft:rotten_flesh":1,"minecraft:granite":3,"minecraft:mutton":3,"minecraft:coal":88,"minecraft:white_wool":2,"minecraft:cobblestone":72,"minecraft:furnace":2},"minecraft:custom":{"minecraft:time_since_rest":17566,"minecraft:interact_with_furnace":16,"minecraft:sprint_one_cm":19341,"minecraft:damage_taken":160,"minecraft:walk_one_cm":67992,"minecraft:mob_kills":1,"minecraft:damage_dealt":326,"minecraft:interact_with_crafting_table":14,"minecraft:fly_one_cm":12213,"minecraft:crouch_one_cm":648,"minecraft:play_time":17566,"minecraft:sneak_time":389,"minecraft:walk_under_water_one_cm":187,"minecraft:jump":165,"minecraft:time_since_death":17566,"minecraft:walk_on_water_one_cm":1589,"minecraft:total_world_time":17566,"minecraft:fall_one_cm":2067}},"DataVersion":3465}