{"stats":{"minecraft:used":{"minecraft:cooked_mutton":7,"minecraft:stone_sword":29,"simpleores:mythril_pickaxe":124,"minecraft:stone_pickaxe":115,"minecraft:wooden_pickaxe":5,"minecraft:shield":16,"minecraft:rotten_flesh":5,"minecraft:torch":127,"simpleores:copper_axe":33,"minecraft:dirt":20,"minecraft:crafting_table":8,"minecraft:white_bed":1,"minecraft:iron_pickaxe":345,"minecraft:fishing_rod":11,"minecraft:stone_axe":26,"minecraft:cobblestone":16,"minecraft:sweet_berries":4,"minecraft:furnace":11,"minecraft:cobbled_deepslate":10},"minecraft:broken":{"minecraft:iron_pickaxe":1},"minecraft:crafted":{"minecraft:oak_planks":132,"simpleores:copper_boots":1,"minecraft:fishing_rod":1,"simpleores:mythril_pickaxe":1,"minecraft:crafting_table":3,"minecraft:wooden_pickaxe":1,"minecraft:furnace":4,"minecraft:copper_ingot":26,"minecraft:stone_axe":1,"simpleores:copper_chestplate":1,"minecraft:cooked_mutton":11,"minecraft:air":0,"simpleores:copper_axe":1,"simpleores:copper_leggings":1,"minecraft:shield":1,"minecraft:stick":60,"minecraft:iron_ingot":8,"minecraft:iron_pickaxe":2,"minecraft:stone_pickaxe":1,"simpleores:mythril_ingot":6,"minecraft:stone_sword":1,"minecraft:gold_ingot":1,"minecraft:white_bed":1,"minecraft:torch":112,"simpleores:copper_helmet":1},"minecraft:custom":{"minecraft:interact_with_furnace":58,"minecraft:mob_kills":13,"minecraft:interact_with_crafting_table":38,"minecraft:leave_game":1,"minecraft:time_since_death":37504,"minecraft:sleep_in_bed":1,"minecraft:climb_one_cm":288,"minecraft:time_since_rest":37541,"minecraft:sprint_one_cm":130549,"minecraft:damage_taken":959,"minecraft:walk_one_cm":257234,"minecraft:damage_blocked_by_shield":910,"minecraft:drop":6,"minecraft:damage_dealt":2611,"minecraft:swim_one_cm":1677,"minecraft:fly_one_cm":108128,"minecraft:open_chest":17,"minecraft:play_time":71850,"minecraft:crouch_one_cm":3190,"minecraft:sneak_time":1497,"minecraft:deaths":1,"minecraft:walk_under_water_one_cm":3714,"minecraft:jump":1079,"minecraft:walk_on_water_one_cm":10876,"minecraft:total_world_time":71850,"minecraft:fish_caught":8,"minecraft:fall_one_cm":15705},"minecraft:mined":{"minecraft:deepslate_redstone_ore":5,"minecraft:tuff":11,"minecraft:white_bed":1,"minecraft:deepslate_diamond_ore":6,"minecraft:crafting_table":6,"minecraft:torch":1,"minecraft:granite":3,"minecraft:calcite":10,"minecraft:grass_block":4,"minecraft:copper_ore":27,"simpleores:deepslate_adamantium_ore":8,"minecraft:deepslate_gold_ore":4,"minecraft:lapis_ore":2,"minecraft:diorite":7,"minecraft:amethyst_block":14,"minecraft:redstone_ore":1,"minecraft:furnace":5,"simpleores:deepslate_mythril_ore":14,"minecraft:birch_log":6,"minecraft:iron_ore":18,"minecraft:sweet_berry_bush":1,"simpleores:deepslate_tin_ore":2,"minecraft:deepslate_lapis_ore":3,"minecraft:grass":2,"minecraft:coal_ore":69,"minecraft:oak_log":33,"minecraft:deepslate_iron_ore":43,"minecraft:gravel":23,"minecraft:dirt":19,"minecraft:smooth_basalt":5,"simpleores:tin_ore":7,"minecraft:stone":195,"minecraft:gold_ore":7,"minecraft:oak_leaves":10,"minecraft:deepslate":82},"minecraft:picked_up":{"simpleores:copper_axe":1,"minecraft:birch_log":12,"minecraft:crafting_table":8,"minecraft:salmon":5,"minecraft:brown_wool":2,"minecraft:leather":2,"minecraft:wooden_pickaxe":2,"simpleores:copper_boots":1,"simpleores:copper_helmet":1,"minecraft:flint":3,"minecraft:tuff":11,"minecraft:oak_log":33,"minecraft:gunpowder":2,"minecraft:amethyst_block":14,"simpleores:tin_pickaxe":2,"minecraft:lapis_lazuli":36,"minecraft:string":7,"minecraft:dirt":29,"minecraft:raw_copper":254,"minecraft:leather_boots":1,"minecraft:pufferfish":2,"simpleores:raw_mythril":15,"minecraft:cobbled_deepslate":78,"minecraft:raw_gold":11,"simpleores:raw_adamantium":8,"minecraft:iron_ingot":1,"minecraft:stone_pickaxe":1,"simpleores:raw_tin":28,"minecraft:calcite":10,"minecraft:iron_pickaxe":1,"simpleores:copper_chestplate":1,"minecraft:oak_planks":98,"minecraft:furnace":5,"simpleores:copper_leggings":1,"minecraft:stick":1,"minecraft:raw_iron":60,"minecraft:smooth_basalt":5,"minecraft:sweet_berries":4,"minecraft:copper_ingot":2,"minecraft:torch":79,"minecraft:gravel":20,"minecraft:diorite":12,"minecraft:white_bed":3,"minecraft:redstone":29,"minecraft:stone_sword":1,"minecraft:rotten_flesh":11,"minecraft:diamond":6,"minecraft:stone_axe":1,"simpleores:tin_ingot":1,"minecraft:granite":6,"pfm:furniture_book":1,"minecraft:mutton":11,"minecraft:coal":177,"minecraft:cod":3,"minecraft:white_wool":3,"minecraft:cobblestone":248},"minecraft:killed_by":{"minecraft:skeleton":1},"minecraft:dropped":{"simpleores:tin_pickaxe":2,"minecraft:rotten_flesh":1,"minecraft:white_bed":1,"minecraft:salmon":2,"simpleores:tin_ingot":1},"minecraft:killed":{"minecraft:salmon":2,"minecraft:spider":2,"minecraft:horse":1,"minecraft:sheep":2,"minecraft:zombie":3,"minecraft:drowned":1,"minecraft:enderman":1}},"DataVersion":3465}