{"stats":{"minecraft:picked_up":{"simpleores:copper_axe":2,"minecraft:fishing_rod":1,"minecraft:crafting_table":8,"minecraft:chicken":12,"minecraft:wooden_pickaxe":2,"simpleores:copper_helmet":2,"minecraft:enchanted_book":3,"minecraft:shield":1,"minecraft:amethyst_block":28,"minecraft:string":20,"minecraft:raw_copper":380,"minecraft:iron_leggings":1,"minecraft:pufferfish":6,"minecraft:cobbled_deepslate":604,"simpleores:raw_adamantium":69,"minecraft:beef":15,"simpleores:raw_tin":56,"minecraft:calcite":20,"minecraft:iron_pickaxe":1,"minecraft:enchanted_golden_apple":1,"minecraft:sugar_cane":12,"minecraft:chest":4,"minecraft:birch_sapling":3,"simpleores:adamantium_ingot":13,"minecraft:furnace":14,"minecraft:egg":3,"simpleores:copper_leggings":2,"minecraft:stick":12,"minecraft:raw_iron":168,"simpleores:mythril_ingot":5,"minecraft:copper_ingot":2,"minecraft:torch":137,"minecraft:cherry_log":2,"minecraft:diorite":21,"minecraft:redstone":64,"minecraft:iron_horse_armor":1,"minecraft:stone_sword":2,"minecraft:arrow":22,"minecraft:rotten_flesh":95,"minecraft:gold_ingot":4,"minecraft:mutton":17,"minecraft:cod":25,"minecraft:snowball":2,"minecraft:white_wool":10,"minecraft:cobblestone":665,"minecraft:birch_log":57,"simpleores:mythril_axe":1,"minecraft:feather":6,"minecraft:cooked_beef":5,"minecraft:glow_ink_sac":20,"minecraft:salmon":64,"minecraft:brown_wool":4,"minecraft:leather":17,"simpleores:copper_boots":2,"minecraft:flint":7,"minecraft:tuff":128,"minecraft:oak_log":124,"simpleores:mythril_pickaxe":1,"minecraft:gunpowder":4,"minecraft:lapis_lazuli":135,"simpleores:tin_pickaxe":2,"minecraft:dirt":112,"minecraft:leather_boots":2,"minecraft:bone":32,"simpleores:raw_mythril":24,"minecraft:apple":1,"minecraft:bow":3,"minecraft:wheat_seeds":1,"minecraft:raw_gold":78,"minecraft:iron_ingot":10,"minecraft:stone_pickaxe":1,"simpleores:copper_chestplate":2,"minecraft:oak_planks":257,"minecraft:smooth_basalt":10,"minecraft:black_candle":2,"minecraft:cooked_porkchop":6,"minecraft:sweet_berries":13,"minecraft:lava_bucket":2,"minecraft:raw_iron_block":4,"minecraft:gravel":48,"minecraft:sand":19,"minecraft:white_bed":6,"minecraft:grass_block":2,"minecraft:spider_eye":4,"minecraft:mossy_cobblestone":6,"minecraft:diamond":29,"minecraft:stone_axe":2,"simpleores:tin_ingot":1,"minecraft:iron_helmet":1,"minecraft:granite":9,"minecraft:bone_meal":10,"pfm:furniture_book":3,"minecraft:oak_sapling":20,"minecraft:coal":384,"minecraft:ender_pearl":1},"minecraft:broken":{"minecraft:shield":1,"minecraft:iron_pickaxe":1},"minecraft:crafted":{"minecraft:cherry_planks":8,"minecraft:oak_planks":428,"simpleores:copper_boots":1,"minecraft:fishing_rod":2,"simpleores:adamantium_chestplate":1,"minecraft:furnace":5,"simpleores:copper_chestplate":1,"minecraft:cooked_mutton":11,"simpleores:copper_axe":1,"minecraft:glass":19,"simpleores:adamantium_boots":2,"minecraft:iron_hoe":1,"minecraft:stone_pickaxe":2,"minecraft:chest":4,"simpleores:adamantium_pickaxe":2,"minecraft:cooked_cod":5,"minecraft:diamond_sword":1,"simpleores:mythril_pickaxe":1,"minecraft:diamond_axe":1,"minecraft:crafting_table":8,"travelersbackpack:backpack_tank":3,"minecraft:iron_helmet":1,"minecraft:wooden_pickaxe":1,"minecraft:cooked_salmon":47,"minecraft:copper_ingot":26,"simpleores:adamantium_ingot":34,"minecraft:birch_planks":28,"minecraft:stone_axe":1,"minecraft:air":0,"simpleores:adamantium_leggings":1,"simpleores:copper_leggings":1,"minecraft:white_wool":1,"simpleores:adamantium_helmet":1,"minecraft:charcoal":6,"minecraft:shield":3,"minecraft:stick":220,"minecraft:iron_ingot":38,"minecraft:iron_pickaxe":3,"simpleores:mythril_ingot":11,"minecraft:stone_sword":1,"minecraft:iron_leggings":1,"minecraft:gold_ingot":7,"minecraft:white_bed":2,"minecraft:torch":684,"simpleores:copper_helmet":1,"simpleores:mythril_axe":1},"minecraft:killed_by":{"minecraft:silverfish":1,"minecraft:skeleton":3,"minecraft:zombie":2},"minecraft:mined":{"minecraft:tuff":142,"minecraft:white_bed":4,"minecraft:mossy_cobblestone":4,"minecraft:deepslate_diamond_ore":25,"minecraft:sculk_vein":39,"minecraft:cherry_log":7,"minecraft:granite":3,"minecraft:budding_amethyst":1,"minecraft:grass_block":42,"simpleores:deepslate_adamantium_ore":53,"minecraft:tall_seagrass":4,"minecraft:raw_iron_block":2,"minecraft:redstone_ore":4,"minecraft:sculk_catalyst":1,"minecraft:furnace":11,"minecraft:iron_ore":30,"minecraft:cobbled_deepslate":3,"simpleores:adamantium_ore":3,"minecraft:deepslate_lapis_ore":11,"minecraft:deepslate_iron_ore":96,"simpleores:tin_ore":7,"minecraft:stone":413,"minecraft:deepslate_redstone_ore":36,"minecraft:crafting_table":6,"minecraft:torch":2,"minecraft:calcite":20,"minecraft:chest":4,"minecraft:sculk_sensor":1,"minecraft:copper_ore":27,"minecraft:tall_grass":18,"minecraft:deepslate_coal_ore":8,"minecraft:cobblestone":4,"minecraft:deepslate_gold_ore":70,"minecraft:lapis_ore":9,"minecraft:oak_planks":22,"minecraft:sugar_cane":2,"minecraft:sculk":202,"minecraft:diorite":13,"minecraft:wall_torch":4,"minecraft:amethyst_block":19,"minecraft:seagrass":2,"simpleores:deepslate_mythril_ore":21,"minecraft:birch_log":51,"minecraft:sweet_berry_bush":1,"simpleores:deepslate_tin_ore":2,"minecraft:birch_leaves":3,"minecraft:grass":42,"minecraft:oak_log":123,"minecraft:coal_ore":261,"minecraft:gravel":43,"minecraft:sand":21,"minecraft:dirt":27,"minecraft:cobweb":9,"minecraft:smooth_basalt":9,"minecraft:gold_ore":7,"minecraft:oak_leaves":28,"minecraft:deepslate":745,"minecraft:infested_stone":1},"minecraft:used":{"simpleores:adamantium_pickaxe":1296,"minecraft:stone_sword":48,"simpleores:mythril_pickaxe":364,"minecraft:redstone":1,"minecraft:chest":6,"minecraft:shield":83,"minecraft:cooked_salmon":34,"minecraft:rotten_flesh":9,"minecraft:torch":654,"simpleores:copper_axe":44,"minecraft:dirt":23,"minecraft:tuff":11,"minecraft:iron_hoe":144,"minecraft:sweet_berries":4,"minecraft:furnace":16,"minecraft:cooked_beef":5,"minecraft:cobbled_deepslate":233,"minecraft:cooked_mutton":11,"minecraft:diorite":1,"simpleores:mythril_axe":1,"minecraft:stone_pickaxe":117,"minecraft:oak_planks":121,"minecraft:wooden_pickaxe":5,"minecraft:cherry_planks":8,"minecraft:diamond_axe":153,"minecraft:crafting_table":13,"minecraft:white_bed":6,"minecraft:iron_pickaxe":367,"minecraft:gravel":3,"minecraft:stone_axe":85,"minecraft:fishing_rod":39,"minecraft:diamond_sword":466,"minecraft:cobblestone":68,"minecraft:cooked_porkchop":6},"minecraft:custom":{"minecraft:mob_kills":217,"minecraft:interact_with_crafting_table":94,"minecraft:leave_game":5,"minecraft:time_since_death":33623,"minecraft:climb_one_cm":518,"minecraft:sprint_one_cm":700309,"minecraft:walk_one_cm":930657,"minecraft:damage_blocked_by_shield":4810,"minecraft:drop":26,"minecraft:play_time":284321,"minecraft:sneak_time":10880,"minecraft:deaths":8,"minecraft:walk_under_water_one_cm":61419,"minecraft:boat_one_cm":8145,"minecraft:jump":5330,"minecraft:walk_on_water_one_cm":53406,"minecraft:total_world_time":284321,"minecraft:interact_with_furnace":186,"minecraft:sleep_in_bed":11,"minecraft:time_since_rest":17779,"minecraft:damage_taken":5530,"minecraft:damage_dealt":29396,"minecraft:player_kills":2,"minecraft:swim_one_cm":60068,"minecraft:fly_one_cm":761634,"minecraft:open_chest":114,"minecraft:crouch_one_cm":29396,"minecraft:fish_caught":24,"minecraft:fall_one_cm":120599},"minecraft:dropped":{"minecraft:wheat_seeds":1,"simpleores:tin_pickaxe":2,"minecraft:glow_ink_sac":6,"minecraft:lava_bucket":1,"minecraft:dirt":2,"minecraft:diorite":3,"minecraft:bone_meal":10,"simpleores:adamantium_ingot":1,"minecraft:bucket":1,"minecraft:white_wool":1,"simpleores:raw_mythril":2,"minecraft:cobbled_deepslate":3,"minecraft:birch_sapling":3,"minecraft:rotten_flesh":1,"minecraft:white_bed":1,"minecraft:salmon":2,"simpleores:adamantium_boots":1,"minecraft:charcoal":6,"minecraft:oak_sapling":2,"simpleores:tin_ingot":1,"minecraft:glass":1,"minecraft:egg":3},"minecraft:killed":{"minecraft:spider":11,"minecraft:skeleton":31,"minecraft:horse":2,"minecraft:chicken":13,"minecraft:drowned":1,"minecraft:wolf":1,"minecraft:zombie_villager":2,"minecraft:salmon":63,"minecraft:squid":1,"minecraft:sheep":7,"minecraft:zombie":65,"minecraft:enderman":4,"minecraft:cow":11}},"DataVersion":3465}