{"stats":{"minecraft:used":{"minecraft:stone_sword":48,"simpleores:mythril_pickaxe":364,"minecraft:redstone":1,"minecraft:shield":23,"minecraft:rotten_flesh":6,"minecraft:torch":190,"simpleores:copper_axe":44,"minecraft:dirt":23,"minecraft:tuff":11,"minecraft:sweet_berries":4,"minecraft:furnace":11,"minecraft:cobbled_deepslate":106,"minecraft:cooked_mutton":11,"minecraft:diorite":1,"minecraft:stone_pickaxe":115,"minecraft:wooden_pickaxe":5,"minecraft:crafting_table":8,"minecraft:white_bed":1,"minecraft:iron_pickaxe":345,"minecraft:stone_axe":26,"minecraft:fishing_rod":11,"minecraft:cobblestone":16},"minecraft:broken":{"minecraft:iron_pickaxe":1},"minecraft:crafted":{"minecraft:oak_planks":132,"simpleores:copper_boots":1,"minecraft:fishing_rod":1,"minecraft:furnace":4,"simpleores:copper_chestplate":1,"minecraft:cooked_mutton":11,"simpleores:copper_axe":1,"minecraft:stone_pickaxe":1,"simpleores:mythril_pickaxe":1,"minecraft:crafting_table":3,"minecraft:wooden_pickaxe":1,"minecraft:copper_ingot":26,"minecraft:stone_axe":1,"minecraft:air":0,"simpleores:copper_leggings":1,"minecraft:shield":1,"minecraft:stick":64,"minecraft:iron_ingot":8,"minecraft:iron_pickaxe":2,"minecraft:stone_sword":1,"simpleores:mythril_ingot":6,"minecraft:gold_ingot":1,"minecraft:white_bed":1,"minecraft:torch":184,"simpleores:copper_helmet":1},"minecraft:custom":{"minecraft:mob_kills":17,"minecraft:interact_with_crafting_table":38,"minecraft:leave_game":1,"minecraft:time_since_death":812,"minecraft:climb_one_cm":288,"minecraft:sprint_one_cm":217716,"minecraft:walk_one_cm":316417,"minecraft:damage_blocked_by_shield":1160,"minecraft:drop":6,"minecraft:play_time":95850,"minecraft:deaths":4,"minecraft:sneak_time":3944,"minecraft:walk_under_water_one_cm":9106,"minecraft:jump":1653,"minecraft:walk_on_water_one_cm":14919,"minecraft:total_world_time":95850,"minecraft:interact_with_furnace":58,"minecraft:sleep_in_bed":1,"minecraft:time_since_rest":840,"minecraft:damage_taken":1784,"minecraft:damage_dealt":3889,"minecraft:swim_one_cm":11671,"minecraft:fly_one_cm":194881,"minecraft:open_chest":22,"minecraft:crouch_one_cm":10156,"minecraft:fish_caught":8,"minecraft:fall_one_cm":27155},"minecraft:mined":{"minecraft:tuff":17,"minecraft:white_bed":1,"minecraft:mossy_cobblestone":3,"minecraft:deepslate_diamond_ore":6,"minecraft:granite":3,"minecraft:grass_block":4,"simpleores:deepslate_adamantium_ore":13,"minecraft:redstone_ore":1,"minecraft:furnace":5,"minecraft:iron_ore":30,"minecraft:deepslate_lapis_ore":6,"minecraft:deepslate_iron_ore":43,"simpleores:tin_ore":7,"minecraft:stone":329,"minecraft:deepslate_redstone_ore":5,"minecraft:crafting_table":6,"minecraft:torch":1,"minecraft:calcite":10,"minecraft:copper_ore":27,"minecraft:cobblestone":2,"minecraft:lapis_ore":2,"minecraft:deepslate_gold_ore":4,"minecraft:sugar_cane":2,"minecraft:diorite":8,"minecraft:wall_torch":1,"minecraft:amethyst_block":14,"minecraft:birch_log":6,"simpleores:deepslate_mythril_ore":14,"minecraft:sweet_berry_bush":1,"simpleores:deepslate_tin_ore":2,"minecraft:grass":4,"minecraft:oak_log":33,"minecraft:coal_ore":87,"minecraft:gravel":27,"minecraft:dirt":19,"minecraft:cobweb":4,"minecraft:smooth_basalt":5,"minecraft:gold_ore":7,"minecraft:oak_leaves":13,"minecraft:deepslate":127,"minecraft:infested_stone":1},"minecraft:picked_up":{"simpleores:copper_axe":2,"minecraft:fishing_rod":1,"minecraft:crafting_table":8,"minecraft:wooden_pickaxe":2,"simpleores:copper_helmet":2,"minecraft:shield":1,"minecraft:amethyst_block":14,"minecraft:string":9,"minecraft:raw_copper":254,"minecraft:pufferfish":2,"minecraft:cobbled_deepslate":126,"simpleores:raw_adamantium":21,"simpleores:raw_tin":30,"minecraft:calcite":10,"minecraft:iron_pickaxe":1,"minecraft:sugar_cane":12,"minecraft:furnace":5,"simpleores:copper_leggings":2,"minecraft:raw_iron":83,"minecraft:stick":1,"simpleores:mythril_ingot":3,"minecraft:copper_ingot":2,"minecraft:torch":131,"minecraft:diorite":13,"minecraft:redstone":29,"minecraft:stone_sword":2,"minecraft:arrow":6,"minecraft:rotten_flesh":11,"minecraft:gold_ingot":1,"minecraft:mutton":11,"minecraft:cod":3,"minecraft:white_wool":3,"minecraft:cobblestone":522,"minecraft:birch_log":12,"minecraft:glow_ink_sac":2,"minecraft:salmon":5,"minecraft:leather":2,"minecraft:brown_wool":2,"simpleores:copper_boots":2,"minecraft:flint":3,"minecraft:tuff":17,"minecraft:oak_log":33,"simpleores:mythril_pickaxe":1,"minecraft:gunpowder":2,"minecraft:lapis_lazuli":81,"simpleores:tin_pickaxe":2,"minecraft:dirt":29,"minecraft:leather_boots":1,"simpleores:raw_mythril":19,"minecraft:bone":1,"minecraft:raw_gold":15,"minecraft:stone_pickaxe":1,"minecraft:iron_ingot":1,"simpleores:copper_chestplate":2,"minecraft:oak_planks":172,"minecraft:smooth_basalt":5,"minecraft:sweet_berries":4,"minecraft:gravel":24,"minecraft:white_bed":3,"minecraft:mossy_cobblestone":5,"minecraft:diamond":10,"minecraft:stone_axe":1,"simpleores:tin_ingot":1,"minecraft:granite":6,"pfm:furniture_book":2,"minecraft:coal":199},"minecraft:killed_by":{"minecraft:silverfish":1,"minecraft:skeleton":2,"minecraft:zombie":1},"minecraft:dropped":{"simpleores:tin_pickaxe":2,"minecraft:rotten_flesh":1,"minecraft:white_bed":1,"minecraft:salmon":2,"simpleores:tin_ingot":1},"minecraft:killed":{"minecraft:spider":2,"minecraft:horse":1,"minecraft:skeleton":4,"minecraft:drowned":1,"minecraft:salmon":2,"minecraft:sheep":2,"minecraft:zombie":3,"minecraft:enderman":1}},"DataVersion":3465}