{"stats":{"minecraft:picked_up":{"simpleores:copper_axe":2,"minecraft:fishing_rod":1,"minecraft:crafting_table":8,"minecraft:wooden_pickaxe":2,"simpleores:copper_helmet":2,"minecraft:shield":1,"minecraft:amethyst_block":14,"minecraft:string":9,"minecraft:raw_copper":254,"minecraft:pufferfish":2,"minecraft:cobbled_deepslate":165,"simpleores:raw_adamantium":31,"simpleores:raw_tin":30,"minecraft:calcite":10,"minecraft:iron_pickaxe":1,"minecraft:sugar_cane":12,"minecraft:furnace":7,"simpleores:copper_leggings":2,"minecraft:stick":4,"minecraft:raw_iron":102,"simpleores:mythril_ingot":3,"minecraft:copper_ingot":2,"minecraft:torch":132,"minecraft:diorite":13,"minecraft:redstone":29,"minecraft:stone_sword":2,"minecraft:arrow":10,"minecraft:rotten_flesh":14,"minecraft:gold_ingot":1,"minecraft:mutton":11,"minecraft:cod":3,"minecraft:white_wool":3,"minecraft:cobblestone":522,"minecraft:birch_log":12,"minecraft:glow_ink_sac":2,"minecraft:salmon":5,"minecraft:brown_wool":2,"minecraft:leather":2,"simpleores:copper_boots":2,"minecraft:flint":3,"minecraft:tuff":22,"minecraft:oak_log":54,"simpleores:mythril_pickaxe":1,"minecraft:gunpowder":2,"minecraft:lapis_lazuli":81,"simpleores:tin_pickaxe":2,"minecraft:dirt":29,"minecraft:leather_boots":1,"simpleores:raw_mythril":22,"minecraft:bone":4,"minecraft:apple":1,"minecraft:bow":1,"minecraft:raw_gold":32,"minecraft:stone_pickaxe":1,"minecraft:iron_ingot":1,"simpleores:copper_chestplate":2,"minecraft:oak_planks":238,"minecraft:smooth_basalt":5,"minecraft:sweet_berries":4,"minecraft:gravel":24,"minecraft:white_bed":4,"minecraft:mossy_cobblestone":5,"minecraft:diamond":11,"minecraft:stone_axe":1,"simpleores:tin_ingot":1,"minecraft:granite":6,"minecraft:oak_sapling":9,"pfm:furniture_book":2,"minecraft:coal":199},"minecraft:broken":{"minecraft:iron_pickaxe":1},"minecraft:crafted":{"minecraft:oak_planks":216,"simpleores:copper_boots":1,"minecraft:fishing_rod":1,"minecraft:furnace":4,"simpleores:copper_chestplate":1,"minecraft:cooked_mutton":11,"simpleores:copper_axe":1,"minecraft:stone_pickaxe":2,"simpleores:adamantium_pickaxe":1,"simpleores:mythril_pickaxe":1,"minecraft:crafting_table":4,"minecraft:wooden_pickaxe":1,"minecraft:cooked_salmon":6,"minecraft:copper_ingot":26,"simpleores:adamantium_ingot":6,"minecraft:stone_axe":1,"minecraft:air":0,"simpleores:copper_leggings":1,"minecraft:shield":1,"minecraft:stick":100,"minecraft:iron_ingot":19,"minecraft:iron_pickaxe":2,"minecraft:stone_sword":1,"simpleores:mythril_ingot":11,"minecraft:gold_ingot":7,"minecraft:white_bed":1,"minecraft:torch":320,"simpleores:copper_helmet":1},"minecraft:killed_by":{"minecraft:silverfish":1,"minecraft:skeleton":2,"minecraft:zombie":1},"minecraft:mined":{"minecraft:tuff":22,"minecraft:white_bed":2,"minecraft:mossy_cobblestone":3,"minecraft:deepslate_diamond_ore":7,"minecraft:granite":3,"minecraft:grass_block":4,"simpleores:deepslate_adamantium_ore":23,"minecraft:redstone_ore":1,"minecraft:furnace":7,"minecraft:iron_ore":30,"minecraft:deepslate_lapis_ore":6,"minecraft:deepslate_iron_ore":62,"simpleores:tin_ore":7,"minecraft:stone":329,"minecraft:deepslate_redstone_ore":5,"minecraft:crafting_table":6,"minecraft:torch":1,"minecraft:calcite":10,"minecraft:copper_ore":27,"minecraft:cobblestone":2,"minecraft:lapis_ore":2,"minecraft:deepslate_gold_ore":21,"minecraft:sugar_cane":2,"minecraft:diorite":8,"minecraft:wall_torch":1,"minecraft:amethyst_block":14,"minecraft:birch_log":6,"simpleores:deepslate_mythril_ore":17,"minecraft:sweet_berry_bush":1,"simpleores:deepslate_tin_ore":2,"minecraft:grass":4,"minecraft:oak_log":54,"minecraft:coal_ore":87,"minecraft:gravel":27,"minecraft:dirt":19,"minecraft:cobweb":4,"minecraft:smooth_basalt":5,"minecraft:gold_ore":7,"minecraft:oak_leaves":19,"minecraft:deepslate":167,"minecraft:infested_stone":1},"minecraft:used":{"simpleores:adamantium_pickaxe":97,"minecraft:stone_sword":48,"simpleores:mythril_pickaxe":364,"minecraft:redstone":1,"minecraft:shield":23,"minecraft:cooked_salmon":6,"minecraft:rotten_flesh":9,"minecraft:torch":247,"simpleores:copper_axe":44,"minecraft:dirt":23,"minecraft:tuff":11,"minecraft:sweet_berries":4,"minecraft:furnace":11,"minecraft:cobbled_deepslate":106,"minecraft:cooked_mutton":11,"minecraft:diorite":1,"minecraft:stone_pickaxe":117,"minecraft:wooden_pickaxe":5,"minecraft:crafting_table":9,"minecraft:white_bed":2,"minecraft:iron_pickaxe":345,"minecraft:stone_axe":82,"minecraft:fishing_rod":11,"minecraft:cobblestone":30},"minecraft:custom":{"minecraft:mob_kills":26,"minecraft:interact_with_crafting_table":46,"minecraft:leave_game":1,"minecraft:time_since_death":16709,"minecraft:climb_one_cm":288,"minecraft:sprint_one_cm":254744,"minecraft:walk_one_cm":384183,"minecraft:damage_blocked_by_shield":1160,"minecraft:drop":6,"minecraft:play_time":111747,"minecraft:deaths":4,"minecraft:sneak_time":4842,"minecraft:walk_under_water_one_cm":9211,"minecraft:jump":1881,"minecraft:walk_on_water_one_cm":15776,"minecraft:total_world_time":111747,"minecraft:interact_with_furnace":77,"minecraft:sleep_in_bed":1,"minecraft:time_since_rest":16737,"minecraft:damage_taken":2474,"minecraft:damage_dealt":5545,"minecraft:swim_one_cm":11671,"minecraft:fly_one_cm":213031,"minecraft:open_chest":38,"minecraft:crouch_one_cm":11967,"minecraft:fish_caught":8,"minecraft:fall_one_cm":29984},"minecraft:dropped":{"simpleores:tin_pickaxe":2,"minecraft:rotten_flesh":1,"minecraft:white_bed":1,"minecraft:salmon":2,"simpleores:tin_ingot":1},"minecraft:killed":{"minecraft:spider":2,"minecraft:skeleton":7,"minecraft:horse":1,"minecraft:drowned":1,"minecraft:salmon":2,"minecraft:sheep":2,"minecraft:zombie":8,"minecraft:enderman":1}},"DataVersion":3465}