{"stats":{"minecraft:dropped":{"simpleores:tin_pickaxe":2,"minecraft:rotten_flesh":1,"minecraft:white_bed":1,"minecraft:salmon":2,"simpleores:tin_ingot":1},"minecraft:mined":{"minecraft:white_bed":1,"minecraft:crafting_table":5,"minecraft:torch":1,"minecraft:granite":3,"minecraft:grass_block":2,"minecraft:copper_ore":27,"minecraft:diorite":5,"minecraft:furnace":5,"minecraft:birch_log":6,"minecraft:iron_ore":16,"minecraft:sweet_berry_bush":1,"minecraft:grass":2,"minecraft:oak_log":33,"minecraft:coal_ore":64,"minecraft:dirt":4,"simpleores:tin_ore":7,"minecraft:stone":73,"minecraft:oak_leaves":7},"minecraft:picked_up":{"simpleores:copper_axe":1,"minecraft:birch_log":12,"minecraft:crafting_table":7,"minecraft:salmon":4,"minecraft:brown_wool":2,"minecraft:leather":2,"minecraft:wooden_pickaxe":2,"simpleores:copper_boots":1,"simpleores:copper_helmet":1,"minecraft:oak_log":33,"minecraft:gunpowder":2,"minecraft:dirt":12,"simpleores:tin_pickaxe":2,"minecraft:string":7,"minecraft:raw_copper":254,"minecraft:pufferfish":2,"minecraft:leather_boots":1,"minecraft:iron_ingot":1,"minecraft:stone_pickaxe":1,"simpleores:raw_tin":26,"minecraft:iron_pickaxe":1,"simpleores:copper_chestplate":1,"minecraft:oak_planks":98,"minecraft:furnace":5,"simpleores:copper_leggings":1,"minecraft:stick":1,"minecraft:raw_iron":16,"minecraft:sweet_berries":4,"minecraft:copper_ingot":2,"minecraft:torch":78,"minecraft:diorite":10,"minecraft:white_bed":3,"minecraft:stone_sword":1,"minecraft:rotten_flesh":8,"minecraft:stone_axe":1,"simpleores:tin_ingot":1,"minecraft:granite":6,"pfm:furniture_book":1,"minecraft:mutton":11,"minecraft:cod":3,"minecraft:coal":172,"minecraft:white_wool":3,"minecraft:cobblestone":127},"minecraft:used":{"minecraft:cooked_mutton":3,"minecraft:stone_sword":25,"minecraft:stone_pickaxe":115,"minecraft:wooden_pickaxe":5,"minecraft:rotten_flesh":3,"minecraft:torch":36,"simpleores:copper_axe":16,"minecraft:crafting_table":6,"minecraft:white_bed":1,"minecraft:iron_pickaxe":97,"minecraft:stone_axe":26,"minecraft:fishing_rod":11,"minecraft:cobblestone":15,"minecraft:sweet_berries":4,"minecraft:furnace":6},"minecraft:custom":{"minecraft:interact_with_furnace":36,"minecraft:mob_kills":9,"minecraft:interact_with_crafting_table":30,"minecraft:leave_game":1,"minecraft:time_since_death":7670,"minecraft:sleep_in_bed":1,"minecraft:climb_one_cm":288,"minecraft:time_since_rest":7707,"minecraft:sprint_one_cm":89423,"minecraft:damage_taken":504,"minecraft:walk_one_cm":147564,"minecraft:drop":6,"minecraft:damage_dealt":1423,"minecraft:swim_one_cm":1677,"minecraft:fly_one_cm":77750,"minecraft:open_chest":1,"minecraft:crouch_one_cm":1141,"minecraft:play_time":42016,"minecraft:deaths":1,"minecraft:sneak_time":561,"minecraft:walk_under_water_one_cm":3212,"minecraft:jump":564,"minecraft:walk_on_water_one_cm":5848,"minecraft:total_world_time":42016,"minecraft:fish_caught":7,"minecraft:fall_one_cm":8649},"minecraft:crafted":{"minecraft:oak_planks":132,"simpleores:copper_boots":1,"minecraft:fishing_rod":1,"minecraft:crafting_table":2,"minecraft:wooden_pickaxe":1,"minecraft:furnace":3,"minecraft:copper_ingot":26,"minecraft:stone_axe":1,"simpleores:copper_chestplate":1,"minecraft:cooked_mutton":3,"minecraft:air":0,"simpleores:copper_axe":1,"simpleores:copper_leggings":1,"minecraft:stick":44,"minecraft:iron_ingot":7,"minecraft:iron_pickaxe":2,"minecraft:stone_pickaxe":1,"minecraft:stone_sword":1,"minecraft:white_bed":1,"minecraft:torch":112,"simpleores:copper_helmet":1},"minecraft:killed":{"minecraft:salmon":2,"minecraft:spider":2,"minecraft:horse":1,"minecraft:sheep":2,"minecraft:zombie":1},"minecraft:killed_by":{"minecraft:skeleton":1}},"DataVersion":3465}