{"stats":{"minecraft:dropped":{"simpleores:tin_pickaxe":2,"minecraft:rotten_flesh":1,"minecraft:white_bed":1,"minecraft:salmon":2,"simpleores:tin_ingot":1},"minecraft:mined":{"minecraft:deepslate_redstone_ore":5,"minecraft:white_bed":1,"minecraft:deepslate_diamond_ore":2,"minecraft:crafting_table":6,"minecraft:torch":1,"minecraft:granite":3,"minecraft:calcite":10,"minecraft:grass_block":4,"minecraft:copper_ore":27,"minecraft:lapis_ore":2,"minecraft:diorite":7,"minecraft:amethyst_block":14,"minecraft:redstone_ore":1,"minecraft:furnace":5,"simpleores:deepslate_mythril_ore":11,"minecraft:birch_log":6,"minecraft:iron_ore":17,"minecraft:sweet_berry_bush":1,"minecraft:grass":2,"minecraft:oak_log":33,"minecraft:coal_ore":69,"minecraft:gravel":23,"minecraft:dirt":19,"minecraft:smooth_basalt":5,"simpleores:tin_ore":7,"minecraft:stone":189,"minecraft:gold_ore":7,"minecraft:deepslate":18,"minecraft:oak_leaves":7},"minecraft:picked_up":{"simpleores:copper_axe":1,"minecraft:birch_log":12,"minecraft:crafting_table":8,"minecraft:salmon":5,"minecraft:brown_wool":2,"minecraft:leather":2,"minecraft:wooden_pickaxe":2,"simpleores:copper_boots":1,"simpleores:copper_helmet":1,"minecraft:flint":3,"minecraft:oak_log":33,"minecraft:gunpowder":2,"minecraft:amethyst_block":14,"minecraft:lapis_lazuli":12,"minecraft:dirt":29,"simpleores:tin_pickaxe":2,"minecraft:string":7,"minecraft:raw_copper":254,"minecraft:pufferfish":2,"minecraft:leather_boots":1,"simpleores:raw_mythril":11,"minecraft:cobbled_deepslate":18,"minecraft:raw_gold":7,"minecraft:calcite":10,"minecraft:iron_ingot":1,"minecraft:stone_pickaxe":1,"simpleores:raw_tin":26,"minecraft:iron_pickaxe":1,"simpleores:copper_chestplate":1,"minecraft:oak_planks":98,"minecraft:furnace":5,"simpleores:copper_leggings":1,"minecraft:stick":1,"minecraft:raw_iron":17,"minecraft:smooth_basalt":5,"minecraft:sweet_berries":4,"minecraft:copper_ingot":2,"minecraft:torch":78,"minecraft:gravel":20,"minecraft:diorite":12,"minecraft:white_bed":3,"minecraft:redstone":29,"minecraft:stone_sword":1,"minecraft:rotten_flesh":9,"minecraft:diamond":2,"minecraft:stone_axe":1,"simpleores:tin_ingot":1,"minecraft:granite":6,"pfm:furniture_book":1,"minecraft:mutton":11,"minecraft:cod":3,"minecraft:coal":177,"minecraft:white_wool":3,"minecraft:cobblestone":243},"minecraft:used":{"minecraft:cooked_mutton":3,"minecraft:stone_sword":29,"minecraft:stone_pickaxe":115,"minecraft:wooden_pickaxe":5,"minecraft:rotten_flesh":3,"minecraft:torch":65,"simpleores:copper_axe":16,"minecraft:crafting_table":7,"minecraft:white_bed":1,"minecraft:iron_pickaxe":320,"minecraft:stone_axe":26,"minecraft:fishing_rod":11,"minecraft:cobblestone":15,"minecraft:sweet_berries":4,"minecraft:furnace":10},"minecraft:custom":{"minecraft:interact_with_furnace":39,"minecraft:mob_kills":10,"minecraft:interact_with_crafting_table":33,"minecraft:leave_game":1,"minecraft:time_since_death":19670,"minecraft:sleep_in_bed":1,"minecraft:climb_one_cm":288,"minecraft:time_since_rest":19707,"minecraft:sprint_one_cm":97098,"minecraft:damage_taken":504,"minecraft:walk_one_cm":175446,"minecraft:drop":6,"minecraft:damage_dealt":1623,"minecraft:swim_one_cm":1677,"minecraft:fly_one_cm":82181,"minecraft:open_chest":13,"minecraft:crouch_one_cm":1545,"minecraft:play_time":54016,"minecraft:deaths":1,"minecraft:sneak_time":844,"minecraft:walk_under_water_one_cm":3714,"minecraft:jump":610,"minecraft:walk_on_water_one_cm":6433,"minecraft:total_world_time":54016,"minecraft:fish_caught":8,"minecraft:fall_one_cm":9336},"minecraft:crafted":{"minecraft:oak_planks":132,"simpleores:copper_boots":1,"minecraft:fishing_rod":1,"minecraft:crafting_table":2,"minecraft:wooden_pickaxe":1,"minecraft:furnace":3,"minecraft:copper_ingot":26,"minecraft:stone_axe":1,"simpleores:copper_chestplate":1,"minecraft:cooked_mutton":3,"minecraft:air":0,"simpleores:copper_axe":1,"simpleores:copper_leggings":1,"minecraft:stick":44,"minecraft:iron_ingot":7,"minecraft:iron_pickaxe":2,"minecraft:stone_pickaxe":1,"minecraft:stone_sword":1,"minecraft:white_bed":1,"minecraft:torch":112,"simpleores:copper_helmet":1},"minecraft:killed":{"minecraft:salmon":2,"minecraft:spider":2,"minecraft:horse":1,"minecraft:sheep":2,"minecraft:zombie":1,"minecraft:drowned":1},"minecraft:killed_by":{"minecraft:skeleton":1}},"DataVersion":3465}