{"stats":{"minecraft:picked_up":{"simpleores:copper_axe":2,"minecraft:fishing_rod":1,"minecraft:crafting_table":8,"minecraft:wooden_pickaxe":2,"simpleores:copper_helmet":2,"minecraft:enchanted_book":1,"minecraft:shield":1,"minecraft:amethyst_block":14,"minecraft:string":9,"minecraft:raw_copper":254,"minecraft:pufferfish":2,"minecraft:cobbled_deepslate":501,"simpleores:raw_adamantium":45,"simpleores:raw_tin":30,"minecraft:calcite":10,"minecraft:iron_pickaxe":1,"minecraft:sugar_cane":12,"minecraft:furnace":7,"simpleores:copper_leggings":2,"minecraft:stick":4,"minecraft:raw_iron":135,"simpleores:mythril_ingot":3,"minecraft:copper_ingot":2,"minecraft:torch":134,"minecraft:diorite":14,"minecraft:redstone":42,"minecraft:stone_sword":2,"minecraft:arrow":10,"minecraft:rotten_flesh":21,"minecraft:gold_ingot":1,"minecraft:mutton":11,"minecraft:cod":7,"minecraft:white_wool":3,"minecraft:cobblestone":522,"minecraft:birch_log":12,"minecraft:glow_ink_sac":8,"minecraft:salmon":6,"minecraft:brown_wool":2,"minecraft:leather":2,"simpleores:copper_boots":2,"minecraft:flint":3,"minecraft:tuff":117,"minecraft:oak_log":54,"simpleores:mythril_pickaxe":1,"minecraft:gunpowder":2,"minecraft:lapis_lazuli":81,"simpleores:tin_pickaxe":2,"minecraft:dirt":29,"minecraft:leather_boots":1,"simpleores:raw_mythril":24,"minecraft:bone":6,"minecraft:apple":1,"minecraft:bow":1,"minecraft:raw_gold":43,"minecraft:stone_pickaxe":1,"minecraft:iron_ingot":1,"simpleores:copper_chestplate":2,"minecraft:oak_planks":238,"minecraft:smooth_basalt":5,"minecraft:cooked_porkchop":6,"minecraft:sweet_berries":4,"minecraft:raw_iron_block":2,"minecraft:lava_bucket":2,"minecraft:gravel":27,"minecraft:white_bed":5,"minecraft:mossy_cobblestone":5,"minecraft:diamond":13,"minecraft:stone_axe":1,"simpleores:tin_ingot":1,"minecraft:granite":6,"minecraft:oak_sapling":9,"pfm:furniture_book":2,"minecraft:coal":209},"minecraft:broken":{"minecraft:iron_pickaxe":1},"minecraft:crafted":{"minecraft:oak_planks":216,"simpleores:copper_boots":1,"minecraft:fishing_rod":2,"simpleores:adamantium_chestplate":1,"minecraft:furnace":4,"simpleores:copper_chestplate":1,"minecraft:cooked_mutton":11,"simpleores:copper_axe":1,"simpleores:adamantium_boots":1,"minecraft:stone_pickaxe":2,"simpleores:adamantium_pickaxe":1,"minecraft:diamond_sword":1,"simpleores:mythril_pickaxe":1,"minecraft:crafting_table":5,"minecraft:iron_helmet":1,"minecraft:wooden_pickaxe":1,"minecraft:cooked_salmon":6,"minecraft:copper_ingot":26,"simpleores:adamantium_ingot":16,"minecraft:stone_axe":1,"minecraft:air":0,"simpleores:copper_leggings":1,"minecraft:shield":2,"minecraft:stick":112,"minecraft:iron_ingot":28,"minecraft:iron_pickaxe":2,"minecraft:stone_sword":1,"simpleores:mythril_ingot":11,"minecraft:iron_leggings":1,"minecraft:gold_ingot":7,"minecraft:white_bed":1,"minecraft:torch":356,"simpleores:mythril_axe":1,"simpleores:copper_helmet":1},"minecraft:killed_by":{"minecraft:silverfish":1,"minecraft:skeleton":3,"minecraft:zombie":2},"minecraft:mined":{"minecraft:tuff":117,"minecraft:white_bed":2,"minecraft:mossy_cobblestone":3,"minecraft:deepslate_diamond_ore":9,"minecraft:granite":3,"minecraft:grass_block":4,"simpleores:deepslate_adamantium_ore":37,"minecraft:raw_iron_block":2,"minecraft:redstone_ore":1,"minecraft:furnace":7,"minecraft:iron_ore":30,"minecraft:deepslate_lapis_ore":6,"minecraft:deepslate_iron_ore":96,"simpleores:tin_ore":7,"minecraft:stone":329,"minecraft:deepslate_redstone_ore":10,"minecraft:crafting_table":6,"minecraft:torch":1,"minecraft:calcite":10,"minecraft:copper_ore":27,"minecraft:cobblestone":2,"minecraft:lapis_ore":2,"minecraft:deepslate_gold_ore":32,"minecraft:sugar_cane":2,"minecraft:diorite":9,"minecraft:wall_torch":3,"minecraft:amethyst_block":14,"minecraft:birch_log":6,"simpleores:deepslate_mythril_ore":19,"minecraft:sweet_berry_bush":1,"simpleores:deepslate_tin_ore":2,"minecraft:grass":5,"minecraft:oak_log":54,"minecraft:coal_ore":97,"minecraft:gravel":30,"minecraft:dirt":19,"minecraft:cobweb":4,"minecraft:smooth_basalt":5,"minecraft:gold_ore":7,"minecraft:oak_leaves":19,"minecraft:deepslate":446,"minecraft:infested_stone":1},"minecraft:used":{"simpleores:adamantium_pickaxe":556,"minecraft:stone_sword":48,"simpleores:mythril_pickaxe":364,"minecraft:redstone":1,"minecraft:shield":27,"minecraft:cooked_salmon":6,"minecraft:rotten_flesh":9,"minecraft:torch":331,"simpleores:copper_axe":44,"minecraft:dirt":23,"minecraft:tuff":11,"minecraft:sweet_berries":4,"minecraft:furnace":11,"minecraft:cobbled_deepslate":122,"minecraft:cooked_mutton":11,"minecraft:diorite":1,"simpleores:mythril_axe":1,"minecraft:stone_pickaxe":117,"minecraft:wooden_pickaxe":5,"minecraft:crafting_table":10,"minecraft:white_bed":4,"minecraft:iron_pickaxe":345,"minecraft:stone_axe":85,"minecraft:diamond_sword":24,"minecraft:fishing_rod":20,"minecraft:cobblestone":60,"minecraft:cooked_porkchop":5},"minecraft:custom":{"minecraft:mob_kills":35,"minecraft:interact_with_crafting_table":55,"minecraft:leave_game":1,"minecraft:time_since_death":15009,"minecraft:climb_one_cm":288,"minecraft:sprint_one_cm":338249,"minecraft:walk_one_cm":487653,"minecraft:damage_blocked_by_shield":1370,"minecraft:drop":8,"minecraft:play_time":147747,"minecraft:deaths":6,"minecraft:sneak_time":5827,"minecraft:walk_under_water_one_cm":10430,"minecraft:jump":2430,"minecraft:walk_on_water_one_cm":19170,"minecraft:total_world_time":147747,"minecraft:interact_with_furnace":104,"minecraft:sleep_in_bed":3,"minecraft:time_since_rest":15038,"minecraft:damage_taken":3227,"minecraft:damage_dealt":7368,"minecraft:swim_one_cm":12562,"minecraft:fly_one_cm":273242,"minecraft:open_chest":56,"minecraft:crouch_one_cm":15006,"minecraft:fish_caught":13,"minecraft:fall_one_cm":40827},"minecraft:dropped":{"simpleores:tin_pickaxe":2,"minecraft:lava_bucket":1,"minecraft:bucket":1,"minecraft:rotten_flesh":1,"minecraft:white_bed":1,"minecraft:salmon":2,"simpleores:tin_ingot":1},"minecraft:killed":{"minecraft:spider":2,"minecraft:skeleton":8,"minecraft:horse":1,"minecraft:drowned":1,"minecraft:salmon":2,"minecraft:sheep":2,"minecraft:zombie":14,"minecraft:enderman":1}},"DataVersion":3465}