{"stats":{"minecraft:picked_up":{"simpleores:copper_axe":2,"minecraft:fishing_rod":1,"minecraft:crafting_table":8,"minecraft:chicken":12,"minecraft:wooden_pickaxe":2,"simpleores:copper_helmet":2,"minecraft:enchanted_book":1,"minecraft:shield":1,"minecraft:amethyst_block":14,"minecraft:string":13,"minecraft:raw_copper":254,"minecraft:pufferfish":3,"minecraft:cobbled_deepslate":503,"simpleores:raw_adamantium":49,"minecraft:beef":15,"simpleores:raw_tin":30,"minecraft:calcite":10,"minecraft:iron_pickaxe":1,"minecraft:sugar_cane":12,"minecraft:birch_sapling":3,"minecraft:furnace":8,"simpleores:adamantium_ingot":1,"minecraft:egg":3,"simpleores:copper_leggings":2,"minecraft:stick":10,"minecraft:raw_iron":135,"simpleores:mythril_ingot":3,"minecraft:copper_ingot":2,"minecraft:torch":135,"minecraft:cherry_log":2,"minecraft:diorite":17,"minecraft:redstone":42,"minecraft:stone_sword":2,"minecraft:arrow":10,"minecraft:rotten_flesh":40,"minecraft:gold_ingot":4,"minecraft:mutton":17,"minecraft:cod":15,"minecraft:white_wool":8,"minecraft:cobblestone":522,"minecraft:birch_log":57,"minecraft:feather":6,"minecraft:cooked_beef":5,"minecraft:glow_ink_sac":14,"minecraft:salmon":63,"minecraft:brown_wool":2,"minecraft:leather":17,"simpleores:copper_boots":2,"minecraft:flint":3,"minecraft:tuff":119,"minecraft:oak_log":95,"simpleores:mythril_pickaxe":1,"minecraft:gunpowder":2,"minecraft:lapis_lazuli":81,"simpleores:tin_pickaxe":2,"minecraft:dirt":31,"minecraft:leather_boots":1,"minecraft:bone":13,"simpleores:raw_mythril":24,"minecraft:apple":1,"minecraft:bow":1,"minecraft:wheat_seeds":1,"minecraft:raw_gold":43,"minecraft:iron_ingot":3,"minecraft:stone_pickaxe":1,"simpleores:copper_chestplate":2,"minecraft:oak_planks":239,"minecraft:smooth_basalt":5,"minecraft:cooked_porkchop":6,"minecraft:sweet_berries":4,"minecraft:lava_bucket":2,"minecraft:raw_iron_block":2,"minecraft:gravel":27,"minecraft:sand":19,"minecraft:white_bed":5,"minecraft:grass_block":1,"minecraft:spider_eye":2,"minecraft:mossy_cobblestone":5,"minecraft:diamond":13,"minecraft:stone_axe":1,"simpleores:tin_ingot":1,"minecraft:granite":6,"minecraft:bone_meal":5,"pfm:furniture_book":2,"minecraft:oak_sapling":11,"minecraft:coal":260,"minecraft:ender_pearl":1},"minecraft:broken":{"minecraft:iron_pickaxe":1},"minecraft:crafted":{"minecraft:cherry_planks":8,"minecraft:oak_planks":312,"simpleores:copper_boots":1,"minecraft:fishing_rod":2,"simpleores:adamantium_chestplate":1,"minecraft:furnace":5,"simpleores:copper_chestplate":1,"minecraft:cooked_mutton":11,"simpleores:copper_axe":1,"minecraft:glass":19,"simpleores:adamantium_boots":2,"minecraft:stone_pickaxe":2,"simpleores:adamantium_pickaxe":1,"minecraft:cooked_cod":5,"minecraft:diamond_sword":1,"simpleores:mythril_pickaxe":1,"minecraft:diamond_axe":1,"minecraft:crafting_table":7,"travelersbackpack:backpack_tank":3,"minecraft:iron_helmet":1,"minecraft:wooden_pickaxe":1,"minecraft:cooked_salmon":47,"minecraft:copper_ingot":26,"simpleores:adamantium_ingot":31,"minecraft:stone_axe":1,"minecraft:air":0,"simpleores:adamantium_leggings":1,"simpleores:copper_leggings":1,"minecraft:white_wool":1,"simpleores:adamantium_helmet":1,"minecraft:charcoal":6,"minecraft:shield":2,"minecraft:stick":152,"minecraft:iron_ingot":38,"minecraft:iron_pickaxe":3,"simpleores:mythril_ingot":11,"minecraft:stone_sword":1,"minecraft:iron_leggings":1,"minecraft:gold_ingot":7,"minecraft:white_bed":1,"minecraft:torch":484,"simpleores:copper_helmet":1,"simpleores:mythril_axe":1},"minecraft:killed_by":{"minecraft:silverfish":1,"minecraft:skeleton":3,"minecraft:zombie":2},"minecraft:mined":{"minecraft:tuff":135,"minecraft:white_bed":2,"minecraft:mossy_cobblestone":3,"minecraft:deepslate_diamond_ore":9,"minecraft:cherry_log":7,"minecraft:granite":3,"minecraft:grass_block":6,"simpleores:deepslate_adamantium_ore":37,"minecraft:tall_seagrass":4,"minecraft:raw_iron_block":2,"minecraft:redstone_ore":1,"minecraft:furnace":7,"minecraft:iron_ore":30,"simpleores:adamantium_ore":3,"minecraft:deepslate_lapis_ore":6,"minecraft:deepslate_iron_ore":96,"simpleores:tin_ore":7,"minecraft:stone":334,"minecraft:deepslate_redstone_ore":10,"minecraft:crafting_table":6,"minecraft:torch":1,"minecraft:calcite":10,"minecraft:copper_ore":27,"minecraft:tall_grass":18,"minecraft:cobblestone":2,"minecraft:deepslate_coal_ore":8,"minecraft:deepslate_gold_ore":32,"minecraft:lapis_ore":2,"minecraft:oak_planks":3,"minecraft:sugar_cane":2,"minecraft:diorite":13,"minecraft:wall_torch":4,"minecraft:amethyst_block":14,"minecraft:seagrass":2,"minecraft:birch_log":51,"simpleores:deepslate_mythril_ore":19,"minecraft:sweet_berry_bush":1,"simpleores:deepslate_tin_ore":2,"minecraft:birch_leaves":3,"minecraft:grass":41,"minecraft:oak_log":95,"minecraft:coal_ore":133,"minecraft:gravel":30,"minecraft:sand":21,"minecraft:dirt":22,"minecraft:cobweb":4,"minecraft:smooth_basalt":5,"minecraft:gold_ore":7,"minecraft:oak_leaves":25,"minecraft:deepslate":523,"minecraft:infested_stone":1},"minecraft:used":{"simpleores:adamantium_pickaxe":709,"minecraft:stone_sword":48,"simpleores:mythril_pickaxe":364,"minecraft:redstone":1,"minecraft:shield":49,"minecraft:cooked_salmon":14,"minecraft:rotten_flesh":9,"minecraft:torch":440,"simpleores:copper_axe":44,"minecraft:dirt":23,"minecraft:tuff":11,"minecraft:sweet_berries":4,"minecraft:furnace":12,"minecraft:cooked_beef":5,"minecraft:cobbled_deepslate":179,"minecraft:cooked_mutton":11,"minecraft:diorite":1,"simpleores:mythril_axe":1,"minecraft:stone_pickaxe":117,"minecraft:oak_planks":24,"minecraft:wooden_pickaxe":5,"minecraft:cherry_planks":8,"minecraft:diamond_axe":109,"minecraft:crafting_table":12,"minecraft:white_bed":4,"minecraft:iron_pickaxe":346,"minecraft:gravel":3,"minecraft:stone_axe":85,"minecraft:fishing_rod":39,"minecraft:diamond_sword":274,"minecraft:cobblestone":68,"minecraft:cooked_porkchop":6},"minecraft:custom":{"minecraft:mob_kills":162,"minecraft:interact_with_crafting_table":84,"minecraft:leave_game":3,"minecraft:time_since_death":47546,"minecraft:climb_one_cm":288,"minecraft:sprint_one_cm":518706,"minecraft:walk_one_cm":715657,"minecraft:damage_blocked_by_shield":2860,"minecraft:drop":16,"minecraft:play_time":218467,"minecraft:sneak_time":8225,"minecraft:deaths":7,"minecraft:walk_under_water_one_cm":57785,"minecraft:boat_one_cm":8145,"minecraft:jump":3813,"minecraft:walk_on_water_one_cm":45408,"minecraft:total_world_time":218467,"minecraft:interact_with_furnace":164,"minecraft:sleep_in_bed":8,"minecraft:time_since_rest":17707,"minecraft:damage_taken":4276,"minecraft:damage_dealt":19080,"minecraft:player_kills":2,"minecraft:swim_one_cm":59103,"minecraft:fly_one_cm":508104,"minecraft:open_chest":82,"minecraft:crouch_one_cm":22522,"minecraft:fish_caught":24,"minecraft:fall_one_cm":79305},"minecraft:dropped":{"minecraft:wheat_seeds":1,"simpleores:tin_pickaxe":2,"minecraft:glow_ink_sac":6,"minecraft:lava_bucket":1,"simpleores:adamantium_ingot":1,"minecraft:bucket":1,"minecraft:white_wool":1,"minecraft:rotten_flesh":1,"minecraft:white_bed":1,"minecraft:salmon":2,"simpleores:adamantium_boots":1,"minecraft:oak_sapling":2,"simpleores:tin_ingot":1,"minecraft:glass":1,"minecraft:egg":3},"minecraft:killed":{"minecraft:spider":7,"minecraft:skeleton":14,"minecraft:horse":2,"minecraft:chicken":13,"minecraft:drowned":1,"minecraft:salmon":63,"minecraft:squid":1,"minecraft:sheep":7,"minecraft:zombie":36,"minecraft:enderman":3,"minecraft:cow":11}},"DataVersion":3465}