{"stats":{"minecraft:crafted":{"minecraft:oak_planks":24,"minecraft:torch":44,"minecraft:crafting_table":1,"minecraft:stick":24,"minecraft:stone_pickaxe":1,"minecraft:wooden_pickaxe":1},"minecraft:mined":{"minecraft:coal_ore":24,"minecraft:grass_block":1,"minecraft:oak_log":6,"minecraft:dirt":3,"minecraft:copper_ore":7,"minecraft:stone":32,"minecraft:crafting_table":1,"minecraft:oak_leaves":2},"minecraft:used":{"minecraft:torch":1,"minecraft:crafting_table":2,"minecraft:stone_pickaxe":64,"minecraft:wooden_pickaxe":5},"minecraft:picked_up":{"minecraft:raw_copper":23,"minecraft:crafting_table":1,"minecraft:oak_log":6,"minecraft:coal":24,"minecraft:dirt":4,"minecraft:cobblestone":36},"minecraft:custom":{"minecraft:time_since_rest":5566,"minecraft:crouch_one_cm":171,"minecraft:play_time":5566,"minecraft:sprint_one_cm":7838,"minecraft:damage_taken":50,"minecraft:walk_one_cm":18832,"minecraft:sneak_time":143,"minecraft:jump":41,"minecraft:damage_dealt":75,"minecraft:walk_on_water_one_cm":746,"minecraft:time_since_death":5566,"minecraft:total_world_time":5566,"minecraft:interact_with_crafting_table":3,"minecraft:fall_one_cm":956,"minecraft:fly_one_cm":5757}},"DataVersion":3465}