{"stats":{"minecraft:picked_up":{"minecraft:fishing_rod":1,"minecraft:crafting_table":14,"minecraft:coarse_dirt":9,"minecraft:chicken":10,"minecraft:string":49,"minecraft:raw_copper":57,"minecraft:iron_axe":1,"minecraft:cobbled_deepslate":919,"simpleores:raw_adamantium":1,"minecraft:beef":28,"minecraft:oak_boat":9,"minecraft:rose_bush":1,"simpleores:raw_tin":16,"minecraft:iron_pickaxe":6,"minecraft:sugar_cane":10,"minecraft:furnace":6,"minecraft:tipped_arrow":1,"minecraft:dark_oak_sapling":1,"minecraft:stick":7,"minecraft:raw_iron":51,"minecraft:sandstone":2,"minecraft:torch":97,"minecraft:porkchop":28,"minecraft:carrot":20,"minecraft:redstone":225,"simpleores:tin_helmet":1,"minecraft:dark_oak_planks":64,"minecraft:stone_sword":1,"minecraft:arrow":5,"minecraft:hay_block":18,"minecraft:obsidian":16,"minecraft:mutton":7,"minecraft:snowball":45,"simpleores:tin_boots":1,"minecraft:cod":3,"minecraft:rail":3,"minecraft:white_wool":4,"minecraft:cobblestone":388,"minecraft:feather":5,"minecraft:andesite":5,"minecraft:leather":19,"minecraft:potato":15,"minecraft:flint":1,"minecraft:tuff":139,"minecraft:oak_log":20,"minecraft:lapis_lazuli":13,"minecraft:dirt":46,"minecraft:bone":3,"simpleores:copper_bucket":2,"simpleores:raw_mythril":2,"minecraft:apple":8,"minecraft:kelp":4,"minecraft:wheat_seeds":2,"minecraft:raw_gold":43,"minecraft:iron_ingot":6,"minecraft:rabbit":1,"minecraft:moss_block":3,"minecraft:pumpkin":5,"minecraft:sweet_berries":23,"minecraft:gravel":24,"minecraft:sand":4,"minecraft:spruce_sapling":23,"minecraft:white_bed":14,"minecraft:spruce_log":406,"minecraft:dark_oak_log":15,"minecraft:spider_eye":1,"minecraft:mossy_cobblestone":7,"travelersbackpack:standard":1,"minecraft:diamond":10,"minecraft:spruce_boat":6,"minecraft:granite":134,"minecraft:bread":5,"pfm:furniture_book":1,"minecraft:oak_sapling":2,"minecraft:dark_oak_wood":6,"minecraft:coal":128},"minecraft:broken":{"minecraft:iron_axe":2,"minecraft:iron_pickaxe":6},"minecraft:crafted":{"minecraft:oak_planks":52,"minecraft:fishing_rod":3,"simpleores:copper_bucket":1,"minecraft:cooked_chicken":6,"minecraft:furnace":3,"minecraft:cooked_mutton":3,"minecraft:iron_axe":3,"minecraft:stone_pickaxe":3,"minecraft:dark_oak_planks":84,"minecraft:cooked_rabbit":1,"minecraft:wheat":72,"simpleores:tin_ingot":11,"minecraft:cooked_porkchop":1,"minecraft:crafting_table":6,"minecraft:wooden_pickaxe":1,"minecraft:copper_ingot":4,"minecraft:stone_axe":2,"simpleores:tin_helmet":1,"minecraft:bread":24,"minecraft:air":0,"minecraft:oak_boat":1,"minecraft:diamond_pickaxe":1,"minecraft:stick":128,"minecraft:iron_ingot":34,"minecraft:iron_pickaxe":8,"minecraft:stone_sword":1,"minecraft:iron_shovel":1,"minecraft:white_bed":1,"simpleores:tin_boots":1,"minecraft:torch":268},"minecraft:killed_by":{"minecraft:player":1,"minecraft:creeper":1,"minecraft:spider":1,"minecraft:warden":1,"minecraft:cave_spider":1,"minecraft:skeleton":2,"minecraft:zombie":1},"minecraft:used":{"minecraft:stone_sword":41,"minecraft:iron_shovel":8,"minecraft:cooked_chicken":6,"minecraft:torch":266,"minecraft:dirt":27,"minecraft:carrot":17,"minecraft:snowball":16,"minecraft:granite":64,"minecraft:spruce_boat":6,"minecraft:iron_axe":543,"minecraft:hay_block":1,"minecraft:sweet_berries":34,"minecraft:furnace":6,"minecraft:cobbled_deepslate":31,"minecraft:cooked_mutton":3,"minecraft:oak_planks":1,"minecraft:stone_pickaxe":161,"minecraft:wooden_pickaxe":16,"minecraft:mossy_cobblestone":6,"minecraft:crafting_table":19,"minecraft:white_bed":13,"minecraft:spruce_log":8,"minecraft:diamond_pickaxe":17,"minecraft:iron_pickaxe":1872,"minecraft:bread":18,"minecraft:stone_axe":142,"minecraft:fishing_rod":13,"travelersbackpack:standard":2,"minecraft:cobblestone":141,"minecraft:cooked_porkchop":1,"minecraft:oak_boat":8,"minecraft:coarse_dirt":8},"minecraft:mined":{"minecraft:tuff":141,"minecraft:spruce_planks":1,"minecraft:white_bed":11,"minecraft:mossy_cobblestone":11,"minecraft:deepslate_diamond_ore":10,"minecraft:sculk_vein":2,"minecraft:dark_oak_log":15,"minecraft:obsidian":16,"minecraft:spruce_trapdoor":4,"minecraft:granite":127,"minecraft:grass_block":7,"minecraft:spruce_leaves":39,"simpleores:deepslate_adamantium_ore":1,"minecraft:moss_block":4,"minecraft:kelp":2,"minecraft:sandstone":2,"minecraft:spawner":2,"minecraft:hay_block":9,"minecraft:large_fern":2,"minecraft:furnace":4,"minecraft:carrots":12,"minecraft:iron_ore":29,"minecraft:cobbled_deepslate":15,"minecraft:snow":8,"minecraft:andesite":16,"minecraft:pumpkin":5,"minecraft:deepslate_lapis_ore":2,"minecraft:potatoes":6,"minecraft:deepslate_iron_ore":15,"minecraft:rail":4,"simpleores:tin_ore":12,"minecraft:stone":315,"minecraft:podzol":1,"minecraft:deepslate_redstone_ore":52,"minecraft:kelp_plant":1,"minecraft:crafting_table":15,"minecraft:torch":9,"minecraft:dark_oak_wood":6,"minecraft:rose_bush":1,"minecraft:copper_ore":14,"minecraft:deepslate_coal_ore":1,"minecraft:cobblestone":30,"minecraft:deepslate_gold_ore":43,"minecraft:lapis_ore":1,"minecraft:sugar_cane":3,"minecraft:sculk":6,"minecraft:wall_torch":17,"minecraft:seagrass":1,"minecraft:coarse_dirt":9,"simpleores:deepslate_mythril_ore":2,"minecraft:wheat":9,"minecraft:sweet_berry_bush":1,"minecraft:ice":3,"simpleores:deepslate_tin_ore":2,"minecraft:spruce_log":412,"minecraft:grass":17,"minecraft:oak_log":20,"minecraft:coal_ore":81,"minecraft:gravel":18,"minecraft:dirt":40,"minecraft:sand":4,"minecraft:cobweb":18,"minecraft:oak_leaves":6,"minecraft:deepslate":1032,"minecraft:fern":5},"minecraft:custom":{"minecraft:mob_kills":43,"minecraft:interact_with_crafting_table":45,"minecraft:bell_ring":13,"minecraft:leave_game":12,"minecraft:time_since_death":6302,"minecraft:sprint_one_cm":447956,"minecraft:walk_one_cm":495797,"minecraft:drop":70,"minecraft:play_time":278911,"minecraft:deaths":12,"minecraft:sneak_time":5590,"minecraft:walk_under_water_one_cm":48008,"minecraft:boat_one_cm":622125,"minecraft:jump":2836,"minecraft:walk_on_water_one_cm":50326,"minecraft:total_world_time":278911,"minecraft:interact_with_furnace":35,"minecraft:interact_with_cartography_table":1,"minecraft:sleep_in_bed":9,"minecraft:time_since_rest":5703,"minecraft:damage_taken":5098,"minecraft:damage_dealt":4373,"minecraft:swim_one_cm":14353,"minecraft:fly_one_cm":379424,"minecraft:open_chest":21,"minecraft:crouch_one_cm":8549,"minecraft:fish_caught":3,"minecraft:fall_one_cm":81852},"minecraft:dropped":{"minecraft:iron_ingot":1,"minecraft:moss_block":3,"minecraft:wheat_seeds":2,"minecraft:mossy_cobblestone":1,"minecraft:dark_oak_sapling":1,"minecraft:feather":5,"minecraft:cobblestone":29,"minecraft:leather":1,"minecraft:granite":21,"minecraft:copper_ingot":1,"minecraft:rail":1,"minecraft:cod":1,"minecraft:stick":1,"minecraft:flint":1,"minecraft:dirt":16,"minecraft:pumpkin":5,"minecraft:iron_pickaxe":4,"minecraft:fishing_rod":1,"minecraft:white_wool":1,"minecraft:bone":2,"minecraft:gravel":23,"minecraft:stone_axe":2,"minecraft:coarse_dirt":1,"minecraft:cobbled_deepslate":693,"minecraft:raw_copper":53,"minecraft:tuff":139,"minecraft:oak_planks":1,"minecraft:white_bed":1,"simpleores:raw_tin":4,"minecraft:andesite":5,"minecraft:oak_sapling":2,"simpleores:tin_ingot":2,"minecraft:arrow":4,"minecraft:stone_pickaxe":2,"minecraft:wooden_pickaxe":1,"minecraft:cooked_rabbit":1},"minecraft:killed":{"minecraft:cave_spider":3,"minecraft:spider":3,"minecraft:skeleton":2,"minecraft:chicken":8,"minecraft:wolf":1,"minecraft:pig":10,"minecraft:rabbit":1,"minecraft:sheep":4,"minecraft:zombie":2,"minecraft:stray":1,"minecraft:cow":8}},"DataVersion":3465}