{"stats":{"minecraft:used":{"minecraft:stone_pickaxe":118,"minecraft:oak_planks":1,"minecraft:wooden_pickaxe":16,"minecraft:cooked_chicken":3,"minecraft:torch":9,"minecraft:mossy_cobblestone":6,"minecraft:dirt":21,"minecraft:crafting_table":7,"minecraft:white_bed":2,"minecraft:iron_pickaxe":51,"minecraft:stone_axe":128,"minecraft:fishing_rod":3,"minecraft:cobblestone":5,"minecraft:furnace":4,"minecraft:cooked_porkchop":1,"minecraft:oak_boat":6,"minecraft:coarse_dirt":8},"minecraft:crafted":{"simpleores:tin_ingot":11,"minecraft:oak_planks":52,"minecraft:fishing_rod":1,"minecraft:cooked_porkchop":1,"minecraft:crafting_table":3,"simpleores:copper_bucket":1,"minecraft:wooden_pickaxe":1,"minecraft:cooked_chicken":6,"minecraft:furnace":3,"minecraft:copper_ingot":4,"minecraft:stone_axe":2,"simpleores:tin_helmet":1,"minecraft:cooked_mutton":3,"minecraft:air":0,"minecraft:oak_boat":1,"minecraft:stick":20,"minecraft:iron_ingot":12,"minecraft:iron_pickaxe":1,"minecraft:stone_pickaxe":3,"minecraft:white_bed":1,"simpleores:tin_boots":1,"minecraft:dark_oak_planks":84,"minecraft:torch":8,"minecraft:cooked_rabbit":1},"minecraft:custom":{"minecraft:interact_with_furnace":20,"minecraft:mob_kills":30,"minecraft:interact_with_crafting_table":18,"minecraft:time_since_death":59052,"minecraft:sleep_in_bed":2,"minecraft:time_since_rest":4240,"minecraft:sprint_one_cm":77950,"minecraft:damage_taken":255,"minecraft:walk_one_cm":82925,"minecraft:drop":13,"minecraft:damage_dealt":2464,"minecraft:fly_one_cm":61867,"minecraft:crouch_one_cm":1645,"minecraft:play_time":59052,"minecraft:sneak_time":1404,"minecraft:walk_under_water_one_cm":7723,"minecraft:boat_one_cm":344970,"minecraft:jump":758,"minecraft:walk_on_water_one_cm":11348,"minecraft:fish_caught":2,"minecraft:total_world_time":59052,"minecraft:fall_one_cm":13326},"minecraft:mined":{"minecraft:white_bed":2,"minecraft:mossy_cobblestone":7,"minecraft:dark_oak_log":15,"minecraft:crafting_table":5,"minecraft:torch":1,"minecraft:dark_oak_wood":6,"minecraft:grass_block":4,"minecraft:copper_ore":14,"minecraft:cobblestone":8,"minecraft:moss_block":4,"minecraft:sugar_cane":3,"minecraft:wall_torch":2,"minecraft:coarse_dirt":8,"minecraft:furnace":3,"minecraft:iron_ore":12,"minecraft:pumpkin":5,"minecraft:grass":13,"minecraft:oak_log":13,"minecraft:coal_ore":45,"minecraft:gravel":3,"minecraft:dirt":19,"simpleores:tin_ore":6,"minecraft:stone":68,"minecraft:fern":2},"minecraft:picked_up":{"minecraft:coarse_dirt":8,"minecraft:crafting_table":5,"minecraft:feather":5,"minecraft:chicken":8,"minecraft:leather":9,"minecraft:oak_log":13,"minecraft:string":2,"minecraft:dirt":22,"minecraft:raw_copper":57,"minecraft:beef":13,"minecraft:oak_boat":6,"simpleores:raw_tin":12,"minecraft:rabbit":1,"minecraft:moss_block":3,"minecraft:sugar_cane":5,"minecraft:furnace":3,"minecraft:dark_oak_sapling":1,"minecraft:raw_iron":12,"minecraft:pumpkin":5,"minecraft:sweet_berries":8,"minecraft:torch":3,"minecraft:gravel":2,"minecraft:porkchop":14,"minecraft:white_bed":2,"minecraft:dark_oak_log":15,"minecraft:mossy_cobblestone":6,"minecraft:oak_sapling":1,"minecraft:cod":2,"minecraft:mutton":5,"minecraft:dark_oak_wood":6,"minecraft:coal":52,"minecraft:white_wool":4,"minecraft:cobblestone":74},"minecraft:dropped":{"minecraft:gravel":2,"minecraft:stone_axe":1,"minecraft:moss_block":3,"minecraft:dark_oak_sapling":1,"minecraft:feather":5,"minecraft:copper_ingot":1,"minecraft:oak_sapling":1,"simpleores:tin_ingot":2,"minecraft:stone_pickaxe":1,"minecraft:wooden_pickaxe":1,"minecraft:white_wool":1},"minecraft:killed":{"minecraft:pig":8,"minecraft:rabbit":1,"minecraft:spider":1,"minecraft:sheep":4,"minecraft:zombie":1,"minecraft:chicken":8,"minecraft:cow":7}},"DataVersion":3465}