{"stats":{"minecraft:used":{"minecraft:stone_pickaxe":116,"minecraft:oak_planks":1,"minecraft:wooden_pickaxe":16,"minecraft:cooked_chicken":3,"minecraft:torch":8,"minecraft:mossy_cobblestone":6,"minecraft:dirt":13,"minecraft:crafting_table":6,"minecraft:white_bed":1,"minecraft:iron_pickaxe":37,"minecraft:stone_axe":125,"minecraft:cobblestone":5,"minecraft:furnace":4,"minecraft:cooked_porkchop":1,"minecraft:oak_boat":6,"minecraft:coarse_dirt":8},"minecraft:crafted":{"simpleores:tin_ingot":11,"minecraft:oak_planks":52,"minecraft:cooked_porkchop":1,"minecraft:crafting_table":3,"simpleores:copper_bucket":1,"minecraft:wooden_pickaxe":1,"minecraft:cooked_chicken":6,"minecraft:furnace":3,"minecraft:copper_ingot":4,"minecraft:stone_axe":2,"simpleores:tin_helmet":1,"minecraft:cooked_mutton":3,"minecraft:air":0,"minecraft:oak_boat":1,"minecraft:stick":16,"minecraft:iron_ingot":12,"minecraft:iron_pickaxe":1,"minecraft:stone_pickaxe":3,"minecraft:white_bed":1,"simpleores:tin_boots":1,"minecraft:torch":8,"minecraft:cooked_rabbit":1},"minecraft:custom":{"minecraft:interact_with_furnace":20,"minecraft:mob_kills":30,"minecraft:interact_with_crafting_table":14,"minecraft:time_since_death":47052,"minecraft:sleep_in_bed":1,"minecraft:time_since_rest":12616,"minecraft:sprint_one_cm":77381,"minecraft:damage_taken":255,"minecraft:walk_one_cm":77344,"minecraft:drop":6,"minecraft:damage_dealt":2464,"minecraft:fly_one_cm":61867,"minecraft:crouch_one_cm":1475,"minecraft:play_time":47052,"minecraft:sneak_time":694,"minecraft:walk_under_water_one_cm":6106,"minecraft:boat_one_cm":204570,"minecraft:jump":521,"minecraft:walk_on_water_one_cm":10274,"minecraft:total_world_time":47052,"minecraft:fall_one_cm":13326},"minecraft:mined":{"minecraft:white_bed":1,"minecraft:mossy_cobblestone":7,"minecraft:dark_oak_log":15,"minecraft:crafting_table":4,"minecraft:torch":1,"minecraft:dark_oak_wood":6,"minecraft:grass_block":4,"minecraft:copper_ore":14,"minecraft:cobblestone":8,"minecraft:sugar_cane":3,"minecraft:wall_torch":2,"minecraft:coarse_dirt":8,"minecraft:furnace":3,"minecraft:iron_ore":12,"minecraft:pumpkin":5,"minecraft:grass":13,"minecraft:oak_log":13,"minecraft:coal_ore":45,"minecraft:gravel":3,"minecraft:dirt":17,"simpleores:tin_ore":6,"minecraft:stone":57,"minecraft:fern":2},"minecraft:picked_up":{"minecraft:coarse_dirt":8,"minecraft:crafting_table":4,"minecraft:feather":5,"minecraft:chicken":8,"minecraft:leather":9,"minecraft:oak_log":13,"minecraft:string":2,"minecraft:dirt":20,"minecraft:raw_copper":57,"minecraft:beef":13,"minecraft:oak_boat":5,"simpleores:raw_tin":12,"minecraft:rabbit":1,"minecraft:sugar_cane":5,"minecraft:furnace":3,"minecraft:dark_oak_sapling":1,"minecraft:raw_iron":12,"minecraft:pumpkin":5,"minecraft:sweet_berries":8,"minecraft:torch":3,"minecraft:gravel":2,"minecraft:porkchop":14,"minecraft:white_bed":1,"minecraft:dark_oak_log":15,"minecraft:mossy_cobblestone":6,"minecraft:oak_sapling":1,"minecraft:mutton":5,"minecraft:dark_oak_wood":6,"minecraft:coal":52,"minecraft:white_wool":4,"minecraft:cobblestone":63},"minecraft:dropped":{"minecraft:stone_axe":1,"minecraft:dark_oak_sapling":1,"minecraft:feather":2,"minecraft:copper_ingot":1,"minecraft:oak_sapling":1,"minecraft:white_wool":1},"minecraft:killed":{"minecraft:pig":8,"minecraft:rabbit":1,"minecraft:spider":1,"minecraft:sheep":4,"minecraft:zombie":1,"minecraft:chicken":8,"minecraft:cow":7}},"DataVersion":3465}