{"stats":{"minecraft:picked_up":{"minecraft:fishing_rod":1,"minecraft:crafting_table":6,"minecraft:coarse_dirt":9,"minecraft:chicken":10,"minecraft:string":46,"minecraft:iron_axe":1,"minecraft:raw_copper":57,"minecraft:beef":28,"minecraft:oak_boat":9,"simpleores:raw_tin":12,"minecraft:iron_pickaxe":3,"minecraft:sugar_cane":10,"minecraft:furnace":6,"minecraft:dark_oak_sapling":1,"minecraft:raw_iron":36,"minecraft:torch":55,"minecraft:porkchop":28,"minecraft:carrot":20,"simpleores:tin_helmet":1,"minecraft:dark_oak_planks":64,"minecraft:stone_sword":1,"minecraft:hay_block":18,"minecraft:mutton":7,"simpleores:tin_boots":1,"minecraft:cod":2,"minecraft:rail":3,"minecraft:white_wool":4,"minecraft:cobblestone":271,"minecraft:feather":5,"minecraft:leather":18,"minecraft:potato":15,"minecraft:tuff":2,"minecraft:oak_log":13,"minecraft:dirt":37,"simpleores:copper_bucket":2,"minecraft:apple":8,"minecraft:wheat_seeds":1,"minecraft:iron_ingot":6,"minecraft:rabbit":1,"minecraft:moss_block":3,"minecraft:pumpkin":5,"minecraft:sweet_berries":18,"minecraft:gravel":3,"minecraft:white_bed":6,"minecraft:dark_oak_log":15,"minecraft:spider_eye":1,"minecraft:mossy_cobblestone":6,"minecraft:granite":120,"minecraft:bread":5,"minecraft:oak_sapling":1,"pfm:furniture_book":1,"minecraft:dark_oak_wood":6,"minecraft:coal":128},"minecraft:crafted":{"minecraft:oak_planks":52,"minecraft:fishing_rod":1,"simpleores:copper_bucket":1,"minecraft:cooked_chicken":6,"minecraft:furnace":3,"minecraft:cooked_mutton":3,"minecraft:iron_axe":1,"minecraft:stone_pickaxe":3,"minecraft:dark_oak_planks":84,"minecraft:cooked_rabbit":1,"simpleores:tin_ingot":11,"minecraft:cooked_porkchop":1,"minecraft:crafting_table":5,"minecraft:wooden_pickaxe":1,"minecraft:copper_ingot":4,"minecraft:stone_axe":2,"simpleores:tin_helmet":1,"minecraft:air":0,"minecraft:oak_boat":1,"minecraft:stick":52,"minecraft:iron_ingot":18,"minecraft:iron_pickaxe":3,"minecraft:stone_sword":1,"minecraft:white_bed":1,"simpleores:tin_boots":1,"minecraft:torch":88},"minecraft:killed_by":{"minecraft:cave_spider":1,"minecraft:skeleton":1},"minecraft:used":{"minecraft:stone_sword":18,"minecraft:cooked_chicken":6,"minecraft:torch":60,"minecraft:dirt":27,"minecraft:carrot":8,"minecraft:granite":6,"minecraft:iron_axe":13,"minecraft:sweet_berries":4,"minecraft:furnace":5,"minecraft:cooked_mutton":3,"minecraft:stone_pickaxe":161,"minecraft:oak_planks":1,"minecraft:wooden_pickaxe":16,"minecraft:mossy_cobblestone":6,"minecraft:crafting_table":10,"minecraft:white_bed":6,"minecraft:iron_pickaxe":352,"minecraft:stone_axe":142,"minecraft:fishing_rod":3,"minecraft:cobblestone":36,"minecraft:cooked_porkchop":1,"minecraft:oak_boat":8,"minecraft:coarse_dirt":8},"minecraft:mined":{"minecraft:tuff":1,"minecraft:white_bed":6,"minecraft:mossy_cobblestone":10,"minecraft:dark_oak_log":15,"minecraft:granite":113,"minecraft:grass_block":5,"minecraft:moss_block":4,"minecraft:spawner":1,"minecraft:hay_block":9,"minecraft:furnace":4,"minecraft:carrots":12,"minecraft:iron_ore":29,"minecraft:pumpkin":5,"minecraft:potatoes":6,"minecraft:rail":4,"simpleores:tin_ore":12,"minecraft:stone":212,"minecraft:podzol":1,"minecraft:crafting_table":7,"minecraft:torch":1,"minecraft:dark_oak_wood":6,"minecraft:copper_ore":14,"minecraft:cobblestone":13,"minecraft:deepslate_coal_ore":1,"minecraft:lapis_ore":1,"minecraft:sugar_cane":3,"minecraft:wall_torch":3,"minecraft:coarse_dirt":9,"minecraft:wheat":9,"minecraft:grass":15,"minecraft:oak_log":13,"minecraft:coal_ore":81,"minecraft:gravel":4,"minecraft:dirt":33,"minecraft:cobweb":18,"minecraft:fern":2},"minecraft:custom":{"minecraft:mob_kills":35,"minecraft:interact_with_crafting_table":31,"minecraft:bell_ring":13,"minecraft:leave_game":10,"minecraft:time_since_death":5104,"minecraft:sprint_one_cm":177628,"minecraft:walk_one_cm":198245,"minecraft:drop":29,"minecraft:play_time":107763,"minecraft:deaths":3,"minecraft:sneak_time":1771,"minecraft:walk_under_water_one_cm":15159,"minecraft:boat_one_cm":417645,"minecraft:jump":1317,"minecraft:walk_on_water_one_cm":13188,"minecraft:total_world_time":107763,"minecraft:interact_with_furnace":28,"minecraft:sleep_in_bed":3,"minecraft:time_since_rest":782,"minecraft:damage_taken":1429,"minecraft:damage_dealt":3027,"minecraft:fly_one_cm":126499,"minecraft:open_chest":5,"minecraft:crouch_one_cm":2195,"minecraft:fish_caught":2,"minecraft:fall_one_cm":30956},"minecraft:dropped":{"minecraft:moss_block":3,"minecraft:wheat_seeds":1,"minecraft:dark_oak_sapling":1,"minecraft:feather":5,"minecraft:cobblestone":3,"minecraft:granite":7,"minecraft:copper_ingot":1,"minecraft:rail":1,"minecraft:stick":1,"minecraft:dirt":8,"minecraft:pumpkin":5,"minecraft:iron_pickaxe":1,"minecraft:white_wool":1,"minecraft:gravel":2,"minecraft:stone_axe":2,"minecraft:coarse_dirt":1,"minecraft:raw_copper":53,"minecraft:tuff":2,"minecraft:oak_planks":1,"minecraft:oak_sapling":1,"simpleores:tin_ingot":2,"minecraft:wooden_pickaxe":1,"minecraft:stone_pickaxe":2,"minecraft:cooked_rabbit":1},"minecraft:killed":{"minecraft:cave_spider":3,"minecraft:spider":1,"minecraft:chicken":8,"minecraft:pig":9,"minecraft:rabbit":1,"minecraft:sheep":4,"minecraft:zombie":1,"minecraft:cow":8}},"DataVersion":3465}