{"stats":{"minecraft:used":{"minecraft:stone_pickaxe":110,"minecraft:oak_planks":1,"minecraft:wooden_pickaxe":16,"minecraft:cooked_chicken":2,"minecraft:torch":6,"minecraft:mossy_cobblestone":6,"minecraft:dirt":5,"minecraft:crafting_table":6,"minecraft:white_bed":1,"minecraft:stone_axe":95,"minecraft:cobblestone":5,"minecraft:furnace":4,"minecraft:cooked_porkchop":1,"minecraft:oak_boat":3,"minecraft:coarse_dirt":8},"minecraft:crafted":{"simpleores:tin_ingot":11,"minecraft:oak_planks":52,"minecraft:cooked_porkchop":1,"minecraft:crafting_table":3,"minecraft:wooden_pickaxe":1,"minecraft:cooked_chicken":6,"minecraft:furnace":3,"minecraft:stone_axe":2,"minecraft:cooked_mutton":3,"minecraft:oak_boat":1,"minecraft:stick":16,"minecraft:iron_ingot":4,"minecraft:iron_pickaxe":1,"minecraft:stone_pickaxe":3,"minecraft:white_bed":1,"minecraft:torch":8,"minecraft:cooked_rabbit":1},"minecraft:custom":{"minecraft:interact_with_furnace":18,"minecraft:mob_kills":21,"minecraft:interact_with_crafting_table":12,"minecraft:time_since_death":35052,"minecraft:sleep_in_bed":1,"minecraft:time_since_rest":616,"minecraft:sprint_one_cm":60001,"minecraft:damage_taken":196,"minecraft:walk_one_cm":56315,"minecraft:damage_dealt":1688,"minecraft:fly_one_cm":49659,"minecraft:crouch_one_cm":1355,"minecraft:play_time":35052,"minecraft:sneak_time":481,"minecraft:walk_under_water_one_cm":1898,"minecraft:boat_one_cm":127575,"minecraft:jump":395,"minecraft:walk_on_water_one_cm":8162,"minecraft:total_world_time":35052,"minecraft:fall_one_cm":11106},"minecraft:mined":{"minecraft:white_bed":1,"minecraft:mossy_cobblestone":7,"minecraft:dark_oak_log":15,"minecraft:crafting_table":3,"minecraft:dark_oak_wood":6,"minecraft:grass_block":3,"minecraft:copper_ore":14,"minecraft:cobblestone":8,"minecraft:sugar_cane":3,"minecraft:wall_torch":2,"minecraft:coarse_dirt":8,"minecraft:furnace":1,"minecraft:iron_ore":12,"minecraft:grass":13,"minecraft:oak_log":13,"minecraft:coal_ore":13,"minecraft:dirt":16,"simpleores:tin_ore":6,"minecraft:stone":49,"minecraft:fern":1},"minecraft:picked_up":{"minecraft:coarse_dirt":8,"minecraft:crafting_table":3,"minecraft:feather":2,"minecraft:chicken":6,"minecraft:leather":9,"minecraft:oak_log":13,"minecraft:string":2,"minecraft:dirt":18,"minecraft:raw_copper":57,"minecraft:beef":13,"minecraft:oak_boat":3,"simpleores:raw_tin":12,"minecraft:rabbit":1,"minecraft:sugar_cane":5,"minecraft:furnace":1,"minecraft:dark_oak_sapling":1,"minecraft:raw_iron":12,"minecraft:torch":2,"minecraft:porkchop":1,"minecraft:white_bed":1,"minecraft:dark_oak_log":15,"minecraft:mossy_cobblestone":6,"minecraft:oak_sapling":1,"minecraft:mutton":5,"minecraft:dark_oak_wood":6,"minecraft:coal":21,"minecraft:white_wool":4,"minecraft:cobblestone":56},"minecraft:killed":{"minecraft:pig":1,"minecraft:rabbit":1,"minecraft:spider":1,"minecraft:sheep":4,"minecraft:zombie":1,"minecraft:chicken":6,"minecraft:cow":7}},"DataVersion":3465}