{"stats":{"minecraft:used":{"minecraft:cooked_mutton":3,"minecraft:stone_pickaxe":161,"minecraft:oak_planks":1,"minecraft:wooden_pickaxe":16,"minecraft:cooked_chicken":6,"minecraft:torch":33,"minecraft:mossy_cobblestone":6,"minecraft:dirt":27,"minecraft:crafting_table":9,"minecraft:carrot":2,"minecraft:white_bed":4,"minecraft:granite":2,"minecraft:iron_pickaxe":222,"minecraft:stone_axe":142,"minecraft:fishing_rod":3,"minecraft:cobblestone":36,"minecraft:sweet_berries":4,"minecraft:furnace":5,"minecraft:cooked_porkchop":1,"minecraft:oak_boat":8,"minecraft:coarse_dirt":8},"minecraft:crafted":{"simpleores:tin_ingot":11,"minecraft:oak_planks":52,"minecraft:fishing_rod":1,"minecraft:cooked_porkchop":1,"minecraft:crafting_table":4,"simpleores:copper_bucket":1,"minecraft:wooden_pickaxe":1,"minecraft:cooked_chicken":6,"minecraft:furnace":3,"minecraft:copper_ingot":4,"minecraft:stone_axe":2,"simpleores:tin_helmet":1,"minecraft:cooked_mutton":3,"minecraft:air":0,"minecraft:oak_boat":1,"minecraft:iron_axe":1,"minecraft:stick":52,"minecraft:iron_ingot":17,"minecraft:iron_pickaxe":3,"minecraft:stone_pickaxe":3,"minecraft:white_bed":1,"simpleores:tin_boots":1,"minecraft:dark_oak_planks":84,"minecraft:torch":88,"minecraft:cooked_rabbit":1},"minecraft:custom":{"minecraft:interact_with_furnace":23,"minecraft:mob_kills":32,"minecraft:interact_with_crafting_table":21,"minecraft:bell_ring":13,"minecraft:leave_game":2,"minecraft:time_since_death":85815,"minecraft:sleep_in_bed":2,"minecraft:time_since_rest":31003,"minecraft:sprint_one_cm":137605,"minecraft:damage_taken":751,"minecraft:walk_one_cm":146267,"minecraft:drop":25,"minecraft:damage_dealt":2687,"minecraft:fly_one_cm":105681,"minecraft:open_chest":5,"minecraft:crouch_one_cm":2117,"minecraft:play_time":85815,"minecraft:sneak_time":1762,"minecraft:walk_under_water_one_cm":9290,"minecraft:boat_one_cm":417645,"minecraft:jump":1209,"minecraft:walk_on_water_one_cm":13132,"minecraft:total_world_time":85815,"minecraft:fish_caught":2,"minecraft:fall_one_cm":27373},"minecraft:picked_up":{"minecraft:crafting_table":5,"minecraft:coarse_dirt":9,"minecraft:feather":5,"minecraft:chicken":8,"minecraft:leather":9,"minecraft:potato":6,"minecraft:oak_log":13,"minecraft:dirt":35,"minecraft:string":2,"minecraft:raw_copper":57,"minecraft:wheat_seeds":1,"minecraft:beef":14,"minecraft:oak_boat":8,"simpleores:raw_tin":12,"minecraft:rabbit":1,"minecraft:moss_block":3,"minecraft:sugar_cane":5,"minecraft:furnace":3,"minecraft:dark_oak_sapling":1,"minecraft:raw_iron":18,"minecraft:pumpkin":5,"minecraft:sweet_berries":10,"minecraft:torch":3,"minecraft:gravel":2,"minecraft:porkchop":14,"minecraft:carrot":12,"minecraft:white_bed":3,"minecraft:dark_oak_log":15,"minecraft:mossy_cobblestone":6,"minecraft:hay_block":9,"minecraft:granite":53,"minecraft:oak_sapling":1,"minecraft:rail":1,"minecraft:dark_oak_wood":6,"minecraft:mutton":5,"minecraft:cod":2,"minecraft:coal":81,"minecraft:white_wool":4,"minecraft:cobblestone":136},"minecraft:mined":{"minecraft:podzol":1,"minecraft:white_bed":3,"minecraft:mossy_cobblestone":10,"minecraft:dark_oak_log":15,"minecraft:granite":92,"minecraft:crafting_table":6,"minecraft:torch":1,"minecraft:dark_oak_wood":6,"minecraft:grass_block":4,"minecraft:copper_ore":14,"minecraft:cobblestone":11,"minecraft:lapis_ore":1,"minecraft:sugar_cane":3,"minecraft:moss_block":4,"minecraft:wall_torch":2,"minecraft:hay_block":9,"minecraft:coarse_dirt":9,"minecraft:furnace":3,"minecraft:carrots":12,"minecraft:iron_ore":18,"minecraft:wheat":9,"minecraft:pumpkin":5,"minecraft:grass":15,"minecraft:potatoes":6,"minecraft:oak_log":13,"minecraft:coal_ore":74,"minecraft:rail":3,"minecraft:gravel":3,"minecraft:dirt":32,"simpleores:tin_ore":10,"minecraft:stone":134,"minecraft:fern":2},"minecraft:dropped":{"minecraft:gravel":2,"minecraft:stone_axe":1,"minecraft:moss_block":3,"minecraft:wheat_seeds":1,"minecraft:coarse_dirt":1,"minecraft:raw_copper":53,"minecraft:dark_oak_sapling":1,"minecraft:cobblestone":3,"minecraft:feather":5,"minecraft:oak_planks":1,"minecraft:granite":7,"minecraft:copper_ingot":1,"minecraft:rail":1,"minecraft:stick":1,"minecraft:dirt":8,"minecraft:oak_sapling":1,"simpleores:tin_ingot":2,"minecraft:pumpkin":5,"minecraft:wooden_pickaxe":1,"minecraft:stone_pickaxe":1,"minecraft:cooked_rabbit":1,"minecraft:white_wool":1},"minecraft:killed":{"minecraft:cave_spider":1,"minecraft:pig":8,"minecraft:rabbit":1,"minecraft:spider":1,"minecraft:sheep":4,"minecraft:zombie":1,"minecraft:chicken":8,"minecraft:cow":8}},"DataVersion":3465}