{"stats":{"minecraft:picked_up":{"minecraft:fishing_rod":1,"minecraft:crafting_table":12,"minecraft:coarse_dirt":9,"minecraft:chicken":10,"minecraft:string":49,"minecraft:iron_axe":1,"minecraft:raw_copper":57,"minecraft:cobbled_deepslate":898,"minecraft:beef":28,"minecraft:oak_boat":9,"simpleores:raw_tin":16,"minecraft:iron_pickaxe":6,"minecraft:sugar_cane":10,"minecraft:furnace":6,"minecraft:dark_oak_sapling":1,"minecraft:stick":5,"minecraft:raw_iron":51,"minecraft:sandstone":2,"minecraft:torch":91,"minecraft:porkchop":28,"minecraft:carrot":20,"minecraft:redstone":225,"simpleores:tin_helmet":1,"minecraft:dark_oak_planks":64,"minecraft:arrow":4,"minecraft:stone_sword":1,"minecraft:hay_block":18,"minecraft:obsidian":16,"minecraft:mutton":7,"simpleores:tin_boots":1,"minecraft:cod":3,"minecraft:rail":3,"minecraft:white_wool":4,"minecraft:cobblestone":325,"minecraft:feather":5,"minecraft:leather":19,"minecraft:potato":15,"minecraft:tuff":139,"minecraft:oak_log":13,"minecraft:lapis_lazuli":13,"minecraft:dirt":39,"minecraft:bone":2,"simpleores:raw_mythril":2,"simpleores:copper_bucket":2,"minecraft:apple":8,"minecraft:wheat_seeds":1,"minecraft:raw_gold":43,"minecraft:iron_ingot":6,"minecraft:rabbit":1,"minecraft:moss_block":3,"minecraft:pumpkin":5,"minecraft:sweet_berries":23,"minecraft:gravel":24,"minecraft:sand":4,"minecraft:spruce_sapling":15,"minecraft:white_bed":8,"minecraft:spruce_log":150,"minecraft:dark_oak_log":15,"minecraft:spider_eye":1,"minecraft:mossy_cobblestone":7,"travelersbackpack:standard":1,"minecraft:diamond":10,"minecraft:granite":120,"minecraft:bread":5,"pfm:furniture_book":1,"minecraft:oak_sapling":1,"minecraft:coal":128,"minecraft:dark_oak_wood":6},"minecraft:broken":{"minecraft:iron_axe":1,"minecraft:iron_pickaxe":5},"minecraft:crafted":{"minecraft:oak_planks":52,"minecraft:fishing_rod":3,"simpleores:copper_bucket":1,"minecraft:cooked_chicken":6,"minecraft:furnace":3,"minecraft:cooked_mutton":3,"minecraft:iron_axe":3,"minecraft:stone_pickaxe":3,"minecraft:dark_oak_planks":84,"minecraft:cooked_rabbit":1,"simpleores:tin_ingot":11,"minecraft:cooked_porkchop":1,"minecraft:crafting_table":6,"minecraft:wooden_pickaxe":1,"minecraft:copper_ingot":4,"minecraft:stone_axe":2,"simpleores:tin_helmet":1,"minecraft:air":0,"minecraft:oak_boat":1,"minecraft:diamond_pickaxe":1,"minecraft:stick":128,"minecraft:iron_ingot":34,"minecraft:iron_pickaxe":8,"minecraft:stone_sword":1,"minecraft:white_bed":1,"simpleores:tin_boots":1,"minecraft:torch":172},"minecraft:killed_by":{"minecraft:spider":1,"minecraft:warden":1,"minecraft:cave_spider":1,"minecraft:skeleton":1},"minecraft:used":{"minecraft:stone_sword":31,"minecraft:cooked_chicken":6,"minecraft:torch":215,"minecraft:dirt":27,"minecraft:carrot":17,"minecraft:granite":64,"minecraft:iron_axe":236,"minecraft:hay_block":1,"minecraft:sweet_berries":4,"minecraft:furnace":6,"minecraft:cobbled_deepslate":13,"minecraft:cooked_mutton":3,"minecraft:stone_pickaxe":161,"minecraft:oak_planks":1,"minecraft:wooden_pickaxe":16,"minecraft:mossy_cobblestone":6,"minecraft:crafting_table":17,"minecraft:white_bed":8,"minecraft:diamond_pickaxe":17,"minecraft:bread":5,"minecraft:iron_pickaxe":1732,"minecraft:stone_axe":142,"minecraft:fishing_rod":13,"minecraft:cobblestone":90,"travelersbackpack:standard":2,"minecraft:cooked_porkchop":1,"minecraft:oak_boat":8,"minecraft:coarse_dirt":8},"minecraft:mined":{"minecraft:tuff":141,"minecraft:white_bed":6,"minecraft:mossy_cobblestone":11,"minecraft:deepslate_diamond_ore":10,"minecraft:sculk_vein":2,"minecraft:dark_oak_log":15,"minecraft:obsidian":16,"minecraft:granite":113,"minecraft:grass_block":6,"minecraft:spruce_leaves":21,"minecraft:moss_block":4,"minecraft:sandstone":2,"minecraft:spawner":2,"minecraft:large_fern":1,"minecraft:hay_block":9,"minecraft:furnace":4,"minecraft:carrots":12,"minecraft:iron_ore":29,"minecraft:cobbled_deepslate":8,"minecraft:pumpkin":5,"minecraft:deepslate_lapis_ore":2,"minecraft:potatoes":6,"minecraft:deepslate_iron_ore":15,"minecraft:rail":4,"simpleores:tin_ore":12,"minecraft:stone":261,"minecraft:podzol":1,"minecraft:deepslate_redstone_ore":52,"minecraft:crafting_table":13,"minecraft:torch":9,"minecraft:dark_oak_wood":6,"minecraft:copper_ore":14,"minecraft:cobblestone":18,"minecraft:deepslate_coal_ore":1,"minecraft:deepslate_gold_ore":43,"minecraft:lapis_ore":1,"minecraft:sugar_cane":3,"minecraft:sculk":6,"minecraft:wall_torch":14,"minecraft:coarse_dirt":9,"minecraft:sweet_berry_bush":1,"simpleores:deepslate_mythril_ore":2,"minecraft:wheat":9,"simpleores:deepslate_tin_ore":2,"minecraft:spruce_log":153,"minecraft:grass":16,"minecraft:oak_log":13,"minecraft:coal_ore":81,"minecraft:gravel":16,"minecraft:sand":4,"minecraft:dirt":34,"minecraft:cobweb":18,"minecraft:oak_leaves":1,"minecraft:deepslate":1015,"minecraft:fern":2},"minecraft:custom":{"minecraft:mob_kills":40,"minecraft:interact_with_crafting_table":41,"minecraft:bell_ring":13,"minecraft:leave_game":11,"minecraft:time_since_death":9672,"minecraft:sprint_one_cm":282477,"minecraft:walk_one_cm":383255,"minecraft:drop":60,"minecraft:play_time":220495,"minecraft:deaths":6,"minecraft:sneak_time":4528,"minecraft:walk_under_water_one_cm":16541,"minecraft:boat_one_cm":417645,"minecraft:jump":1803,"minecraft:walk_on_water_one_cm":31455,"minecraft:total_world_time":220495,"minecraft:interact_with_furnace":33,"minecraft:sleep_in_bed":3,"minecraft:time_since_rest":9706,"minecraft:damage_taken":2825,"minecraft:damage_dealt":3964,"minecraft:fly_one_cm":177323,"minecraft:open_chest":18,"minecraft:crouch_one_cm":7624,"minecraft:fish_caught":3,"minecraft:fall_one_cm":38735},"minecraft:dropped":{"minecraft:moss_block":3,"minecraft:wheat_seeds":1,"minecraft:mossy_cobblestone":1,"minecraft:dark_oak_sapling":1,"minecraft:feather":5,"minecraft:cobblestone":29,"minecraft:leather":1,"minecraft:granite":7,"minecraft:copper_ingot":1,"minecraft:rail":1,"minecraft:stick":1,"minecraft:dirt":8,"minecraft:pumpkin":5,"minecraft:iron_pickaxe":4,"minecraft:fishing_rod":1,"minecraft:white_wool":1,"minecraft:gravel":23,"minecraft:stone_axe":2,"minecraft:coarse_dirt":1,"minecraft:cobbled_deepslate":693,"minecraft:raw_copper":53,"minecraft:tuff":139,"minecraft:oak_planks":1,"simpleores:raw_tin":4,"minecraft:oak_sapling":1,"simpleores:tin_ingot":2,"minecraft:arrow":4,"minecraft:wooden_pickaxe":1,"minecraft:stone_pickaxe":2,"minecraft:cooked_rabbit":1},"minecraft:killed":{"minecraft:cave_spider":3,"minecraft:spider":3,"minecraft:skeleton":2,"minecraft:chicken":8,"minecraft:wolf":1,"minecraft:pig":9,"minecraft:rabbit":1,"minecraft:sheep":4,"minecraft:zombie":1,"minecraft:cow":8}},"DataVersion":3465}