{"stats":{"minecraft:picked_up":{"minecraft:fishing_rod":1,"minecraft:crafting_table":8,"minecraft:coarse_dirt":9,"minecraft:chicken":10,"minecraft:string":49,"minecraft:iron_axe":1,"minecraft:raw_copper":57,"minecraft:cobbled_deepslate":380,"minecraft:beef":28,"minecraft:oak_boat":9,"simpleores:raw_tin":16,"minecraft:iron_pickaxe":4,"minecraft:sugar_cane":10,"minecraft:furnace":6,"minecraft:dark_oak_sapling":1,"minecraft:raw_iron":41,"minecraft:sandstone":2,"minecraft:torch":61,"minecraft:porkchop":28,"minecraft:carrot":20,"minecraft:redstone":35,"simpleores:tin_helmet":1,"minecraft:dark_oak_planks":64,"minecraft:stone_sword":1,"minecraft:hay_block":18,"minecraft:mutton":7,"simpleores:tin_boots":1,"minecraft:cod":2,"minecraft:rail":3,"minecraft:white_wool":4,"minecraft:cobblestone":320,"minecraft:feather":5,"minecraft:leather":19,"minecraft:potato":15,"minecraft:tuff":70,"minecraft:oak_log":13,"minecraft:lapis_lazuli":13,"minecraft:dirt":38,"simpleores:copper_bucket":2,"minecraft:apple":8,"minecraft:wheat_seeds":1,"minecraft:iron_ingot":6,"minecraft:rabbit":1,"minecraft:moss_block":3,"minecraft:pumpkin":5,"minecraft:sweet_berries":21,"minecraft:gravel":7,"minecraft:sand":4,"minecraft:white_bed":7,"minecraft:dark_oak_log":15,"minecraft:spider_eye":1,"minecraft:mossy_cobblestone":7,"travelersbackpack:standard":1,"minecraft:diamond":10,"minecraft:granite":120,"minecraft:bread":5,"pfm:furniture_book":1,"minecraft:oak_sapling":1,"minecraft:coal":128,"minecraft:dark_oak_wood":6},"minecraft:broken":{"minecraft:iron_pickaxe":2},"minecraft:crafted":{"minecraft:oak_planks":52,"minecraft:fishing_rod":3,"simpleores:copper_bucket":1,"minecraft:cooked_chicken":6,"minecraft:furnace":3,"minecraft:cooked_mutton":3,"minecraft:iron_axe":1,"minecraft:stone_pickaxe":3,"minecraft:dark_oak_planks":84,"minecraft:cooked_rabbit":1,"simpleores:tin_ingot":11,"minecraft:cooked_porkchop":1,"minecraft:crafting_table":5,"minecraft:wooden_pickaxe":1,"minecraft:copper_ingot":4,"minecraft:stone_axe":2,"simpleores:tin_helmet":1,"minecraft:air":0,"minecraft:oak_boat":1,"minecraft:stick":128,"minecraft:iron_ingot":18,"minecraft:iron_pickaxe":5,"minecraft:stone_sword":1,"minecraft:white_bed":1,"simpleores:tin_boots":1,"minecraft:torch":136},"minecraft:killed_by":{"minecraft:spider":1,"minecraft:cave_spider":1,"minecraft:skeleton":1},"minecraft:used":{"minecraft:stone_sword":24,"minecraft:cooked_chicken":6,"minecraft:torch":106,"minecraft:dirt":27,"minecraft:carrot":14,"minecraft:granite":64,"minecraft:iron_axe":40,"minecraft:hay_block":1,"minecraft:sweet_berries":4,"minecraft:furnace":5,"minecraft:cooked_mutton":3,"minecraft:stone_pickaxe":161,"minecraft:oak_planks":1,"minecraft:wooden_pickaxe":16,"minecraft:mossy_cobblestone":6,"minecraft:crafting_table":12,"minecraft:white_bed":8,"minecraft:bread":2,"minecraft:iron_pickaxe":929,"minecraft:stone_axe":142,"minecraft:fishing_rod":6,"minecraft:cobblestone":36,"travelersbackpack:standard":2,"minecraft:cooked_porkchop":1,"minecraft:oak_boat":8,"minecraft:coarse_dirt":8},"minecraft:mined":{"minecraft:tuff":70,"minecraft:white_bed":6,"minecraft:mossy_cobblestone":11,"minecraft:deepslate_diamond_ore":10,"minecraft:dark_oak_log":15,"minecraft:granite":113,"minecraft:grass_block":5,"minecraft:moss_block":4,"minecraft:sandstone":2,"minecraft:spawner":2,"minecraft:hay_block":9,"minecraft:furnace":4,"minecraft:carrots":12,"minecraft:iron_ore":29,"minecraft:pumpkin":5,"minecraft:deepslate_lapis_ore":2,"minecraft:potatoes":6,"minecraft:deepslate_iron_ore":5,"minecraft:rail":4,"simpleores:tin_ore":12,"minecraft:stone":261,"minecraft:podzol":1,"minecraft:deepslate_redstone_ore":8,"minecraft:crafting_table":9,"minecraft:torch":2,"minecraft:dark_oak_wood":6,"minecraft:copper_ore":14,"minecraft:cobblestone":13,"minecraft:deepslate_coal_ore":1,"minecraft:lapis_ore":1,"minecraft:sugar_cane":3,"minecraft:wall_torch":4,"minecraft:coarse_dirt":9,"minecraft:wheat":9,"simpleores:deepslate_tin_ore":2,"minecraft:grass":16,"minecraft:oak_log":13,"minecraft:coal_ore":81,"minecraft:gravel":7,"minecraft:sand":4,"minecraft:dirt":34,"minecraft:cobweb":18,"minecraft:oak_leaves":1,"minecraft:deepslate":420,"minecraft:fern":2},"minecraft:custom":{"minecraft:mob_kills":38,"minecraft:interact_with_crafting_table":36,"minecraft:bell_ring":13,"minecraft:leave_game":11,"minecraft:time_since_death":24524,"minecraft:sprint_one_cm":217222,"minecraft:walk_one_cm":268869,"minecraft:drop":37,"minecraft:play_time":160495,"minecraft:deaths":4,"minecraft:sneak_time":2066,"minecraft:walk_under_water_one_cm":15186,"minecraft:boat_one_cm":417645,"minecraft:jump":1560,"minecraft:walk_on_water_one_cm":14762,"minecraft:total_world_time":160495,"minecraft:interact_with_furnace":29,"minecraft:sleep_in_bed":3,"minecraft:time_since_rest":24557,"minecraft:damage_taken":2025,"minecraft:damage_dealt":3477,"minecraft:fly_one_cm":164197,"minecraft:open_chest":18,"minecraft:crouch_one_cm":2465,"minecraft:fish_caught":2,"minecraft:fall_one_cm":36446},"minecraft:dropped":{"minecraft:moss_block":3,"minecraft:wheat_seeds":1,"minecraft:dark_oak_sapling":1,"minecraft:feather":5,"minecraft:cobblestone":3,"minecraft:leather":1,"minecraft:granite":7,"minecraft:copper_ingot":1,"minecraft:rail":1,"minecraft:stick":1,"minecraft:dirt":8,"minecraft:pumpkin":5,"minecraft:iron_pickaxe":2,"minecraft:fishing_rod":1,"minecraft:white_wool":1,"minecraft:gravel":6,"minecraft:stone_axe":2,"minecraft:coarse_dirt":1,"minecraft:cobbled_deepslate":67,"minecraft:raw_copper":53,"minecraft:tuff":2,"minecraft:oak_planks":1,"simpleores:raw_tin":4,"minecraft:oak_sapling":1,"simpleores:tin_ingot":2,"minecraft:wooden_pickaxe":1,"minecraft:stone_pickaxe":2,"minecraft:cooked_rabbit":1},"minecraft:killed":{"minecraft:cave_spider":3,"minecraft:spider":3,"minecraft:chicken":8,"minecraft:wolf":1,"minecraft:pig":9,"minecraft:rabbit":1,"minecraft:sheep":4,"minecraft:zombie":1,"minecraft:cow":8}},"DataVersion":3465}