{"stats":{"minecraft:picked_up":{"minecraft:fishing_rod":1,"minecraft:crafting_table":14,"minecraft:coarse_dirt":9,"minecraft:chicken":10,"minecraft:brown_mushroom":1,"minecraft:string":49,"minecraft:raw_copper":57,"minecraft:iron_axe":1,"minecraft:cobbled_deepslate":934,"minecraft:spruce_planks":13,"simpleores:raw_adamantium":1,"minecraft:beef":28,"minecraft:oak_boat":9,"minecraft:rose_bush":1,"simpleores:raw_tin":16,"minecraft:iron_pickaxe":6,"minecraft:sugar_cane":10,"minecraft:spruce_trapdoor":3,"minecraft:furnace":6,"minecraft:tipped_arrow":1,"minecraft:dark_oak_sapling":1,"minecraft:stick":18,"minecraft:raw_iron":51,"minecraft:sandstone":2,"minecraft:oak_door":1,"minecraft:torch":98,"minecraft:spruce_stairs":4,"minecraft:porkchop":28,"minecraft:carrot":20,"minecraft:redstone":225,"simpleores:tin_helmet":1,"minecraft:dark_oak_planks":64,"minecraft:rotten_flesh":2,"minecraft:stone_sword":1,"minecraft:arrow":5,"minecraft:hay_block":18,"minecraft:obsidian":16,"minecraft:mutton":7,"minecraft:snowball":45,"simpleores:tin_boots":1,"minecraft:cod":3,"minecraft:rail":3,"minecraft:white_wool":4,"minecraft:cobblestone":424,"minecraft:feather":5,"minecraft:andesite":5,"minecraft:leather":19,"minecraft:potato":15,"minecraft:flint":3,"minecraft:tuff":139,"minecraft:oak_log":20,"minecraft:lapis_lazuli":13,"minecraft:dirt":144,"minecraft:bone":3,"simpleores:copper_bucket":3,"simpleores:raw_mythril":2,"minecraft:apple":8,"minecraft:kelp":8,"minecraft:wheat_seeds":2,"minecraft:raw_gold":43,"minecraft:bell":1,"minecraft:iron_ingot":6,"minecraft:rabbit":1,"minecraft:moss_block":3,"minecraft:pumpkin":5,"minecraft:sweet_berries":23,"minecraft:gravel":36,"minecraft:sand":4,"minecraft:spruce_sapling":32,"minecraft:white_bed":14,"minecraft:spruce_log":490,"minecraft:dark_oak_log":15,"minecraft:spider_eye":1,"minecraft:mossy_cobblestone":7,"travelersbackpack:standard":1,"minecraft:purple_bed":1,"minecraft:diamond":10,"minecraft:spruce_boat":6,"minecraft:granite":134,"minecraft:bread":5,"pfm:furniture_book":1,"minecraft:oak_sapling":2,"minecraft:dark_oak_wood":6,"minecraft:coal":128},"minecraft:broken":{"minecraft:iron_axe":2,"minecraft:iron_pickaxe":6,"minecraft:wooden_hoe":1},"minecraft:crafted":{"minecraft:oak_planks":80,"minecraft:fishing_rod":3,"simpleores:copper_bucket":1,"minecraft:spruce_button":1,"minecraft:cooked_chicken":6,"minecraft:furnace":3,"minecraft:cooked_mutton":3,"minecraft:spruce_stairs":16,"minecraft:iron_axe":3,"minecraft:stone_pickaxe":3,"minecraft:chest":2,"minecraft:dark_oak_planks":84,"minecraft:cooked_rabbit":1,"minecraft:wheat":72,"simpleores:tin_ingot":11,"minecraft:cooked_porkchop":1,"minecraft:crafting_table":7,"minecraft:spruce_planks":268,"minecraft:wooden_pickaxe":1,"minecraft:copper_ingot":4,"minecraft:stone_axe":2,"simpleores:tin_helmet":1,"minecraft:bread":24,"minecraft:air":0,"minecraft:oak_boat":1,"minecraft:wooden_hoe":2,"minecraft:diamond_pickaxe":1,"minecraft:stick":128,"minecraft:iron_ingot":34,"minecraft:iron_pickaxe":8,"minecraft:wooden_axe":1,"minecraft:stone_sword":1,"minecraft:iron_shovel":1,"minecraft:white_bed":1,"simpleores:tin_boots":1,"minecraft:torch":268},"minecraft:killed_by":{"minecraft:player":1,"minecraft:creeper":1,"minecraft:spider":1,"minecraft:warden":1,"minecraft:cave_spider":1,"minecraft:skeleton":2,"minecraft:zombie":1},"minecraft:used":{"minecraft:stone_sword":48,"minecraft:iron_shovel":121,"minecraft:spruce_planks":190,"minecraft:chest":2,"minecraft:cooked_chicken":6,"minecraft:torch":277,"minecraft:dirt":109,"minecraft:spruce_stairs":16,"minecraft:carrot":17,"minecraft:snowball":16,"minecraft:granite":64,"minecraft:spruce_boat":6,"minecraft:iron_axe":660,"minecraft:hay_block":1,"minecraft:sweet_berries":34,"minecraft:furnace":6,"minecraft:potato":11,"minecraft:cobbled_deepslate":48,"minecraft:cooked_mutton":3,"minecraft:oak_planks":1,"minecraft:stone_pickaxe":161,"minecraft:wooden_pickaxe":16,"minecraft:mossy_cobblestone":6,"minecraft:crafting_table":21,"minecraft:white_bed":13,"minecraft:spruce_log":250,"minecraft:wooden_hoe":82,"minecraft:diamond_pickaxe":17,"minecraft:iron_pickaxe":1927,"minecraft:bread":24,"minecraft:stone_axe":142,"minecraft:fishing_rod":13,"minecraft:purple_bed":1,"travelersbackpack:standard":2,"minecraft:cobblestone":170,"minecraft:cooked_porkchop":1,"minecraft:oak_boat":8,"minecraft:coarse_dirt":8},"minecraft:mined":{"minecraft:tuff":141,"minecraft:spruce_planks":13,"minecraft:white_bed":11,"minecraft:mossy_cobblestone":11,"minecraft:deepslate_diamond_ore":10,"minecraft:oak_door":1,"minecraft:sculk_vein":2,"minecraft:dark_oak_log":15,"minecraft:obsidian":16,"minecraft:spruce_trapdoor":4,"minecraft:granite":127,"minecraft:grass_block":34,"minecraft:spruce_leaves":56,"simpleores:deepslate_adamantium_ore":1,"minecraft:moss_block":4,"minecraft:kelp":2,"minecraft:sandstone":2,"minecraft:spawner":2,"minecraft:hay_block":9,"minecraft:large_fern":2,"minecraft:furnace":4,"minecraft:carrots":12,"minecraft:iron_ore":29,"minecraft:cobbled_deepslate":30,"minecraft:snow":8,"minecraft:andesite":16,"minecraft:pumpkin":5,"minecraft:deepslate_lapis_ore":2,"minecraft:potatoes":6,"minecraft:deepslate_iron_ore":15,"minecraft:dirt_path":66,"minecraft:rail":4,"simpleores:tin_ore":12,"minecraft:stone":315,"minecraft:podzol":1,"minecraft:deepslate_redstone_ore":52,"minecraft:kelp_plant":1,"minecraft:crafting_table":15,"minecraft:torch":9,"minecraft:dark_oak_wood":6,"minecraft:rose_bush":1,"minecraft:copper_ore":14,"minecraft:deepslate_coal_ore":1,"minecraft:cobblestone":68,"minecraft:deepslate_gold_ore":43,"minecraft:lapis_ore":1,"minecraft:sugar_cane":3,"minecraft:sculk":6,"minecraft:wall_torch":17,"minecraft:spruce_stairs":4,"minecraft:seagrass":1,"minecraft:purple_bed":1,"minecraft:coarse_dirt":9,"simpleores:deepslate_mythril_ore":2,"minecraft:wheat":9,"minecraft:sweet_berry_bush":1,"minecraft:ice":3,"simpleores:deepslate_tin_ore":2,"minecraft:spruce_log":498,"minecraft:grass":24,"minecraft:oak_log":20,"minecraft:coal_ore":81,"minecraft:gravel":31,"minecraft:dirt":47,"minecraft:sand":4,"minecraft:cobweb":18,"minecraft:oak_leaves":6,"minecraft:deepslate":1032,"minecraft:fern":7},"minecraft:custom":{"minecraft:mob_kills":43,"minecraft:open_barrel":3,"minecraft:interact_with_crafting_table":49,"minecraft:bell_ring":13,"minecraft:leave_game":13,"minecraft:time_since_death":457,"minecraft:sprint_one_cm":537374,"minecraft:walk_one_cm":647353,"minecraft:drop":78,"minecraft:play_time":320817,"minecraft:deaths":13,"minecraft:sneak_time":10107,"minecraft:walk_under_water_one_cm":55714,"minecraft:boat_one_cm":622125,"minecraft:jump":3304,"minecraft:walk_on_water_one_cm":53217,"minecraft:total_world_time":320817,"minecraft:interact_with_furnace":35,"minecraft:interact_with_cartography_table":1,"minecraft:sleep_in_bed":14,"minecraft:time_since_rest":490,"minecraft:damage_taken":5498,"minecraft:damage_dealt":4373,"minecraft:swim_one_cm":14353,"minecraft:fly_one_cm":436972,"minecraft:open_chest":25,"minecraft:crouch_one_cm":23081,"minecraft:fish_caught":3,"minecraft:fall_one_cm":97711},"minecraft:dropped":{"minecraft:iron_ingot":1,"minecraft:moss_block":3,"minecraft:wheat_seeds":2,"minecraft:mossy_cobblestone":1,"minecraft:dark_oak_sapling":1,"minecraft:feather":5,"minecraft:cobblestone":29,"minecraft:leather":1,"minecraft:granite":21,"minecraft:copper_ingot":1,"minecraft:rail":1,"minecraft:cod":1,"minecraft:stick":1,"minecraft:flint":3,"minecraft:dirt":16,"minecraft:pumpkin":5,"minecraft:iron_pickaxe":4,"minecraft:fishing_rod":1,"minecraft:white_wool":1,"minecraft:bone":2,"minecraft:gravel":23,"minecraft:stone_axe":2,"minecraft:kelp":8,"simpleores:copper_bucket":1,"minecraft:coarse_dirt":1,"minecraft:cobbled_deepslate":693,"minecraft:raw_copper":53,"minecraft:tuff":139,"minecraft:oak_planks":1,"minecraft:white_bed":1,"simpleores:raw_tin":4,"minecraft:spruce_planks":1,"minecraft:spruce_trapdoor":3,"minecraft:andesite":5,"minecraft:oak_sapling":2,"simpleores:tin_ingot":2,"minecraft:arrow":4,"minecraft:stone_pickaxe":2,"minecraft:wooden_pickaxe":1,"minecraft:bell":1,"minecraft:cooked_rabbit":1},"minecraft:killed":{"minecraft:cave_spider":3,"minecraft:spider":3,"minecraft:skeleton":2,"minecraft:chicken":8,"minecraft:wolf":1,"minecraft:pig":10,"minecraft:rabbit":1,"minecraft:sheep":4,"minecraft:zombie":2,"minecraft:stray":1,"minecraft:cow":8}},"DataVersion":3465}