{"stats":{"minecraft:used":{"minecraft:wooden_axe":30,"minecraft:stone_pickaxe":85,"minecraft:oak_planks":1,"minecraft:wooden_pickaxe":61,"simpleores:tin_chestplate":1,"minecraft:wooden_shovel":25,"minecraft:torch":4,"minecraft:dirt":15,"minecraft:crafting_table":5,"minecraft:furnace":2,"minecraft:cooked_porkchop":2,"minecraft:white_bed":2,"minecraft:coarse_dirt":11},"minecraft:broken":{"minecraft:wooden_pickaxe":1},"minecraft:crafted":{"simpleores:tin_ingot":12,"minecraft:oak_planks":20,"minecraft:wooden_shovel":1,"minecraft:cooked_porkchop":1,"minecraft:crafting_table":1,"minecraft:spruce_planks":20,"minecraft:stick":12,"minecraft:wooden_pickaxe":1,"minecraft:stone_pickaxe":1,"minecraft:wooden_axe":1,"simpleores:tin_chestplate":1,"minecraft:furnace":1,"minecraft:white_bed":1,"minecraft:torch":4,"minecraft:air":0},"minecraft:custom":{"minecraft:time_since_rest":616,"minecraft:interact_with_furnace":10,"minecraft:sprint_one_cm":78399,"minecraft:damage_taken":206,"minecraft:walk_one_cm":52002,"minecraft:mob_kills":13,"minecraft:damage_dealt":1240,"minecraft:interact_with_crafting_table":13,"minecraft:fly_one_cm":76024,"minecraft:open_chest":2,"minecraft:play_time":25402,"minecraft:crouch_one_cm":1498,"minecraft:sneak_time":1107,"minecraft:walk_under_water_one_cm":1568,"minecraft:jump":534,"minecraft:time_since_death":25402,"minecraft:walk_on_water_one_cm":1166,"minecraft:sleep_in_bed":2,"minecraft:total_world_time":25402,"minecraft:fall_one_cm":11683},"minecraft:picked_up":{"minecraft:crafting_table":5,"minecraft:coarse_dirt":13,"minecraft:cooked_porkchop":1,"minecraft:sweet_berries":44,"minecraft:leather":3,"minecraft:torch":3,"minecraft:porkchop":6,"minecraft:oak_log":5,"minecraft:white_bed":2,"minecraft:spruce_log":5,"minecraft:dirt":15,"minecraft:string":1,"minecraft:raw_copper":23,"minecraft:beef":9,"simpleores:raw_tin":33,"minecraft:mutton":11,"minecraft:oak_planks":1,"minecraft:coal":56,"minecraft:white_wool":6,"minecraft:cobblestone":92,"minecraft:furnace":2},"minecraft:mined":{"minecraft:large_fern":1,"minecraft:coarse_dirt":13,"minecraft:white_bed":2,"minecraft:furnace":2,"minecraft:sweet_berry_bush":16,"minecraft:spruce_log":5,"minecraft:crafting_table":5,"minecraft:grass":1,"minecraft:oak_log":5,"minecraft:grass_block":9,"minecraft:coal_ore":22,"minecraft:dirt":6,"minecraft:copper_ore":8,"simpleores:tin_ore":16,"minecraft:stone":95,"minecraft:oak_planks":1,"minecraft:wall_torch":3,"minecraft:fern":1},"minecraft:killed":{"minecraft:sheep":6,"minecraft:pig":2,"minecraft:spider":1,"minecraft:cow":4}},"DataVersion":3465}