{"stats":{"minecraft:dropped":{"minecraft:diorite":1},"minecraft:mined":{"minecraft:deepslate_redstone_ore":5,"minecraft:tuff":1,"minecraft:spruce_planks":9,"minecraft:white_bed":3,"minecraft:blackstone":1,"minecraft:deepslate_diamond_ore":4,"minecraft:clay":2,"minecraft:crafting_table":5,"minecraft:cave_vines_plant":14,"minecraft:grass_block":11,"minecraft:moss_block":2,"minecraft:cobblestone":12,"minecraft:tall_grass":3,"minecraft:copper_ore":8,"simpleores:deepslate_adamantium_ore":4,"minecraft:oak_planks":1,"minecraft:diorite":3,"minecraft:wall_torch":3,"minecraft:large_fern":3,"minecraft:coarse_dirt":15,"minecraft:furnace":2,"minecraft:iron_ore":21,"simpleores:deepslate_mythril_ore":3,"minecraft:sweet_berry_bush":16,"minecraft:spruce_log":5,"minecraft:moss_carpet":1,"minecraft:grass":4,"simpleores:mythril_ore":3,"minecraft:oak_log":5,"minecraft:coal_ore":23,"minecraft:cave_vines":9,"minecraft:deepslate_iron_ore":27,"minecraft:dirt":8,"simpleores:tin_ore":20,"minecraft:stone":136,"minecraft:gold_ore":6,"minecraft:oak_leaves":1,"minecraft:deepslate":58,"minecraft:fern":1},"minecraft:picked_up":{"minecraft:wooden_axe":2,"minecraft:crafting_table":5,"minecraft:coarse_dirt":23,"minecraft:clay_ball":24,"minecraft:leather":18,"minecraft:flint":4,"minecraft:tuff":3,"minecraft:oak_log":5,"minecraft:shield":4,"minecraft:dirt":19,"minecraft:string":11,"minecraft:moss_carpet":3,"minecraft:raw_copper":86,"minecraft:cooked_mutton":16,"simpleores:raw_mythril":18,"minecraft:blackstone":2,"simpleores:raw_adamantium":5,"minecraft:cobbled_deepslate":241,"minecraft:raw_gold":36,"minecraft:stone_pickaxe":6,"minecraft:spruce_planks":43,"minecraft:iron_ingot":26,"minecraft:beef":63,"simpleores:tin_chestplate":6,"simpleores:raw_tin":87,"minecraft:iron_nugget":18,"minecraft:wooden_shovel":6,"minecraft:iron_pickaxe":5,"minecraft:moss_block":4,"minecraft:oak_planks":7,"minecraft:egg":7,"minecraft:furnace":2,"minecraft:stick":10,"minecraft:raw_iron":205,"minecraft:cooked_porkchop":1,"minecraft:sweet_berries":186,"simpleores:mythril_ingot":10,"minecraft:copper_ingot":65,"minecraft:torch":37,"minecraft:fire_charge":6,"minecraft:porkchop":16,"minecraft:diorite":3,"minecraft:white_bed":4,"minecraft:spruce_log":5,"minecraft:redstone":110,"minecraft:golden_chestplate":6,"minecraft:diamond":4,"simpleores:tin_ingot":24,"minecraft:golden_horse_armor":6,"pfm:furniture_book":3,"minecraft:glow_berries":32,"minecraft:mutton":33,"minecraft:coal":64,"minecraft:white_wool":24,"minecraft:cobblestone":779},"minecraft:used":{"minecraft:cooked_mutton":5,"minecraft:diorite":2,"minecraft:stone_pickaxe":121,"minecraft:oak_planks":2,"minecraft:blackstone":1,"minecraft:shield":14,"minecraft:spruce_planks":19,"minecraft:wooden_pickaxe":61,"minecraft:wooden_shovel":25,"minecraft:torch":14,"minecraft:glow_berries":15,"minecraft:dirt":19,"minecraft:crafting_table":6,"minecraft:tuff":1,"minecraft:white_bed":4,"minecraft:golden_chestplate":1,"minecraft:wooden_axe":38,"minecraft:iron_pickaxe":199,"simpleores:tin_chestplate":1,"minecraft:cobblestone":36,"minecraft:sweet_berries":61,"minecraft:furnace":3,"minecraft:cooked_porkchop":2,"minecraft:egg":1,"minecraft:coarse_dirt":14},"minecraft:custom":{"minecraft:interact_with_furnace":21,"minecraft:mob_kills":15,"minecraft:interact_with_crafting_table":24,"minecraft:time_since_death":6640,"minecraft:sleep_in_bed":5,"minecraft:climb_one_cm":704,"minecraft:time_since_rest":6668,"minecraft:sprint_one_cm":294946,"minecraft:damage_taken":2418,"minecraft:walk_one_cm":199703,"minecraft:damage_blocked_by_shield":530,"minecraft:drop":1,"minecraft:damage_dealt":2240,"minecraft:fly_one_cm":242571,"minecraft:open_chest":2,"minecraft:crouch_one_cm":9159,"minecraft:play_time":75304,"minecraft:deaths":6,"minecraft:sneak_time":4339,"minecraft:walk_under_water_one_cm":3476,"minecraft:jump":1821,"minecraft:walk_on_water_one_cm":8788,"minecraft:total_world_time":75304,"minecraft:fall_one_cm":54869},"minecraft:broken":{"minecraft:wooden_pickaxe":1},"minecraft:crafted":{"simpleores:tin_ingot":12,"minecraft:oak_planks":20,"minecraft:wooden_shovel":1,"minecraft:cooked_porkchop":1,"minecraft:crafting_table":1,"minecraft:spruce_planks":20,"minecraft:wooden_pickaxe":1,"simpleores:tin_chestplate":1,"minecraft:furnace":1,"minecraft:copper_ingot":13,"minecraft:cooked_mutton":11,"minecraft:air":0,"minecraft:shield":1,"minecraft:stick":16,"minecraft:iron_ingot":9,"minecraft:iron_pickaxe":1,"minecraft:stone_pickaxe":1,"minecraft:wooden_axe":1,"simpleores:mythril_ingot":3,"minecraft:white_bed":1,"minecraft:torch":16},"minecraft:killed":{"minecraft:pig":2,"minecraft:spider":2,"minecraft:skeleton":1,"minecraft:sheep":6,"minecraft:cow":4},"minecraft:killed_by":{"minecraft:skeleton":2,"minecraft:creeper":2,"minecraft:zombie":2}},"DataVersion":3465}