{"stats":{"minecraft:picked_up":{"minecraft:wooden_axe":2,"minecraft:fishing_rod":1,"minecraft:crafting_table":16,"minecraft:coarse_dirt":39,"minecraft:redstone_block":2,"minecraft:clay_ball":56,"minecraft:gold_block":1,"minecraft:shield":4,"minecraft:dark_oak_trapdoor":2,"minecraft:string":11,"minecraft:moss_carpet":36,"minecraft:raw_copper":141,"minecraft:iron_axe":1,"minecraft:blackstone":8,"minecraft:cobbled_deepslate":452,"minecraft:spruce_planks":44,"simpleores:raw_adamantium":37,"minecraft:beef":63,"simpleores:tin_chestplate":6,"simpleores:raw_tin":144,"minecraft:iron_nugget":18,"minecraft:calcite":2,"minecraft:azalea":6,"minecraft:wooden_shovel":6,"minecraft:iron_pickaxe":5,"minecraft:chest":2,"minecraft:egg":10,"minecraft:furnace":9,"minecraft:stick":10,"minecraft:raw_iron":305,"minecraft:oak_door":23,"simpleores:mythril_ingot":10,"minecraft:copper_ingot":117,"minecraft:torch":52,"minecraft:fire_charge":7,"minecraft:porkchop":31,"minecraft:cherry_log":11,"minecraft:diorite":7,"minecraft:redstone":142,"minecraft:golden_chestplate":7,"minecraft:dark_oak_planks":25,"minecraft:arrow":4,"minecraft:rotten_flesh":14,"minecraft:tropical_fish":1,"minecraft:hay_block":1,"minecraft:iron_block":4,"minecraft:glow_berries":38,"minecraft:mutton":36,"minecraft:cobblestone":924,"minecraft:white_wool":25,"minecraft:magma_block":17,"minecraft:cooked_beef":6,"minecraft:leather":27,"minecraft:flint":4,"minecraft:tuff":17,"minecraft:oak_log":28,"minecraft:blue_bed":3,"minecraft:lapis_lazuli":59,"minecraft:dirt":57,"minecraft:cooked_mutton":16,"minecraft:bone":4,"simpleores:raw_mythril":36,"minecraft:wheat_seeds":8,"minecraft:raw_gold":65,"minecraft:stone_pickaxe":7,"minecraft:iron_ingot":85,"minecraft:moss_block":5,"minecraft:flowering_azalea":9,"minecraft:oak_planks":27,"minecraft:dark_oak_stairs":2,"minecraft:cooked_porkchop":4,"minecraft:sweet_berries":189,"minecraft:gravel":1,"minecraft:jungle_planks":11,"minecraft:sand":42,"minecraft:white_bed":13,"minecraft:spruce_log":50,"minecraft:dark_oak_log":2,"minecraft:purple_bed":1,"minecraft:diamond":23,"simpleores:tin_ingot":24,"minecraft:granite":3,"minecraft:golden_horse_armor":6,"pfm:furniture_book":3,"minecraft:oak_sapling":8,"minecraft:coal":84},"minecraft:broken":{"minecraft:golden_shovel":1,"minecraft:wooden_pickaxe":1,"minecraft:stone_pickaxe":1,"minecraft:iron_pickaxe":1},"minecraft:crafted":{"minecraft:oak_door":3,"minecraft:oak_planks":112,"minecraft:furnace":1,"minecraft:cooked_mutton":13,"minecraft:iron_boots":1,"minecraft:iron_axe":1,"minecraft:stone_pickaxe":3,"minecraft:chest":1,"simpleores:adamantium_pickaxe":1,"minecraft:wheat":9,"simpleores:tin_ingot":12,"minecraft:wooden_shovel":1,"minecraft:cooked_porkchop":16,"minecraft:crafting_table":3,"minecraft:spruce_planks":20,"minecraft:wooden_pickaxe":3,"minecraft:iron_helmet":1,"minecraft:iron_sword":1,"simpleores:tin_chestplate":1,"minecraft:copper_ingot":13,"simpleores:adamantium_ingot":3,"minecraft:bucket":1,"minecraft:bread":3,"minecraft:air":0,"minecraft:iron_chestplate":1,"minecraft:shield":2,"minecraft:stick":36,"minecraft:iron_ingot":68,"minecraft:iron_pickaxe":2,"minecraft:wooden_axe":2,"simpleores:mythril_ingot":3,"minecraft:iron_leggings":1,"minecraft:white_bed":1,"minecraft:torch":16},"minecraft:killed_by":{"minecraft:creeper":4,"minecraft:spider":1,"minecraft:skeleton":8,"minecraft:zombie":4},"minecraft:used":{"simpleores:adamantium_pickaxe":57,"minecraft:tropical_fish":1,"minecraft:chest":2,"minecraft:spruce_planks":19,"minecraft:shield":59,"minecraft:iron_sword":70,"minecraft:wooden_shovel":25,"minecraft:oak_door":20,"minecraft:torch":14,"minecraft:dirt":51,"minecraft:golden_shovel":32,"minecraft:golden_chestplate":1,"minecraft:tuff":14,"minecraft:wooden_axe":52,"minecraft:iron_axe":182,"simpleores:tin_chestplate":1,"minecraft:sweet_berries":83,"minecraft:furnace":9,"minecraft:egg":2,"minecraft:cooked_beef":6,"minecraft:cobbled_deepslate":113,"minecraft:calcite":1,"minecraft:cooked_mutton":7,"minecraft:dark_oak_stairs":2,"minecraft:water_bucket":103,"minecraft:diorite":3,"minecraft:stone_pickaxe":317,"minecraft:oak_planks":13,"minecraft:blackstone":5,"minecraft:wooden_pickaxe":87,"minecraft:blue_bed":2,"minecraft:dark_oak_trapdoor":1,"minecraft:glow_berries":30,"minecraft:crafting_table":18,"minecraft:white_bed":13,"minecraft:bread":3,"minecraft:iron_pickaxe":457,"minecraft:gravel":1,"minecraft:fishing_rod":20,"minecraft:cobblestone":83,"minecraft:purple_bed":1,"minecraft:cooked_porkchop":15,"minecraft:bucket":104,"minecraft:coarse_dirt":30},"minecraft:mined":{"minecraft:dark_oak_planks":25,"minecraft:tuff":15,"minecraft:spruce_planks":10,"minecraft:white_bed":12,"minecraft:deepslate_diamond_ore":23,"minecraft:oak_door":18,"minecraft:cherry_log":12,"minecraft:dark_oak_log":2,"minecraft:cave_vines_plant":20,"minecraft:granite":3,"minecraft:grass_block":18,"minecraft:jungle_planks":13,"minecraft:spruce_leaves":7,"simpleores:deepslate_adamantium_ore":24,"minecraft:moss_block":3,"minecraft:large_fern":3,"minecraft:hay_block":1,"minecraft:magma_block":17,"minecraft:redstone_ore":1,"minecraft:furnace":9,"minecraft:dark_oak_trapdoor":2,"minecraft:iron_ore":87,"minecraft:cobbled_deepslate":1,"minecraft:snow":1,"minecraft:moss_carpet":1,"minecraft:deepslate_lapis_ore":9,"minecraft:dark_oak_stairs":3,"minecraft:gold_block":1,"minecraft:cave_vines":13,"minecraft:deepslate_iron_ore":64,"simpleores:tin_ore":33,"minecraft:azalea":1,"minecraft:stone":266,"minecraft:deepslate_redstone_ore":11,"minecraft:blackstone":8,"minecraft:clay":2,"minecraft:crafting_table":16,"minecraft:jungle_stairs":1,"minecraft:calcite":2,"minecraft:chest":3,"minecraft:tall_grass":14,"minecraft:copper_ore":12,"minecraft:cobblestone":20,"minecraft:deepslate_coal_ore":6,"minecraft:deepslate_gold_ore":3,"minecraft:oak_planks":7,"minecraft:blue_bed":3,"minecraft:diorite":5,"minecraft:wall_torch":3,"minecraft:deepslate_copper_ore":1,"minecraft:purple_bed":1,"minecraft:coarse_dirt":32,"simpleores:deepslate_mythril_ore":16,"minecraft:sweet_berry_bush":19,"simpleores:deepslate_tin_ore":2,"minecraft:spruce_log":53,"minecraft:birch_leaves":3,"minecraft:grass":27,"simpleores:mythril_ore":8,"minecraft:oak_log":22,"minecraft:coal_ore":23,"minecraft:cherry_leaves":1,"minecraft:sand":32,"minecraft:gravel":1,"minecraft:dirt":41,"minecraft:gold_ore":8,"minecraft:oak_leaves":14,"minecraft:deepslate":144,"minecraft:fern":1},"minecraft:custom":{"minecraft:mob_kills":43,"minecraft:interact_with_crafting_table":43,"minecraft:leave_game":2,"minecraft:time_since_death":21820,"minecraft:climb_one_cm":1277,"minecraft:sprint_one_cm":815337,"minecraft:walk_one_cm":487725,"minecraft:damage_blocked_by_shield":1814,"minecraft:drop":59,"minecraft:play_time":241467,"minecraft:deaths":19,"minecraft:sneak_time":12532,"minecraft:walk_under_water_one_cm":58836,"minecraft:jump":5550,"minecraft:walk_on_water_one_cm":62591,"minecraft:total_world_time":241467,"minecraft:interact_with_furnace":48,"minecraft:sleep_in_bed":12,"minecraft:time_since_rest":6987,"minecraft:damage_taken":7133,"minecraft:damage_dealt":7427,"minecraft:swim_one_cm":132408,"minecraft:fly_one_cm":866216,"minecraft:open_chest":12,"minecraft:crouch_one_cm":28163,"minecraft:fall_one_cm":176391},"minecraft:dropped":{"minecraft:wheat_seeds":3,"minecraft:jungle_planks":2,"minecraft:stick":3,"minecraft:diorite":1,"minecraft:sand":16,"minecraft:iron_axe":1,"minecraft:oak_door":6,"minecraft:sweet_berries":3,"minecraft:tuff":1,"minecraft:rotten_flesh":14,"minecraft:spruce_planks":1,"minecraft:chest":1,"minecraft:arrow":1,"minecraft:wooden_pickaxe":1,"minecraft:calcite":1,"minecraft:magma_block":4},"minecraft:killed":{"minecraft:spider":7,"minecraft:skeleton":6,"minecraft:pig":10,"minecraft:zombie_villager":1,"minecraft:sheep":8,"minecraft:zombie":7,"minecraft:cow":4}},"DataVersion":3465}