{"stats":{"minecraft:used":{"minecraft:cooked_mutton":5,"minecraft:diorite":2,"minecraft:tropical_fish":1,"minecraft:stone_pickaxe":136,"minecraft:oak_planks":2,"minecraft:blackstone":1,"minecraft:spruce_planks":19,"minecraft:wooden_pickaxe":61,"minecraft:shield":14,"minecraft:wooden_shovel":25,"minecraft:torch":14,"minecraft:glow_berries":30,"minecraft:dirt":19,"minecraft:white_bed":4,"minecraft:crafting_table":6,"minecraft:golden_chestplate":1,"minecraft:tuff":1,"minecraft:wooden_axe":38,"minecraft:iron_pickaxe":208,"simpleores:tin_chestplate":1,"minecraft:cobblestone":67,"minecraft:sweet_berries":83,"minecraft:furnace":3,"minecraft:cooked_porkchop":2,"minecraft:egg":2,"minecraft:cobbled_deepslate":32,"minecraft:coarse_dirt":15},"minecraft:broken":{"minecraft:stone_pickaxe":1,"minecraft:wooden_pickaxe":1},"minecraft:crafted":{"simpleores:tin_ingot":12,"minecraft:oak_planks":20,"minecraft:wooden_shovel":1,"minecraft:cooked_porkchop":1,"minecraft:crafting_table":1,"minecraft:spruce_planks":20,"minecraft:wooden_pickaxe":1,"simpleores:tin_chestplate":1,"minecraft:furnace":1,"minecraft:copper_ingot":13,"minecraft:cooked_mutton":11,"minecraft:air":0,"minecraft:shield":1,"minecraft:stick":16,"minecraft:iron_ingot":9,"minecraft:iron_pickaxe":1,"minecraft:stone_pickaxe":1,"minecraft:wooden_axe":1,"simpleores:mythril_ingot":3,"minecraft:white_bed":1,"minecraft:torch":16},"minecraft:custom":{"minecraft:interact_with_furnace":21,"minecraft:mob_kills":15,"minecraft:interact_with_crafting_table":24,"minecraft:time_since_death":2685,"minecraft:sleep_in_bed":5,"minecraft:climb_one_cm":704,"minecraft:time_since_rest":2717,"minecraft:sprint_one_cm":447408,"minecraft:damage_taken":3749,"minecraft:walk_one_cm":225242,"minecraft:damage_blocked_by_shield":530,"minecraft:drop":2,"minecraft:damage_dealt":2282,"minecraft:swim_one_cm":80,"minecraft:fly_one_cm":386285,"minecraft:open_chest":2,"minecraft:crouch_one_cm":12505,"minecraft:play_time":93094,"minecraft:deaths":11,"minecraft:sneak_time":5413,"minecraft:walk_under_water_one_cm":4432,"minecraft:jump":2461,"minecraft:walk_on_water_one_cm":15781,"minecraft:total_world_time":93094,"minecraft:fall_one_cm":89611},"minecraft:mined":{"minecraft:deepslate_redstone_ore":5,"minecraft:tuff":1,"minecraft:spruce_planks":9,"minecraft:white_bed":3,"minecraft:blackstone":1,"minecraft:deepslate_diamond_ore":4,"minecraft:clay":2,"minecraft:crafting_table":5,"minecraft:cave_vines_plant":17,"minecraft:grass_block":11,"minecraft:copper_ore":8,"minecraft:tall_grass":3,"minecraft:cobblestone":18,"simpleores:deepslate_adamantium_ore":4,"minecraft:oak_planks":1,"minecraft:moss_block":3,"minecraft:diorite":3,"minecraft:wall_torch":3,"minecraft:large_fern":3,"minecraft:coarse_dirt":15,"minecraft:furnace":2,"minecraft:iron_ore":21,"simpleores:deepslate_mythril_ore":3,"minecraft:sweet_berry_bush":16,"minecraft:spruce_log":5,"minecraft:moss_carpet":1,"minecraft:grass":7,"simpleores:mythril_ore":3,"minecraft:oak_log":5,"minecraft:coal_ore":23,"minecraft:cave_vines":13,"minecraft:deepslate_iron_ore":27,"minecraft:dirt":8,"minecraft:azalea":1,"simpleores:tin_ore":20,"minecraft:stone":136,"minecraft:gold_ore":6,"minecraft:oak_leaves":1,"minecraft:deepslate":69,"minecraft:fern":1},"minecraft:picked_up":{"minecraft:wooden_axe":2,"minecraft:crafting_table":5,"minecraft:coarse_dirt":24,"minecraft:clay_ball":56,"minecraft:leather":27,"minecraft:flint":4,"minecraft:tuff":3,"minecraft:oak_log":5,"minecraft:shield":4,"minecraft:string":11,"minecraft:dirt":19,"minecraft:moss_carpet":36,"minecraft:raw_copper":126,"minecraft:bone":1,"minecraft:cooked_mutton":16,"simpleores:raw_mythril":18,"minecraft:blackstone":2,"minecraft:wheat_seeds":3,"minecraft:azalea":6,"minecraft:cobbled_deepslate":371,"minecraft:raw_gold":60,"minecraft:spruce_planks":43,"simpleores:raw_adamantium":17,"minecraft:beef":63,"minecraft:iron_ingot":46,"simpleores:tin_chestplate":6,"minecraft:stone_pickaxe":7,"simpleores:raw_tin":87,"minecraft:iron_nugget":18,"minecraft:wooden_shovel":6,"minecraft:iron_pickaxe":5,"minecraft:moss_block":5,"minecraft:flowering_azalea":9,"minecraft:oak_planks":7,"minecraft:furnace":2,"minecraft:egg":10,"minecraft:stick":10,"minecraft:raw_iron":205,"minecraft:cooked_porkchop":1,"minecraft:sweet_berries":186,"simpleores:mythril_ingot":10,"minecraft:copper_ingot":117,"minecraft:torch":52,"minecraft:fire_charge":7,"minecraft:porkchop":16,"minecraft:diorite":3,"minecraft:white_bed":4,"minecraft:spruce_log":5,"minecraft:redstone":110,"minecraft:golden_chestplate":7,"minecraft:arrow":3,"minecraft:tropical_fish":1,"minecraft:diamond":4,"simpleores:tin_ingot":24,"minecraft:golden_horse_armor":6,"pfm:furniture_book":3,"minecraft:glow_berries":38,"minecraft:mutton":33,"minecraft:coal":64,"minecraft:white_wool":24,"minecraft:cobblestone":785},"minecraft:dropped":{"minecraft:diorite":1,"minecraft:arrow":1},"minecraft:killed_by":{"minecraft:skeleton":5,"minecraft:spider":1,"minecraft:creeper":2,"minecraft:zombie":3},"minecraft:killed":{"minecraft:pig":2,"minecraft:spider":2,"minecraft:skeleton":1,"minecraft:sheep":6,"minecraft:cow":4}},"DataVersion":3465}