{"stats":{"minecraft:killed":{"minecraft:sheep":4,"minecraft:pig":2,"minecraft:spider":1},"minecraft:crafted":{"minecraft:oak_planks":20,"minecraft:wooden_shovel":1,"minecraft:cooked_porkchop":1,"minecraft:crafting_table":1,"minecraft:spruce_planks":20,"minecraft:stick":12,"minecraft:wooden_pickaxe":1,"minecraft:stone_pickaxe":1,"minecraft:wooden_axe":1,"minecraft:furnace":1,"minecraft:white_bed":1,"minecraft:torch":4,"minecraft:air":0},"minecraft:mined":{"minecraft:coarse_dirt":7,"minecraft:spruce_log":5,"minecraft:crafting_table":1,"minecraft:grass":1,"minecraft:oak_log":5,"minecraft:coal_ore":18,"minecraft:stone":21,"minecraft:fern":1},"minecraft:used":{"minecraft:wooden_axe":17,"minecraft:oak_planks":1,"minecraft:wooden_pickaxe":39,"minecraft:wooden_shovel":3,"minecraft:torch":2,"minecraft:crafting_table":2,"minecraft:furnace":1,"minecraft:cooked_porkchop":1,"minecraft:white_bed":1,"minecraft:coarse_dirt":4},"minecraft:picked_up":{"minecraft:crafting_table":1,"minecraft:coarse_dirt":7,"minecraft:porkchop":4,"minecraft:oak_log":5,"minecraft:spruce_log":5,"minecraft:string":1,"minecraft:mutton":8,"minecraft:coal":18,"minecraft:white_wool":4,"minecraft:cobblestone":21},"minecraft:custom":{"minecraft:time_since_rest":2147,"minecraft:interact_with_furnace":5,"minecraft:sprint_one_cm":22663,"minecraft:damage_taken":90,"minecraft:walk_one_cm":15391,"minecraft:mob_kills":7,"minecraft:damage_dealt":680,"minecraft:interact_with_crafting_table":5,"minecraft:fly_one_cm":22768,"minecraft:crouch_one_cm":201,"minecraft:play_time":8733,"minecraft:sneak_time":566,"minecraft:jump":174,"minecraft:time_since_death":8733,"minecraft:sleep_in_bed":1,"minecraft:total_world_time":8733,"minecraft:fall_one_cm":3737}},"DataVersion":3465}