{"stats":{"minecraft:picked_up":{"minecraft:wooden_axe":2,"minecraft:fishing_rod":1,"minecraft:crafting_table":17,"minecraft:coarse_dirt":54,"minecraft:redstone_block":2,"minecraft:clay_ball":56,"minecraft:gold_block":2,"minecraft:shield":4,"minecraft:dark_oak_trapdoor":9,"minecraft:string":11,"minecraft:moss_carpet":36,"minecraft:raw_copper":141,"minecraft:iron_axe":1,"minecraft:blackstone":8,"minecraft:cobbled_deepslate":452,"minecraft:white_tulip":1,"minecraft:spruce_slab":3,"minecraft:spruce_planks":44,"simpleores:raw_adamantium":54,"minecraft:beef":69,"simpleores:tin_chestplate":6,"simpleores:raw_tin":206,"minecraft:iron_nugget":18,"minecraft:calcite":2,"minecraft:azalea":6,"minecraft:wooden_shovel":6,"minecraft:iron_pickaxe":5,"minecraft:lectern":1,"minecraft:chest":4,"simpleores:adamantium_ingot":4,"minecraft:egg":11,"minecraft:furnace":11,"minecraft:stick":10,"minecraft:raw_iron":305,"minecraft:oak_door":23,"simpleores:mythril_ingot":10,"minecraft:copper_ingot":117,"minecraft:torch":80,"minecraft:fire_charge":7,"minecraft:porkchop":31,"minecraft:cherry_log":13,"minecraft:diorite":7,"minecraft:redstone":206,"minecraft:golden_chestplate":7,"minecraft:dark_oak_planks":26,"minecraft:arrow":4,"minecraft:rotten_flesh":17,"minecraft:tropical_fish":1,"minecraft:hay_block":1,"minecraft:iron_block":4,"minecraft:glow_berries":38,"minecraft:mutton":36,"minecraft:birch_log":28,"minecraft:cobblestone":970,"minecraft:white_wool":58,"minecraft:pink_petals":39,"minecraft:leather_chestplate":1,"minecraft:magma_block":17,"minecraft:cooked_beef":6,"minecraft:leather":30,"minecraft:flint":4,"minecraft:stripped_spruce_wood":2,"minecraft:tuff":17,"minecraft:oak_log":28,"minecraft:cobblestone_stairs":11,"minecraft:blue_bed":6,"minecraft:lapis_lazuli":118,"minecraft:dirt":116,"minecraft:cooked_mutton":16,"minecraft:bone":6,"simpleores:raw_mythril":54,"minecraft:wheat_seeds":20,"minecraft:raw_gold":70,"minecraft:stone_pickaxe":7,"minecraft:iron_ingot":146,"minecraft:moss_block":5,"minecraft:flowering_azalea":9,"minecraft:oak_planks":31,"minecraft:dark_oak_stairs":4,"minecraft:book":33,"minecraft:oak_slab":5,"minecraft:cooked_porkchop":4,"minecraft:sweet_berries":189,"minecraft:gravel":1,"minecraft:jungle_planks":41,"minecraft:sand":42,"minecraft:white_bed":13,"minecraft:spruce_log":51,"minecraft:dark_oak_log":2,"minecraft:purple_bed":1,"minecraft:diamond":42,"simpleores:tin_ingot":24,"minecraft:granite":3,"minecraft:golden_apple":1,"minecraft:bread":3,"minecraft:golden_horse_armor":6,"minecraft:emerald":2,"pfm:furniture_book":3,"minecraft:oak_sapling":8,"minecraft:coal":84},"minecraft:broken":{"minecraft:golden_shovel":1,"minecraft:wooden_pickaxe":1,"minecraft:stone_pickaxe":1,"minecraft:iron_axe":1,"minecraft:iron_pickaxe":1},"minecraft:crafted":{"minecraft:oak_door":3,"minecraft:oak_planks":112,"minecraft:stone_shovel":1,"minecraft:furnace":1,"minecraft:dark_oak_trapdoor":4,"minecraft:cobblestone_stairs":8,"minecraft:cooked_mutton":13,"minecraft:iron_boots":1,"minecraft:iron_axe":2,"minecraft:spruce_slab":6,"minecraft:stone_pickaxe":3,"minecraft:chest":3,"simpleores:adamantium_pickaxe":1,"minecraft:cooked_beef":6,"minecraft:wheat":9,"simpleores:tin_ingot":12,"minecraft:oak_slab":6,"minecraft:wooden_shovel":1,"minecraft:dark_oak_stairs":4,"minecraft:cooked_porkchop":16,"minecraft:crafting_table":5,"minecraft:spruce_planks":84,"minecraft:wooden_pickaxe":3,"minecraft:iron_helmet":1,"minecraft:iron_sword":1,"simpleores:tin_chestplate":1,"minecraft:copper_ingot":13,"simpleores:adamantium_ingot":3,"minecraft:bucket":1,"minecraft:bread":3,"minecraft:air":0,"minecraft:iron_chestplate":1,"minecraft:shield":2,"minecraft:stick":44,"minecraft:iron_ingot":68,"minecraft:iron_pickaxe":2,"minecraft:wooden_axe":2,"simpleores:mythril_ingot":3,"minecraft:iron_leggings":1,"minecraft:white_bed":1,"minecraft:torch":16,"minecraft:shears":1},"minecraft:killed_by":{"minecraft:creeper":4,"minecraft:spider":1,"minecraft:skeleton":8,"minecraft:zombie":4},"minecraft:used":{"simpleores:adamantium_pickaxe":73,"minecraft:tropical_fish":1,"minecraft:stone_shovel":56,"minecraft:spruce_slab":4,"minecraft:chest":6,"minecraft:spruce_planks":19,"minecraft:shield":61,"minecraft:iron_sword":72,"minecraft:wooden_shovel":25,"minecraft:oak_door":20,"minecraft:torch":14,"minecraft:dirt":79,"minecraft:jungle_planks":12,"minecraft:golden_shovel":32,"minecraft:golden_chestplate":1,"minecraft:tuff":14,"minecraft:wooden_axe":52,"minecraft:iron_axe":350,"simpleores:tin_chestplate":1,"minecraft:sweet_berries":83,"minecraft:furnace":12,"minecraft:egg":2,"minecraft:cooked_beef":10,"minecraft:cobbled_deepslate":113,"minecraft:calcite":1,"minecraft:cooked_mutton":7,"minecraft:dark_oak_stairs":6,"minecraft:water_bucket":131,"minecraft:diorite":3,"minecraft:cobblestone_stairs":17,"minecraft:stone_pickaxe":317,"minecraft:oak_planks":13,"minecraft:blackstone":5,"minecraft:wooden_pickaxe":87,"minecraft:blue_bed":6,"minecraft:dark_oak_trapdoor":9,"minecraft:glow_berries":30,"minecraft:oak_slab":11,"minecraft:crafting_table":21,"minecraft:white_bed":13,"minecraft:spruce_log":29,"minecraft:shears":7,"minecraft:bread":3,"minecraft:iron_pickaxe":457,"minecraft:gravel":1,"minecraft:pink_petals":10,"minecraft:fishing_rod":20,"minecraft:cobblestone":83,"minecraft:purple_bed":1,"minecraft:cooked_porkchop":20,"minecraft:bucket":132,"minecraft:coarse_dirt":30},"minecraft:mined":{"minecraft:dark_oak_planks":26,"minecraft:tuff":15,"minecraft:spruce_planks":20,"minecraft:white_bed":12,"minecraft:mossy_cobblestone":1,"minecraft:deepslate_diamond_ore":23,"minecraft:oak_door":18,"minecraft:jungle_slab":1,"minecraft:cobblestone_stairs":11,"minecraft:cherry_log":12,"minecraft:dark_oak_log":2,"minecraft:cave_vines_plant":20,"minecraft:granite":3,"minecraft:spruce_fence":1,"minecraft:grass_block":60,"minecraft:jungle_planks":24,"minecraft:spruce_leaves":14,"simpleores:deepslate_adamantium_ore":24,"minecraft:moss_block":3,"minecraft:large_fern":4,"minecraft:hay_block":1,"minecraft:magma_block":17,"minecraft:redstone_ore":1,"minecraft:furnace":11,"minecraft:dark_oak_trapdoor":8,"minecraft:iron_ore":87,"minecraft:cobbled_deepslate":1,"minecraft:snow":1,"minecraft:moss_carpet":1,"minecraft:deepslate_lapis_ore":9,"minecraft:dark_oak_stairs":5,"minecraft:gold_block":1,"minecraft:bookshelf":11,"minecraft:cave_vines":13,"minecraft:deepslate_iron_ore":64,"simpleores:tin_ore":33,"minecraft:azalea":1,"minecraft:white_tulip":1,"minecraft:stone":268,"minecraft:oak_slab":4,"minecraft:spruce_slab":5,"minecraft:deepslate_redstone_ore":11,"minecraft:blackstone":8,"minecraft:clay":2,"minecraft:crafting_table":17,"minecraft:jungle_stairs":2,"minecraft:calcite":2,"minecraft:chest":5,"minecraft:lectern":1,"minecraft:tall_grass":24,"minecraft:copper_ore":12,"minecraft:cobblestone":20,"minecraft:deepslate_coal_ore":6,"minecraft:deepslate_gold_ore":3,"minecraft:oak_planks":7,"minecraft:blue_bed":6,"minecraft:diorite":5,"minecraft:wall_torch":3,"minecraft:deepslate_copper_ore":1,"minecraft:pink_petals":9,"minecraft:purple_bed":1,"minecraft:coarse_dirt":54,"minecraft:stripped_spruce_wood":2,"minecraft:birch_log":15,"simpleores:deepslate_mythril_ore":16,"minecraft:sweet_berry_bush":19,"simpleores:deepslate_tin_ore":2,"minecraft:spruce_log":54,"minecraft:birch_leaves":5,"minecraft:grass":60,"simpleores:mythril_ore":8,"minecraft:oak_log":22,"minecraft:coal_ore":23,"minecraft:cherry_leaves":1,"minecraft:sand":40,"minecraft:gravel":1,"minecraft:dirt":46,"minecraft:gold_ore":8,"minecraft:oak_leaves":18,"minecraft:deepslate":144,"minecraft:fern":1},"minecraft:custom":{"minecraft:mob_kills":54,"minecraft:interact_with_crafting_table":58,"minecraft:bell_ring":1,"minecraft:leave_game":2,"minecraft:time_since_death":81820,"minecraft:climb_one_cm":2036,"minecraft:sprint_one_cm":943138,"minecraft:walk_one_cm":637900,"minecraft:damage_blocked_by_shield":1884,"minecraft:drop":122,"minecraft:play_time":301467,"minecraft:deaths":19,"minecraft:sneak_time":14218,"minecraft:walk_under_water_one_cm":70102,"minecraft:jump":6770,"minecraft:walk_on_water_one_cm":69396,"minecraft:total_world_time":301467,"minecraft:interact_with_furnace":55,"minecraft:sleep_in_bed":19,"minecraft:time_since_rest":14357,"minecraft:damage_taken":7634,"minecraft:damage_dealt":9127,"minecraft:swim_one_cm":139670,"minecraft:fly_one_cm":1077470,"minecraft:open_chest":29,"minecraft:crouch_one_cm":33279,"minecraft:fall_one_cm":207204},"minecraft:dropped":{"minecraft:wheat_seeds":3,"minecraft:crafting_table":1,"minecraft:cobblestone":46,"minecraft:leather":1,"minecraft:jungle_planks":2,"minecraft:stick":5,"minecraft:dark_oak_log":2,"minecraft:diorite":1,"minecraft:torch":1,"minecraft:dark_oak_trapdoor":2,"minecraft:sand":16,"minecraft:iron_axe":1,"simpleores:adamantium_ingot":2,"minecraft:redstone":32,"minecraft:oak_door":6,"minecraft:sweet_berries":3,"minecraft:tuff":1,"minecraft:rotten_flesh":16,"minecraft:oak_planks":4,"simpleores:raw_tin":43,"minecraft:leather_chestplate":2,"minecraft:spruce_planks":1,"minecraft:chest":1,"minecraft:arrow":1,"minecraft:wooden_pickaxe":1,"minecraft:stripped_spruce_wood":2,"minecraft:calcite":1,"minecraft:magma_block":4},"minecraft:killed":{"minecraft:spider":7,"minecraft:skeleton":7,"minecraft:pig":10,"minecraft:zombie_villager":1,"minecraft:sheep":8,"minecraft:zombie":12,"minecraft:cow":9}},"DataVersion":3465}