{"stats":{"minecraft:picked_up":{"minecraft:wooden_axe":2,"minecraft:fishing_rod":1,"minecraft:crafting_table":13,"minecraft:coarse_dirt":39,"minecraft:redstone_block":2,"minecraft:clay_ball":56,"minecraft:shield":4,"minecraft:string":11,"minecraft:moss_carpet":36,"minecraft:raw_copper":141,"minecraft:blackstone":6,"minecraft:cobbled_deepslate":421,"minecraft:spruce_planks":43,"simpleores:raw_adamantium":17,"minecraft:beef":63,"simpleores:tin_chestplate":6,"simpleores:raw_tin":139,"minecraft:iron_nugget":18,"minecraft:calcite":2,"minecraft:azalea":6,"minecraft:wooden_shovel":6,"minecraft:iron_pickaxe":5,"minecraft:chest":2,"minecraft:egg":10,"minecraft:furnace":5,"minecraft:stick":10,"minecraft:raw_iron":282,"minecraft:oak_door":11,"simpleores:mythril_ingot":10,"minecraft:copper_ingot":117,"minecraft:torch":52,"minecraft:fire_charge":7,"minecraft:porkchop":24,"minecraft:diorite":7,"minecraft:redstone":115,"minecraft:golden_chestplate":7,"minecraft:arrow":4,"minecraft:rotten_flesh":6,"minecraft:tropical_fish":1,"minecraft:hay_block":1,"minecraft:iron_block":4,"minecraft:glow_berries":38,"minecraft:mutton":33,"minecraft:cobblestone":922,"minecraft:white_wool":24,"minecraft:magma_block":17,"minecraft:leather":27,"minecraft:flint":4,"minecraft:tuff":15,"minecraft:oak_log":28,"minecraft:lapis_lazuli":33,"minecraft:dirt":57,"minecraft:cooked_mutton":16,"minecraft:bone":1,"simpleores:raw_mythril":22,"minecraft:wheat_seeds":8,"minecraft:raw_gold":65,"minecraft:stone_pickaxe":7,"minecraft:iron_ingot":85,"minecraft:moss_block":5,"minecraft:flowering_azalea":9,"minecraft:oak_planks":13,"minecraft:cooked_porkchop":4,"minecraft:sweet_berries":189,"minecraft:gravel":1,"minecraft:white_bed":10,"minecraft:spruce_log":5,"minecraft:diamond":4,"simpleores:tin_ingot":24,"minecraft:granite":3,"minecraft:golden_horse_armor":6,"pfm:furniture_book":3,"minecraft:oak_sapling":8,"minecraft:coal":78},"minecraft:broken":{"minecraft:wooden_pickaxe":1,"minecraft:stone_pickaxe":1},"minecraft:crafted":{"minecraft:oak_door":3,"minecraft:oak_planks":112,"minecraft:furnace":1,"minecraft:cooked_mutton":11,"minecraft:iron_boots":1,"minecraft:iron_axe":1,"minecraft:stone_pickaxe":3,"minecraft:chest":1,"minecraft:wheat":9,"simpleores:tin_ingot":12,"minecraft:wooden_shovel":1,"minecraft:cooked_porkchop":5,"minecraft:crafting_table":2,"minecraft:spruce_planks":20,"minecraft:wooden_pickaxe":3,"minecraft:iron_helmet":1,"minecraft:iron_sword":1,"simpleores:tin_chestplate":1,"minecraft:copper_ingot":13,"minecraft:bucket":1,"minecraft:bread":3,"minecraft:air":0,"minecraft:iron_chestplate":1,"minecraft:shield":2,"minecraft:stick":32,"minecraft:iron_ingot":63,"minecraft:iron_pickaxe":2,"minecraft:wooden_axe":2,"simpleores:mythril_ingot":3,"minecraft:iron_leggings":1,"minecraft:white_bed":1,"minecraft:torch":16},"minecraft:killed_by":{"minecraft:creeper":3,"minecraft:spider":1,"minecraft:skeleton":8,"minecraft:zombie":4},"minecraft:used":{"minecraft:tropical_fish":1,"minecraft:chest":2,"minecraft:spruce_planks":19,"minecraft:shield":22,"minecraft:iron_sword":30,"minecraft:wooden_shovel":25,"minecraft:oak_door":11,"minecraft:torch":14,"minecraft:dirt":51,"minecraft:golden_chestplate":1,"minecraft:tuff":11,"minecraft:wooden_axe":51,"minecraft:iron_axe":26,"simpleores:tin_chestplate":1,"minecraft:sweet_berries":83,"minecraft:furnace":5,"minecraft:egg":2,"minecraft:cobbled_deepslate":112,"minecraft:calcite":1,"minecraft:cooked_mutton":5,"minecraft:water_bucket":67,"minecraft:diorite":3,"minecraft:stone_pickaxe":316,"minecraft:oak_planks":13,"minecraft:blackstone":1,"minecraft:wooden_pickaxe":87,"minecraft:glow_berries":30,"minecraft:crafting_table":14,"minecraft:white_bed":9,"minecraft:bread":3,"minecraft:iron_pickaxe":378,"minecraft:gravel":1,"minecraft:fishing_rod":20,"minecraft:cobblestone":70,"minecraft:cooked_porkchop":8,"minecraft:bucket":68,"minecraft:coarse_dirt":30},"minecraft:mined":{"minecraft:tuff":13,"minecraft:spruce_planks":9,"minecraft:white_bed":10,"minecraft:deepslate_diamond_ore":4,"minecraft:oak_door":10,"minecraft:cave_vines_plant":20,"minecraft:granite":3,"minecraft:grass_block":17,"simpleores:deepslate_adamantium_ore":4,"minecraft:moss_block":3,"minecraft:large_fern":3,"minecraft:hay_block":1,"minecraft:magma_block":17,"minecraft:redstone_ore":1,"minecraft:furnace":5,"minecraft:iron_ore":87,"minecraft:cobbled_deepslate":1,"minecraft:moss_carpet":1,"minecraft:deepslate_lapis_ore":5,"minecraft:cave_vines":13,"minecraft:deepslate_iron_ore":39,"simpleores:tin_ore":33,"minecraft:azalea":1,"minecraft:stone":266,"minecraft:deepslate_redstone_ore":5,"minecraft:blackstone":6,"minecraft:clay":2,"minecraft:crafting_table":13,"minecraft:calcite":2,"minecraft:chest":2,"minecraft:tall_grass":11,"minecraft:copper_ore":12,"minecraft:cobblestone":18,"minecraft:deepslate_gold_ore":3,"minecraft:oak_planks":7,"minecraft:diorite":4,"minecraft:wall_torch":3,"minecraft:deepslate_copper_ore":1,"minecraft:coarse_dirt":32,"simpleores:deepslate_mythril_ore":3,"minecraft:sweet_berry_bush":19,"minecraft:spruce_log":5,"minecraft:birch_leaves":3,"minecraft:grass":15,"simpleores:mythril_ore":7,"minecraft:oak_log":22,"minecraft:coal_ore":23,"minecraft:gravel":1,"minecraft:dirt":41,"minecraft:gold_ore":8,"minecraft:oak_leaves":14,"minecraft:deepslate":118,"minecraft:fern":1},"minecraft:custom":{"minecraft:mob_kills":24,"minecraft:interact_with_crafting_table":41,"minecraft:leave_game":2,"minecraft:time_since_death":7224,"minecraft:climb_one_cm":1212,"minecraft:sprint_one_cm":602386,"minecraft:walk_one_cm":375632,"minecraft:damage_blocked_by_shield":874,"minecraft:drop":8,"minecraft:play_time":181467,"minecraft:deaths":17,"minecraft:sneak_time":10393,"minecraft:walk_under_water_one_cm":48421,"minecraft:jump":3750,"minecraft:walk_on_water_one_cm":42920,"minecraft:total_world_time":181467,"minecraft:interact_with_furnace":30,"minecraft:sleep_in_bed":8,"minecraft:time_since_rest":7255,"minecraft:damage_taken":5738,"minecraft:damage_dealt":4309,"minecraft:swim_one_cm":75611,"minecraft:fly_one_cm":531176,"minecraft:open_chest":7,"minecraft:crouch_one_cm":23001,"minecraft:fall_one_cm":119694},"minecraft:dropped":{"minecraft:diorite":1,"minecraft:sweet_berries":3,"minecraft:rotten_flesh":3,"minecraft:arrow":1},"minecraft:killed":{"minecraft:spider":2,"minecraft:skeleton":1,"minecraft:pig":6,"minecraft:sheep":6,"minecraft:zombie":5,"minecraft:cow":4}},"DataVersion":3465}