{"stats":{"minecraft:mined":{"minecraft:tuff":1,"minecraft:spruce_planks":8,"minecraft:white_bed":3,"minecraft:clay":1,"minecraft:crafting_table":5,"minecraft:cave_vines_plant":2,"minecraft:grass_block":11,"minecraft:tall_grass":3,"minecraft:copper_ore":8,"minecraft:oak_planks":1,"minecraft:diorite":2,"minecraft:wall_torch":3,"minecraft:large_fern":3,"minecraft:coarse_dirt":13,"minecraft:furnace":2,"minecraft:iron_ore":21,"simpleores:deepslate_mythril_ore":1,"minecraft:sweet_berry_bush":16,"minecraft:spruce_log":5,"minecraft:grass":4,"simpleores:mythril_ore":3,"minecraft:oak_log":5,"minecraft:coal_ore":23,"minecraft:deepslate_iron_ore":23,"minecraft:dirt":8,"simpleores:tin_ore":20,"minecraft:stone":112,"minecraft:gold_ore":6,"minecraft:oak_leaves":1,"minecraft:deepslate":4,"minecraft:fern":1},"minecraft:picked_up":{"minecraft:wooden_axe":2,"minecraft:crafting_table":5,"minecraft:coarse_dirt":17,"minecraft:clay_ball":4,"minecraft:leather":9,"minecraft:flint":4,"minecraft:tuff":1,"minecraft:oak_log":5,"minecraft:dirt":19,"minecraft:string":3,"minecraft:raw_copper":56,"simpleores:raw_mythril":4,"minecraft:cobbled_deepslate":4,"minecraft:raw_gold":12,"minecraft:stone_pickaxe":2,"minecraft:spruce_planks":34,"minecraft:iron_ingot":6,"minecraft:beef":27,"simpleores:tin_chestplate":2,"simpleores:raw_tin":87,"minecraft:iron_nugget":18,"minecraft:wooden_shovel":2,"minecraft:iron_pickaxe":1,"minecraft:oak_planks":5,"minecraft:egg":4,"minecraft:furnace":2,"minecraft:stick":2,"minecraft:raw_iron":47,"minecraft:cooked_porkchop":1,"minecraft:sweet_berries":118,"simpleores:mythril_ingot":1,"minecraft:copper_ingot":13,"minecraft:torch":17,"minecraft:fire_charge":2,"minecraft:porkchop":10,"minecraft:diorite":2,"minecraft:white_bed":4,"minecraft:spruce_log":5,"minecraft:golden_chestplate":2,"simpleores:tin_ingot":8,"minecraft:golden_horse_armor":2,"pfm:furniture_book":2,"minecraft:glow_berries":2,"minecraft:mutton":33,"minecraft:coal":64,"minecraft:white_wool":12,"minecraft:cobblestone":293},"minecraft:used":{"minecraft:diorite":1,"minecraft:stone_pickaxe":114,"minecraft:oak_planks":1,"minecraft:spruce_planks":16,"minecraft:wooden_pickaxe":61,"minecraft:wooden_shovel":25,"minecraft:torch":14,"minecraft:dirt":19,"minecraft:crafting_table":6,"minecraft:white_bed":4,"minecraft:golden_chestplate":1,"minecraft:wooden_axe":38,"minecraft:iron_pickaxe":65,"simpleores:tin_chestplate":1,"minecraft:cobblestone":4,"minecraft:sweet_berries":28,"minecraft:furnace":3,"minecraft:cooked_porkchop":2,"minecraft:coarse_dirt":11},"minecraft:custom":{"minecraft:interact_with_furnace":20,"minecraft:mob_kills":13,"minecraft:interact_with_crafting_table":24,"minecraft:time_since_death":8607,"minecraft:sleep_in_bed":5,"minecraft:climb_one_cm":408,"minecraft:time_since_rest":6142,"minecraft:sprint_one_cm":180197,"minecraft:damage_taken":705,"minecraft:walk_one_cm":137450,"minecraft:damage_dealt":1379,"minecraft:fly_one_cm":155401,"minecraft:open_chest":2,"minecraft:crouch_one_cm":4199,"minecraft:play_time":51304,"minecraft:deaths":2,"minecraft:sneak_time":2294,"minecraft:walk_under_water_one_cm":3182,"minecraft:jump":1189,"minecraft:walk_on_water_one_cm":4485,"minecraft:total_world_time":51304,"minecraft:fall_one_cm":28957},"minecraft:broken":{"minecraft:wooden_pickaxe":1},"minecraft:crafted":{"simpleores:tin_ingot":12,"minecraft:oak_planks":20,"minecraft:wooden_shovel":1,"minecraft:cooked_porkchop":1,"minecraft:crafting_table":1,"minecraft:spruce_planks":20,"minecraft:wooden_pickaxe":1,"simpleores:tin_chestplate":1,"minecraft:furnace":1,"minecraft:copper_ingot":13,"minecraft:air":0,"minecraft:shield":1,"minecraft:stick":16,"minecraft:iron_ingot":9,"minecraft:iron_pickaxe":1,"minecraft:stone_pickaxe":1,"minecraft:wooden_axe":1,"simpleores:mythril_ingot":3,"minecraft:white_bed":1,"minecraft:torch":16},"minecraft:killed":{"minecraft:pig":2,"minecraft:spider":1,"minecraft:sheep":6,"minecraft:cow":4},"minecraft:killed_by":{"minecraft:skeleton":1,"minecraft:creeper":1}},"DataVersion":3465}