{"stats":{"minecraft:killed":{"minecraft:skeleton":1,"minecraft:sheep":4,"minecraft:zombie":3,"minecraft:pig":1,"minecraft:spider":7},"minecraft:crafted":{"minecraft:oak_planks":24,"minecraft:charcoal":1,"minecraft:cooked_porkchop":2,"minecraft:crafting_table":1,"minecraft:stick":8,"minecraft:wooden_pickaxe":1,"minecraft:stone_pickaxe":1,"minecraft:furnace":1,"minecraft:white_bed":1,"minecraft:stone_axe":1,"simpleores:tin_pickaxe":1,"minecraft:cooked_mutton":4,"minecraft:air":0,"simpleores:tin_ingot":10},"minecraft:dropped":{"minecraft:rotten_flesh":2},"minecraft:mined":{"minecraft:birch_log":6,"minecraft:crafting_table":2,"minecraft:grass":1,"minecraft:coal_ore":11,"minecraft:grass_block":3,"minecraft:oak_log":6,"minecraft:stripped_oak_log":4,"simpleores:tin_ore":5,"minecraft:stone":15,"minecraft:oak_leaves":1},"minecraft:used":{"minecraft:cooked_mutton":4,"minecraft:stone_pickaxe":25,"minecraft:wooden_pickaxe":3,"minecraft:stone_axe":69,"minecraft:dirt":3,"minecraft:mutton":2,"minecraft:crafting_table":3,"minecraft:furnace":1,"minecraft:cooked_porkchop":2,"simpleores:tin_pickaxe":3,"minecraft:white_bed":1,"minecraft:egg":1},"minecraft:picked_up":{"minecraft:birch_log":16,"minecraft:stripped_oak_log":12,"minecraft:stick":19,"minecraft:crafting_table":2,"minecraft:wooden_pickaxe":2,"minecraft:porkchop":2,"minecraft:oak_log":6,"minecraft:spider_eye":6,"minecraft:string":20,"minecraft:dirt":13,"minecraft:cooked_mutton":1,"minecraft:bone":1,"minecraft:rotten_flesh":9,"minecraft:stone_axe":1,"minecraft:stone_pickaxe":2,"simpleores:raw_tin":15,"pfm:furniture_book":2,"minecraft:birch_sapling":2,"minecraft:oak_planks":10,"minecraft:coal":21,"minecraft:mutton":6,"minecraft:white_wool":8,"minecraft:cobblestone":19,"minecraft:egg":1},"minecraft:killed_by":{"minecraft:creeper":1,"minecraft:zombie":1},"minecraft:custom":{"minecraft:time_since_rest":2174,"minecraft:interact_with_furnace":18,"minecraft:sprint_one_cm":77004,"minecraft:damage_taken":930,"minecraft:walk_one_cm":47859,"minecraft:mob_kills":16,"minecraft:drop":2,"minecraft:damage_dealt":2428,"minecraft:swim_one_cm":1852,"minecraft:interact_with_crafting_table":9,"minecraft:fly_one_cm":53743,"minecraft:crouch_one_cm":79,"minecraft:play_time":15806,"minecraft:deaths":2,"minecraft:sneak_time":52,"minecraft:walk_under_water_one_cm":188,"minecraft:jump":301,"minecraft:time_since_death":2143,"minecraft:walk_on_water_one_cm":535,"minecraft:sleep_in_bed":1,"minecraft:total_world_time":15806,"minecraft:fall_one_cm":6102}},"DataVersion":3465}