{"stats":{"minecraft:picked_up":{"minecraft:crafting_table":8,"minecraft:iron_chestplate":5,"minecraft:coarse_dirt":8,"minecraft:chicken":2,"minecraft:wooden_pickaxe":3,"minecraft:shield":6,"minecraft:string":44,"minecraft:raw_copper":2,"minecraft:iron_axe":7,"minecraft:cooked_salmon":2,"minecraft:iron_leggings":5,"minecraft:blackstone":29,"minecraft:gold_nugget":48,"minecraft:cobbled_deepslate":61,"minecraft:bucket":1,"minecraft:spruce_planks":2,"simpleores:raw_adamantium":56,"minecraft:beef":12,"simpleores:tin_chestplate":5,"simpleores:raw_tin":63,"minecraft:iron_pickaxe":7,"minecraft:sugar_cane":30,"minecraft:birch_sapling":4,"minecraft:furnace":11,"simpleores:adamantium_ingot":20,"minecraft:iron_boots":5,"minecraft:egg":2,"minecraft:stick":49,"minecraft:raw_iron":108,"minecraft:torch":61,"minecraft:porkchop":29,"minecraft:diorite":12,"minecraft:arrow":54,"minecraft:rotten_flesh":81,"minecraft:obsidian":10,"minecraft:mutton":14,"simpleores:tin_boots":1,"minecraft:white_wool":12,"minecraft:cobblestone":314,"minecraft:stripped_oak_log":12,"minecraft:birch_log":21,"minecraft:feather":2,"minecraft:basalt":2,"minecraft:water_bucket":3,"minecraft:andesite":15,"minecraft:salmon":5,"minecraft:leather":7,"minecraft:smoker":14,"minecraft:flint":1,"minecraft:tuff":30,"minecraft:oak_log":12,"minecraft:gunpowder":17,"simpleores:tin_pickaxe":10,"minecraft:dirt":37,"minecraft:cooked_mutton":1,"minecraft:bone":68,"simpleores:raw_mythril":64,"minecraft:bow":12,"minecraft:wheat_seeds":1,"minecraft:iron_ingot":35,"minecraft:stone_pickaxe":12,"minecraft:oak_planks":34,"minecraft:sweet_berries":10,"minecraft:gravel":3,"minecraft:spruce_sapling":2,"minecraft:white_bed":8,"minecraft:spruce_log":14,"minecraft:spider_eye":13,"minecraft:slime_ball":7,"minecraft:diamond":21,"minecraft:deepslate":9,"minecraft:stone_axe":1,"simpleores:tin_ingot":1,"minecraft:iron_helmet":5,"pfm:furniture_book":2,"minecraft:netherrack":76,"minecraft:coal":387},"minecraft:broken":{"simpleores:tin_pickaxe":1,"minecraft:stone_pickaxe":1,"minecraft:shield":1,"minecraft:iron_axe":1,"minecraft:iron_pickaxe":1},"minecraft:crafted":{"minecraft:oak_planks":48,"minecraft:cooked_chicken":4,"simpleores:adamantium_chestplate":1,"minecraft:furnace":3,"minecraft:cooked_mutton":6,"minecraft:flint_and_steel":1,"minecraft:bow":1,"minecraft:iron_boots":1,"simpleores:adamantium_boots":1,"minecraft:iron_axe":1,"simpleores:adamantium_axe":1,"minecraft:stone_pickaxe":1,"simpleores:adamantium_shovel":1,"simpleores:tin_axe":1,"simpleores:adamantium_pickaxe":1,"minecraft:smoker":1,"simpleores:tin_ingot":30,"simpleores:mythril_rod":2,"minecraft:deepslate":3,"minecraft:diamond_sword":1,"minecraft:cooked_porkchop":16,"minecraft:crafting_table":3,"minecraft:spruce_planks":48,"minecraft:iron_helmet":1,"minecraft:wooden_pickaxe":1,"simpleores:tin_leggings":1,"simpleores:tin_chestplate":1,"minecraft:cooked_salmon":5,"simpleores:adamantium_ingot":22,"minecraft:bucket":2,"minecraft:stone_axe":1,"minecraft:air":0,"minecraft:iron_chestplate":1,"minecraft:diamond_pickaxe":1,"simpleores:adamantium_helmet":1,"minecraft:charcoal":1,"simpleores:mythril_bow":1,"minecraft:shield":2,"minecraft:stick":76,"minecraft:iron_ingot":74,"minecraft:iron_pickaxe":1,"simpleores:mythril_ingot":15,"minecraft:iron_leggings":1,"minecraft:white_bed":1,"simpleores:tin_boots":2,"minecraft:torch":220,"simpleores:tin_pickaxe":1},"minecraft:killed_by":{"minecraft:creeper":5,"minecraft:skeleton":3,"minecraft:zombie":3},"minecraft:mined":{"minecraft:nether_gold_ore":14,"minecraft:tuff":10,"minecraft:spruce_planks":2,"minecraft:white_bed":6,"minecraft:deepslate_diamond_ore":5,"minecraft:obsidian":10,"minecraft:grass_block":4,"minecraft:spruce_leaves":5,"simpleores:deepslate_adamantium_ore":22,"minecraft:furnace":6,"minecraft:iron_ore":50,"minecraft:fire":1,"minecraft:andesite":3,"minecraft:deepslate_iron_ore":8,"minecraft:stripped_oak_log":4,"simpleores:tin_ore":14,"minecraft:stone":240,"minecraft:blackstone":30,"minecraft:smoker":4,"minecraft:basalt":2,"minecraft:crafting_table":7,"minecraft:cobblestone":20,"minecraft:deepslate_coal_ore":23,"minecraft:sugar_cane":3,"minecraft:diorite":4,"minecraft:coarse_dirt":8,"minecraft:birch_log":6,"simpleores:deepslate_mythril_ore":16,"minecraft:spruce_log":14,"minecraft:grass":5,"minecraft:oak_log":12,"minecraft:coal_ore":117,"minecraft:gravel":4,"minecraft:dirt":2,"minecraft:netherrack":83,"minecraft:oak_leaves":1,"minecraft:deepslate":21},"minecraft:used":{"simpleores:adamantium_pickaxe":185,"minecraft:flint_and_steel":1,"simpleores:tin_axe":4,"simpleores:adamantium_shovel":3,"minecraft:spruce_planks":3,"minecraft:shield":84,"minecraft:cooked_chicken":4,"minecraft:cooked_salmon":5,"minecraft:iron_chestplate":1,"minecraft:torch":101,"minecraft:dirt":4,"minecraft:mutton":2,"simpleores:tin_leggings":1,"minecraft:lava_bucket":13,"simpleores:adamantium_axe":30,"minecraft:iron_axe":138,"minecraft:iron_helmet":1,"simpleores:adamantium_helmet":1,"simpleores:tin_chestplate":4,"minecraft:iron_boots":3,"minecraft:bow":7,"minecraft:sweet_berries":5,"minecraft:furnace":6,"simpleores:adamantium_boots":1,"minecraft:egg":1,"simpleores:adamantium_chestplate":1,"minecraft:cooked_mutton":6,"minecraft:water_bucket":14,"minecraft:diorite":5,"minecraft:stone_pickaxe":104,"minecraft:wooden_pickaxe":4,"simpleores:tin_boots":4,"minecraft:crafting_table":9,"minecraft:white_bed":7,"minecraft:spruce_log":2,"minecraft:smoker":5,"minecraft:diamond_pickaxe":10,"minecraft:iron_pickaxe":247,"minecraft:gravel":3,"minecraft:stone_axe":69,"minecraft:diamond_sword":34,"minecraft:cobblestone":46,"minecraft:cooked_porkchop":10,"minecraft:andesite":3,"minecraft:bucket":31,"simpleores:tin_pickaxe":203},"minecraft:custom":{"minecraft:mob_kills":111,"minecraft:interact_with_crafting_table":42,"minecraft:leave_game":1,"minecraft:time_since_death":30984,"minecraft:climb_one_cm":510,"minecraft:sprint_one_cm":540968,"minecraft:walk_one_cm":422191,"minecraft:damage_blocked_by_shield":2880,"minecraft:drop":23,"minecraft:play_time":153990,"minecraft:deaths":13,"minecraft:sneak_time":4301,"minecraft:walk_under_water_one_cm":11081,"minecraft:jump":3693,"minecraft:interact_with_blast_furnace":3,"minecraft:walk_on_water_one_cm":32048,"minecraft:total_world_time":153990,"minecraft:interact_with_furnace":71,"minecraft:sleep_in_bed":7,"minecraft:time_since_rest":12782,"minecraft:damage_taken":4714,"minecraft:damage_dealt":15609,"minecraft:swim_one_cm":38241,"minecraft:fly_one_cm":547680,"minecraft:open_chest":2,"minecraft:crouch_one_cm":6096,"minecraft:interact_with_smoker":26,"minecraft:fall_one_cm":81519},"minecraft:dropped":{"minecraft:cobblestone":128,"minecraft:iron_helmet":1,"simpleores:tin_chestplate":1,"minecraft:dirt":3,"minecraft:diorite":1,"simpleores:tin_boots":1,"minecraft:blackstone":29,"minecraft:coarse_dirt":8,"minecraft:cobbled_deepslate":13,"minecraft:raw_copper":2,"minecraft:deepslate":3,"minecraft:rotten_flesh":2,"minecraft:iron_boots":1,"simpleores:tin_leggings":1,"minecraft:gunpowder":1,"minecraft:iron_chestplate":1,"minecraft:basalt":2,"minecraft:wooden_pickaxe":1,"minecraft:netherrack":76},"minecraft:killed":{"minecraft:spider":13,"minecraft:slime":14,"minecraft:skeleton":21,"minecraft:chicken":2,"minecraft:pig":17,"minecraft:salmon":3,"minecraft:sheep":7,"minecraft:zombie":25,"minecraft:cow":6}},"DataVersion":3465}