{"stats":{"minecraft:picked_up":{"minecraft:coarse_dirt":8,"minecraft:iron_chestplate":5,"minecraft:crafting_table":9,"minecraft:chicken":3,"minecraft:wooden_pickaxe":3,"minecraft:shield":6,"minecraft:string":50,"minecraft:cooked_salmon":2,"minecraft:raw_copper":2,"minecraft:iron_axe":7,"minecraft:iron_leggings":5,"minecraft:blackstone":29,"minecraft:gold_nugget":48,"minecraft:cobbled_deepslate":149,"minecraft:bucket":2,"minecraft:spruce_planks":2,"simpleores:raw_adamantium":101,"minecraft:beef":29,"simpleores:tin_chestplate":5,"simpleores:raw_tin":63,"minecraft:calcite":1,"minecraft:iron_pickaxe":7,"minecraft:sugar_cane":30,"minecraft:chest":2,"minecraft:birch_sapling":4,"minecraft:iron_boots":5,"simpleores:adamantium_ingot":20,"minecraft:furnace":11,"minecraft:egg":2,"minecraft:raw_iron":109,"minecraft:stick":50,"minecraft:torch":62,"minecraft:porkchop":31,"minecraft:diorite":23,"minecraft:arrow":75,"minecraft:rotten_flesh":102,"minecraft:nether_bricks":1,"simpleores:tin_boots":1,"minecraft:obsidian":10,"minecraft:mutton":31,"minecraft:white_wool":20,"minecraft:snowball":8,"minecraft:birch_log":21,"minecraft:cobblestone":367,"minecraft:stripped_oak_log":12,"minecraft:feather":2,"minecraft:basalt":8,"minecraft:water_bucket":3,"minecraft:andesite":15,"minecraft:salmon":5,"minecraft:leather":14,"minecraft:smoker":14,"minecraft:flint":1,"minecraft:tuff":30,"minecraft:oak_log":12,"minecraft:gunpowder":19,"minecraft:lapis_lazuli":44,"simpleores:tin_pickaxe":10,"minecraft:dirt":47,"minecraft:cooked_mutton":1,"minecraft:bone":87,"simpleores:raw_mythril":96,"minecraft:bow":12,"minecraft:wheat_seeds":1,"minecraft:raw_gold":6,"minecraft:iron_ingot":36,"minecraft:stone_pickaxe":12,"minecraft:oak_planks":34,"minecraft:sweet_berries":13,"minecraft:gravel":3,"minecraft:lava_bucket":1,"minecraft:sand":33,"minecraft:spruce_sapling":4,"minecraft:white_bed":10,"minecraft:spruce_log":34,"minecraft:grass_block":1,"minecraft:spider_eye":14,"travelersbackpack:standard":1,"minecraft:slime_ball":7,"minecraft:diamond":43,"minecraft:deepslate":9,"minecraft:spruce_boat":8,"minecraft:stone_axe":1,"simpleores:tin_ingot":1,"minecraft:iron_helmet":5,"minecraft:gray_wool":2,"pfm:furniture_book":2,"minecraft:black_wool":1,"minecraft:netherrack":87,"minecraft:coal":436,"minecraft:ender_pearl":2},"minecraft:broken":{"simpleores:tin_pickaxe":1,"minecraft:stone_pickaxe":1,"minecraft:shield":1,"minecraft:iron_axe":1,"minecraft:iron_pickaxe":1},"minecraft:crafted":{"minecraft:oak_planks":48,"minecraft:tripwire_hook":4,"minecraft:leather_boots":1,"minecraft:cooked_chicken":4,"simpleores:adamantium_chestplate":1,"minecraft:furnace":3,"travelersbackpack:blank_upgrade":4,"minecraft:cooked_mutton":24,"minecraft:flint_and_steel":1,"minecraft:glass":33,"travelersbackpack:white_sleeping_bag":1,"minecraft:bow":1,"minecraft:iron_boots":1,"simpleores:adamantium_boots":1,"minecraft:iron_axe":1,"simpleores:adamantium_axe":1,"minecraft:stone_pickaxe":1,"minecraft:chest":4,"simpleores:adamantium_shovel":1,"minecraft:spruce_boat":1,"simpleores:tin_axe":1,"simpleores:adamantium_pickaxe":1,"travelersbackpack:diamond_tier_upgrade":1,"minecraft:smoker":1,"minecraft:cooked_beef":29,"simpleores:tin_ingot":30,"simpleores:mythril_rod":2,"minecraft:deepslate":3,"travelersbackpack:iron_tier_upgrade":1,"minecraft:diamond_sword":1,"minecraft:cooked_porkchop":30,"minecraft:crafting_table":5,"minecraft:spruce_planks":128,"travelersbackpack:standard":1,"travelersbackpack:backpack_tank":4,"minecraft:iron_helmet":1,"minecraft:wooden_pickaxe":1,"simpleores:tin_chestplate":1,"simpleores:tin_leggings":1,"minecraft:smithing_table":1,"minecraft:cooked_salmon":5,"simpleores:adamantium_ingot":67,"minecraft:bucket":3,"minecraft:stone_axe":1,"minecraft:air":0,"simpleores:adamantium_leggings":1,"minecraft:iron_chestplate":1,"minecraft:charcoal":1,"simpleores:adamantium_helmet":1,"minecraft:diamond_pickaxe":1,"simpleores:mythril_bow":1,"minecraft:shield":4,"minecraft:stick":144,"minecraft:iron_ingot":74,"minecraft:iron_pickaxe":1,"simpleores:mythril_ingot":43,"minecraft:gold_ingot":11,"minecraft:iron_leggings":1,"minecraft:white_bed":1,"simpleores:tin_boots":2,"minecraft:torch":480,"minecraft:trapped_chest":2,"simpleores:tin_pickaxe":1},"minecraft:killed_by":{"minecraft:creeper":6,"minecraft:skeleton":4,"minecraft:zombie":4},"minecraft:mined":{"minecraft:nether_gold_ore":14,"minecraft:tuff":10,"minecraft:spruce_planks":2,"minecraft:white_bed":8,"minecraft:deepslate_diamond_ore":27,"minecraft:obsidian":10,"minecraft:nether_bricks":1,"minecraft:grass_block":8,"minecraft:spruce_leaves":18,"simpleores:deepslate_adamantium_ore":67,"minecraft:furnace":6,"minecraft:iron_ore":50,"minecraft:fire":1,"minecraft:cobbled_deepslate":1,"minecraft:snow":8,"minecraft:andesite":3,"minecraft:deepslate_lapis_ore":8,"minecraft:deepslate_iron_ore":8,"minecraft:stripped_oak_log":4,"simpleores:tin_ore":14,"minecraft:stone":302,"minecraft:blackstone":30,"minecraft:smoker":4,"minecraft:basalt":8,"minecraft:crafting_table":8,"minecraft:calcite":1,"minecraft:chest":2,"minecraft:cobblestone":20,"minecraft:deepslate_coal_ore":26,"minecraft:deepslate_gold_ore":7,"minecraft:sugar_cane":3,"minecraft:diorite":15,"minecraft:coarse_dirt":8,"simpleores:deepslate_mythril_ore":46,"minecraft:birch_log":6,"minecraft:spruce_log":35,"minecraft:grass":8,"minecraft:coal_ore":163,"minecraft:oak_log":12,"minecraft:sand":34,"minecraft:gravel":5,"minecraft:dirt":4,"minecraft:netherrack":95,"minecraft:oak_leaves":1,"minecraft:deepslate":106},"minecraft:used":{"simpleores:adamantium_pickaxe":525,"minecraft:flint_and_steel":2,"simpleores:tin_axe":4,"simpleores:adamantium_shovel":52,"simpleores:adamantium_leggings":1,"minecraft:chest":2,"minecraft:spruce_planks":9,"minecraft:shield":129,"minecraft:cooked_salmon":5,"minecraft:cooked_chicken":4,"minecraft:iron_chestplate":1,"minecraft:torch":314,"minecraft:dirt":4,"minecraft:mutton":2,"minecraft:obsidian":10,"simpleores:tin_leggings":1,"minecraft:spruce_boat":9,"minecraft:lava_bucket":13,"simpleores:adamantium_axe":148,"minecraft:iron_axe":138,"minecraft:grass_block":1,"minecraft:iron_helmet":1,"simpleores:adamantium_helmet":1,"simpleores:tin_chestplate":4,"minecraft:iron_boots":3,"minecraft:bow":7,"minecraft:sweet_berries":5,"minecraft:furnace":6,"simpleores:adamantium_boots":1,"minecraft:egg":1,"minecraft:cooked_beef":6,"simpleores:adamantium_chestplate":1,"minecraft:cobbled_deepslate":39,"minecraft:cooked_mutton":23,"minecraft:water_bucket":35,"minecraft:diorite":5,"minecraft:stone_pickaxe":104,"minecraft:wooden_pickaxe":4,"simpleores:tin_boots":4,"minecraft:leather_boots":1,"minecraft:crafting_table":11,"minecraft:white_bed":8,"minecraft:spruce_log":2,"minecraft:smoker":5,"simpleores:mythril_bow":6,"minecraft:diamond_pickaxe":10,"minecraft:iron_pickaxe":247,"minecraft:bread":3,"minecraft:gravel":3,"minecraft:spruce_sapling":1,"minecraft:stone_axe":69,"minecraft:diamond_sword":180,"travelersbackpack:standard":4,"minecraft:cobblestone":55,"minecraft:cooked_porkchop":21,"minecraft:andesite":3,"minecraft:bucket":61,"simpleores:tin_pickaxe":203},"minecraft:custom":{"minecraft:mob_kills":206,"minecraft:interact_with_crafting_table":68,"minecraft:leave_game":7,"minecraft:time_since_death":2794,"minecraft:climb_one_cm":510,"minecraft:sprint_one_cm":996588,"minecraft:walk_one_cm":774598,"minecraft:damage_blocked_by_shield":5060,"minecraft:drop":53,"minecraft:talked_to_villager":3,"minecraft:play_time":296288,"minecraft:deaths":21,"minecraft:sneak_time":7925,"minecraft:walk_under_water_one_cm":27573,"minecraft:boat_one_cm":72765,"minecraft:jump":7369,"minecraft:interact_with_blast_furnace":17,"minecraft:walk_on_water_one_cm":55764,"minecraft:total_world_time":296288,"minecraft:interact_with_furnace":86,"minecraft:sleep_in_bed":15,"minecraft:time_since_rest":1613,"minecraft:damage_taken":8982,"minecraft:damage_dealt":31701,"minecraft:swim_one_cm":111174,"minecraft:fly_one_cm":1231919,"minecraft:open_chest":27,"minecraft:crouch_one_cm":10881,"minecraft:fall_one_cm":194319,"minecraft:interact_with_smoker":43},"minecraft:dropped":{"minecraft:cooked_beef":6,"minecraft:cooked_porkchop":6,"minecraft:iron_helmet":1,"minecraft:cobblestone":167,"simpleores:tin_chestplate":1,"travelersbackpack:standard":1,"minecraft:lava_bucket":2,"minecraft:dirt":11,"minecraft:gray_wool":2,"minecraft:diorite":12,"minecraft:torch":1,"minecraft:snowball":8,"minecraft:iron_leggings":1,"minecraft:string":6,"minecraft:tripwire_hook":1,"minecraft:white_wool":2,"minecraft:spruce_sapling":1,"minecraft:gold_ingot":3,"simpleores:tin_boots":1,"minecraft:blackstone":29,"minecraft:coarse_dirt":8,"minecraft:cobbled_deepslate":13,"minecraft:raw_copper":2,"minecraft:deepslate":3,"minecraft:raw_iron":1,"minecraft:rotten_flesh":35,"minecraft:iron_boots":1,"simpleores:tin_leggings":1,"minecraft:gunpowder":6,"minecraft:iron_chestplate":1,"minecraft:spider_eye":1,"minecraft:basalt":2,"minecraft:glass":4,"minecraft:wooden_pickaxe":1,"minecraft:calcite":1,"minecraft:netherrack":76,"minecraft:black_wool":1},"minecraft:killed":{"minecraft:spider":18,"minecraft:slime":14,"minecraft:skeleton":40,"minecraft:chicken":3,"minecraft:pig":19,"minecraft:salmon":3,"minecraft:sheep":18,"minecraft:zombie":68,"minecraft:wither_skeleton":2,"minecraft:enderman":2,"minecraft:cow":13}},"DataVersion":3465}