{"stats":{"minecraft:used":{"minecraft:cooked_mutton":6,"minecraft:water_bucket":3,"simpleores:tin_axe":4,"minecraft:stone_pickaxe":63,"minecraft:wooden_pickaxe":4,"minecraft:shield":59,"simpleores:tin_boots":4,"minecraft:cooked_salmon":5,"minecraft:iron_chestplate":1,"minecraft:torch":66,"minecraft:dirt":4,"minecraft:mutton":2,"minecraft:crafting_table":6,"minecraft:white_bed":6,"simpleores:tin_leggings":1,"minecraft:smoker":4,"minecraft:iron_axe":77,"minecraft:iron_pickaxe":147,"minecraft:iron_helmet":1,"simpleores:tin_chestplate":4,"minecraft:iron_boots":3,"minecraft:bow":7,"minecraft:stone_axe":69,"minecraft:cobblestone":16,"minecraft:furnace":5,"minecraft:cooked_porkchop":5,"minecraft:bucket":4,"simpleores:tin_pickaxe":93,"minecraft:egg":1},"minecraft:crafted":{"simpleores:tin_ingot":30,"minecraft:oak_planks":48,"minecraft:deepslate":3,"minecraft:cooked_porkchop":7,"minecraft:crafting_table":2,"minecraft:iron_helmet":1,"minecraft:wooden_pickaxe":1,"simpleores:tin_chestplate":1,"simpleores:tin_leggings":1,"minecraft:furnace":3,"minecraft:cooked_salmon":5,"simpleores:adamantium_ingot":4,"minecraft:bucket":1,"minecraft:stone_axe":1,"minecraft:cooked_mutton":6,"minecraft:air":0,"minecraft:iron_boots":1,"minecraft:iron_chestplate":1,"minecraft:charcoal":1,"minecraft:shield":1,"minecraft:iron_axe":1,"minecraft:stick":36,"minecraft:iron_ingot":40,"minecraft:iron_pickaxe":1,"minecraft:stone_pickaxe":1,"minecraft:iron_leggings":1,"minecraft:white_bed":1,"simpleores:tin_axe":1,"simpleores:tin_boots":2,"minecraft:torch":96,"minecraft:smoker":1,"simpleores:tin_pickaxe":1},"minecraft:custom":{"minecraft:interact_with_furnace":61,"minecraft:mob_kills":49,"minecraft:interact_with_crafting_table":30,"minecraft:leave_game":1,"minecraft:time_since_death":906,"minecraft:sleep_in_bed":6,"minecraft:climb_one_cm":374,"minecraft:time_since_rest":933,"minecraft:sprint_one_cm":339663,"minecraft:damage_taken":3666,"minecraft:walk_one_cm":229080,"minecraft:damage_blocked_by_shield":1750,"minecraft:drop":9,"minecraft:damage_dealt":8840,"minecraft:swim_one_cm":24645,"minecraft:fly_one_cm":282780,"minecraft:crouch_one_cm":2823,"minecraft:play_time":85236,"minecraft:sneak_time":1896,"minecraft:deaths":10,"minecraft:walk_under_water_one_cm":4998,"minecraft:jump":1850,"minecraft:walk_on_water_one_cm":17350,"minecraft:total_world_time":85236,"minecraft:interact_with_smoker":12,"minecraft:fall_one_cm":40207},"minecraft:mined":{"minecraft:white_bed":5,"minecraft:deepslate_diamond_ore":5,"minecraft:smoker":4,"minecraft:crafting_table":5,"minecraft:grass_block":4,"simpleores:deepslate_adamantium_ore":4,"minecraft:sugar_cane":3,"minecraft:diorite":1,"minecraft:furnace":4,"simpleores:deepslate_mythril_ore":14,"minecraft:birch_log":6,"minecraft:iron_ore":43,"minecraft:andesite":3,"minecraft:grass":2,"minecraft:coal_ore":114,"minecraft:oak_log":12,"minecraft:deepslate_iron_ore":7,"minecraft:stripped_oak_log":4,"simpleores:tin_ore":14,"minecraft:stone":42,"minecraft:oak_leaves":1,"minecraft:deepslate":9},"minecraft:picked_up":{"minecraft:stripped_oak_log":12,"minecraft:birch_log":21,"minecraft:iron_chestplate":3,"minecraft:crafting_table":6,"minecraft:andesite":9,"minecraft:water_bucket":2,"minecraft:salmon":5,"minecraft:wooden_pickaxe":3,"minecraft:smoker":12,"minecraft:oak_log":12,"minecraft:shield":5,"minecraft:gunpowder":10,"simpleores:tin_pickaxe":8,"minecraft:string":35,"minecraft:dirt":33,"minecraft:raw_copper":2,"minecraft:iron_axe":5,"minecraft:cooked_salmon":2,"minecraft:iron_leggings":3,"minecraft:cooked_mutton":1,"minecraft:bone":28,"simpleores:raw_mythril":32,"minecraft:bow":7,"minecraft:cobbled_deepslate":25,"simpleores:raw_adamantium":7,"minecraft:iron_ingot":17,"simpleores:tin_chestplate":5,"minecraft:stone_pickaxe":10,"simpleores:raw_tin":63,"minecraft:iron_pickaxe":5,"simpleores:adamantium_ingot":8,"minecraft:sugar_cane":18,"minecraft:birch_sapling":4,"minecraft:oak_planks":34,"minecraft:furnace":7,"minecraft:iron_boots":3,"minecraft:egg":1,"minecraft:raw_iron":76,"minecraft:stick":49,"minecraft:sweet_berries":6,"minecraft:torch":61,"minecraft:porkchop":7,"minecraft:diorite":9,"minecraft:white_bed":7,"minecraft:spider_eye":11,"minecraft:deepslate":3,"minecraft:arrow":22,"minecraft:rotten_flesh":48,"minecraft:diamond":11,"minecraft:stone_axe":1,"simpleores:tin_ingot":1,"minecraft:iron_helmet":3,"pfm:furniture_book":2,"minecraft:mutton":8,"simpleores:tin_boots":1,"minecraft:coal":308,"minecraft:white_wool":9,"minecraft:cobblestone":94},"minecraft:killed_by":{"minecraft:skeleton":2,"minecraft:creeper":4,"minecraft:zombie":3},"minecraft:dropped":{"simpleores:tin_boots":1,"minecraft:raw_copper":2,"minecraft:rotten_flesh":2,"simpleores:tin_chestplate":1,"simpleores:tin_leggings":1,"minecraft:diorite":1,"minecraft:wooden_pickaxe":1},"minecraft:killed":{"minecraft:pig":3,"minecraft:salmon":3,"minecraft:spider":9,"minecraft:sheep":4,"minecraft:skeleton":10,"minecraft:zombie":19}},"DataVersion":3465}