{"stats":{"minecraft:used":{"minecraft:cooked_mutton":6,"simpleores:tin_axe":4,"minecraft:stone_pickaxe":63,"minecraft:wooden_pickaxe":4,"simpleores:tin_boots":2,"minecraft:cooked_salmon":2,"minecraft:dirt":3,"minecraft:mutton":2,"minecraft:crafting_table":3,"minecraft:white_bed":3,"minecraft:smoker":3,"simpleores:tin_chestplate":2,"minecraft:stone_axe":69,"minecraft:cobblestone":2,"minecraft:furnace":2,"minecraft:cooked_porkchop":2,"simpleores:tin_pickaxe":77,"minecraft:egg":1},"minecraft:crafted":{"simpleores:tin_ingot":19,"minecraft:oak_planks":24,"minecraft:cooked_porkchop":4,"minecraft:crafting_table":1,"minecraft:wooden_pickaxe":1,"simpleores:tin_chestplate":1,"minecraft:furnace":2,"minecraft:cooked_salmon":2,"minecraft:stone_axe":1,"minecraft:cooked_mutton":6,"minecraft:air":0,"minecraft:charcoal":1,"minecraft:stick":8,"minecraft:stone_pickaxe":1,"minecraft:white_bed":1,"simpleores:tin_axe":1,"simpleores:tin_boots":1,"minecraft:smoker":1,"simpleores:tin_pickaxe":1},"minecraft:custom":{"minecraft:interact_with_furnace":32,"minecraft:mob_kills":20,"minecraft:interact_with_crafting_table":14,"minecraft:time_since_death":3584,"minecraft:sleep_in_bed":2,"minecraft:climb_one_cm":374,"minecraft:time_since_rest":616,"minecraft:sprint_one_cm":145563,"minecraft:damage_taken":1798,"minecraft:walk_one_cm":94920,"minecraft:drop":3,"minecraft:damage_dealt":3284,"minecraft:swim_one_cm":7942,"minecraft:fly_one_cm":122146,"minecraft:crouch_one_cm":620,"minecraft:play_time":33661,"minecraft:deaths":4,"minecraft:sneak_time":352,"minecraft:walk_under_water_one_cm":2660,"minecraft:jump":711,"minecraft:walk_on_water_one_cm":7312,"minecraft:interact_with_smoker":8,"minecraft:total_world_time":33661,"minecraft:fall_one_cm":17764},"minecraft:mined":{"minecraft:white_bed":3,"minecraft:smoker":3,"minecraft:crafting_table":3,"minecraft:grass_block":3,"minecraft:furnace":2,"minecraft:birch_log":6,"minecraft:iron_ore":4,"minecraft:grass":2,"minecraft:oak_log":6,"minecraft:coal_ore":49,"minecraft:stripped_oak_log":4,"simpleores:tin_ore":14,"minecraft:stone":36,"minecraft:oak_leaves":1},"minecraft:picked_up":{"minecraft:birch_log":21,"minecraft:stripped_oak_log":12,"minecraft:crafting_table":3,"minecraft:salmon":2,"minecraft:wooden_pickaxe":3,"minecraft:smoker":5,"minecraft:oak_log":6,"minecraft:dirt":29,"simpleores:tin_pickaxe":2,"minecraft:string":21,"minecraft:cooked_salmon":2,"minecraft:cooked_mutton":1,"minecraft:bone":3,"minecraft:stone_pickaxe":4,"simpleores:tin_chestplate":2,"simpleores:raw_tin":52,"minecraft:birch_sapling":4,"minecraft:oak_planks":10,"minecraft:egg":1,"minecraft:furnace":4,"minecraft:stick":19,"minecraft:raw_iron":4,"minecraft:porkchop":4,"minecraft:white_bed":4,"minecraft:spider_eye":6,"minecraft:rotten_flesh":11,"minecraft:stone_axe":1,"simpleores:tin_ingot":1,"pfm:furniture_book":2,"minecraft:mutton":8,"minecraft:coal":78,"simpleores:tin_boots":1,"minecraft:white_wool":9,"minecraft:cobblestone":42},"minecraft:killed_by":{"minecraft:skeleton":1,"minecraft:creeper":2,"minecraft:zombie":1},"minecraft:dropped":{"minecraft:rotten_flesh":2,"minecraft:wooden_pickaxe":1},"minecraft:killed":{"minecraft:pig":2,"minecraft:spider":8,"minecraft:sheep":4,"minecraft:skeleton":2,"minecraft:zombie":4}},"DataVersion":3465}