{"stats":{"minecraft:dropped":{"simpleores:tin_boots":1,"minecraft:raw_copper":2,"minecraft:rotten_flesh":2,"simpleores:tin_chestplate":1,"simpleores:tin_leggings":1,"minecraft:diorite":1,"minecraft:wooden_pickaxe":1},"minecraft:mined":{"minecraft:white_bed":5,"minecraft:smoker":4,"minecraft:crafting_table":5,"minecraft:grass_block":4,"minecraft:sugar_cane":3,"minecraft:diorite":1,"minecraft:furnace":3,"minecraft:birch_log":6,"minecraft:iron_ore":38,"minecraft:grass":2,"minecraft:oak_log":12,"minecraft:coal_ore":114,"minecraft:stripped_oak_log":4,"simpleores:tin_ore":14,"minecraft:stone":42,"minecraft:oak_leaves":1},"minecraft:picked_up":{"minecraft:stripped_oak_log":12,"minecraft:birch_log":21,"minecraft:iron_chestplate":1,"minecraft:crafting_table":5,"minecraft:salmon":5,"minecraft:wooden_pickaxe":3,"minecraft:smoker":10,"minecraft:oak_log":12,"minecraft:shield":3,"minecraft:gunpowder":6,"minecraft:dirt":31,"simpleores:tin_pickaxe":6,"minecraft:string":29,"minecraft:iron_leggings":1,"minecraft:raw_copper":2,"minecraft:iron_axe":3,"minecraft:cooked_salmon":2,"minecraft:cooked_mutton":1,"minecraft:bone":11,"minecraft:bow":2,"minecraft:iron_ingot":8,"simpleores:tin_chestplate":5,"minecraft:stone_pickaxe":8,"simpleores:raw_tin":63,"minecraft:iron_pickaxe":3,"minecraft:sugar_cane":6,"minecraft:birch_sapling":4,"minecraft:oak_planks":28,"minecraft:iron_boots":1,"minecraft:furnace":5,"minecraft:egg":1,"minecraft:stick":49,"minecraft:raw_iron":40,"minecraft:sweet_berries":2,"minecraft:torch":11,"minecraft:porkchop":7,"minecraft:diorite":5,"minecraft:white_bed":7,"minecraft:spider_eye":9,"minecraft:arrow":10,"minecraft:rotten_flesh":19,"minecraft:stone_axe":1,"simpleores:tin_ingot":1,"minecraft:iron_helmet":1,"pfm:furniture_book":2,"minecraft:mutton":8,"simpleores:tin_boots":1,"minecraft:coal":211,"minecraft:white_wool":9,"minecraft:cobblestone":89},"minecraft:used":{"minecraft:cooked_mutton":6,"simpleores:tin_axe":4,"minecraft:stone_pickaxe":63,"minecraft:wooden_pickaxe":4,"minecraft:shield":29,"simpleores:tin_boots":4,"minecraft:cooked_salmon":2,"minecraft:iron_chestplate":1,"minecraft:torch":17,"minecraft:dirt":4,"minecraft:mutton":2,"minecraft:crafting_table":5,"minecraft:white_bed":5,"simpleores:tin_leggings":1,"minecraft:smoker":4,"minecraft:iron_axe":24,"minecraft:iron_pickaxe":99,"minecraft:iron_helmet":1,"simpleores:tin_chestplate":4,"minecraft:iron_boots":2,"minecraft:stone_axe":69,"minecraft:cobblestone":15,"minecraft:furnace":3,"minecraft:cooked_porkchop":5,"minecraft:bucket":1,"simpleores:tin_pickaxe":93,"minecraft:egg":1},"minecraft:custom":{"minecraft:interact_with_furnace":53,"minecraft:mob_kills":30,"minecraft:interact_with_crafting_table":26,"minecraft:leave_game":1,"minecraft:time_since_death":8259,"minecraft:sleep_in_bed":4,"minecraft:climb_one_cm":374,"minecraft:time_since_rest":8289,"minecraft:sprint_one_cm":273585,"minecraft:damage_taken":2862,"minecraft:walk_one_cm":170668,"minecraft:damage_blocked_by_shield":860,"minecraft:drop":9,"minecraft:damage_dealt":4915,"minecraft:swim_one_cm":24645,"minecraft:fly_one_cm":210085,"minecraft:crouch_one_cm":1053,"minecraft:play_time":67384,"minecraft:deaths":8,"minecraft:sneak_time":926,"minecraft:walk_under_water_one_cm":4493,"minecraft:jump":1413,"minecraft:walk_on_water_one_cm":13736,"minecraft:total_world_time":67384,"minecraft:interact_with_smoker":12,"minecraft:fall_one_cm":31716},"minecraft:crafted":{"simpleores:tin_ingot":30,"minecraft:oak_planks":48,"minecraft:cooked_porkchop":7,"minecraft:crafting_table":2,"minecraft:iron_helmet":1,"minecraft:wooden_pickaxe":1,"simpleores:tin_chestplate":1,"simpleores:tin_leggings":1,"minecraft:furnace":2,"minecraft:cooked_salmon":5,"minecraft:bucket":1,"minecraft:stone_axe":1,"minecraft:cooked_mutton":6,"minecraft:air":0,"minecraft:iron_boots":1,"minecraft:iron_chestplate":1,"minecraft:charcoal":1,"minecraft:shield":1,"minecraft:iron_axe":1,"minecraft:stick":24,"minecraft:iron_ingot":33,"minecraft:iron_pickaxe":1,"minecraft:stone_pickaxe":1,"minecraft:iron_leggings":1,"minecraft:white_bed":1,"simpleores:tin_axe":1,"simpleores:tin_boots":2,"minecraft:torch":24,"minecraft:smoker":1,"simpleores:tin_pickaxe":1},"minecraft:killed":{"minecraft:pig":3,"minecraft:salmon":3,"minecraft:spider":9,"minecraft:skeleton":6,"minecraft:sheep":4,"minecraft:zombie":4},"minecraft:killed_by":{"minecraft:skeleton":2,"minecraft:creeper":4,"minecraft:zombie":1}},"DataVersion":3465}