{"stats":{"minecraft:crafted":{"minecraft:oak_planks":20,"minecraft:stone_axe":1,"minecraft:crafting_table":1,"minecraft:stick":8,"minecraft:wooden_pickaxe":1,"minecraft:stone_pickaxe":1},"minecraft:mined":{"minecraft:grass_block":3,"minecraft:oak_log":6,"minecraft:stripped_oak_log":4,"minecraft:stone":9,"minecraft:oak_leaves":1,"minecraft:crafting_table":2},"minecraft:used":{"minecraft:stone_axe":10,"minecraft:dirt":3,"minecraft:crafting_table":2,"minecraft:stone_pickaxe":6,"minecraft:wooden_pickaxe":3},"minecraft:picked_up":{"minecraft:stripped_oak_log":4,"minecraft:stick":2,"minecraft:crafting_table":2,"minecraft:oak_log":6,"minecraft:dirt":3,"minecraft:cobblestone":9},"minecraft:custom":{"minecraft:time_since_rest":3806,"minecraft:play_time":3806,"minecraft:sprint_one_cm":15954,"minecraft:damage_taken":20,"minecraft:walk_one_cm":7228,"minecraft:sneak_time":27,"minecraft:jump":52,"minecraft:time_since_death":3806,"minecraft:total_world_time":3806,"minecraft:fall_one_cm":693,"minecraft:interact_with_crafting_table":4,"minecraft:fly_one_cm":6426}},"DataVersion":3465}