{"stats":{"minecraft:used":{"minecraft:cooked_mutton":6,"minecraft:water_bucket":4,"minecraft:diorite":2,"simpleores:tin_axe":4,"minecraft:stone_pickaxe":63,"minecraft:wooden_pickaxe":4,"minecraft:shield":76,"simpleores:tin_boots":4,"minecraft:cooked_salmon":5,"minecraft:iron_chestplate":1,"minecraft:torch":97,"minecraft:dirt":4,"minecraft:mutton":2,"minecraft:crafting_table":6,"minecraft:white_bed":6,"simpleores:tin_leggings":1,"minecraft:smoker":4,"minecraft:iron_axe":100,"minecraft:iron_pickaxe":182,"minecraft:iron_helmet":1,"simpleores:tin_chestplate":4,"minecraft:iron_boots":3,"minecraft:bow":7,"minecraft:stone_axe":69,"minecraft:cobblestone":16,"minecraft:furnace":5,"minecraft:cooked_porkchop":5,"minecraft:bucket":4,"simpleores:tin_pickaxe":98,"minecraft:egg":1},"minecraft:crafted":{"simpleores:tin_ingot":30,"minecraft:oak_planks":48,"minecraft:deepslate":3,"minecraft:cooked_porkchop":7,"minecraft:crafting_table":2,"minecraft:iron_helmet":1,"minecraft:wooden_pickaxe":1,"simpleores:tin_chestplate":1,"simpleores:tin_leggings":1,"minecraft:furnace":3,"minecraft:cooked_salmon":5,"simpleores:adamantium_ingot":4,"minecraft:bucket":1,"minecraft:stone_axe":1,"minecraft:cooked_mutton":6,"minecraft:air":0,"minecraft:iron_boots":1,"minecraft:iron_chestplate":1,"minecraft:charcoal":1,"minecraft:shield":1,"minecraft:iron_axe":1,"minecraft:stick":36,"minecraft:iron_ingot":40,"minecraft:iron_pickaxe":1,"minecraft:stone_pickaxe":1,"minecraft:iron_leggings":1,"minecraft:white_bed":1,"simpleores:tin_axe":1,"simpleores:tin_boots":2,"minecraft:torch":96,"minecraft:smoker":1,"simpleores:tin_pickaxe":1},"minecraft:custom":{"minecraft:interact_with_furnace":61,"minecraft:mob_kills":60,"minecraft:interact_with_crafting_table":30,"minecraft:leave_game":1,"minecraft:time_since_death":1495,"minecraft:sleep_in_bed":6,"minecraft:climb_one_cm":374,"minecraft:time_since_rest":1529,"minecraft:sprint_one_cm":369430,"minecraft:damage_taken":3984,"minecraft:walk_one_cm":318154,"minecraft:damage_blocked_by_shield":2440,"minecraft:drop":10,"minecraft:damage_dealt":10921,"minecraft:swim_one_cm":24645,"minecraft:fly_one_cm":306031,"minecraft:crouch_one_cm":3080,"minecraft:play_time":97236,"minecraft:sneak_time":1992,"minecraft:deaths":11,"minecraft:walk_under_water_one_cm":5693,"minecraft:jump":2204,"minecraft:walk_on_water_one_cm":21255,"minecraft:total_world_time":97236,"minecraft:interact_with_smoker":12,"minecraft:fall_one_cm":45656},"minecraft:mined":{"minecraft:tuff":10,"minecraft:white_bed":5,"minecraft:deepslate_diamond_ore":5,"minecraft:smoker":4,"minecraft:crafting_table":5,"minecraft:grass_block":4,"simpleores:deepslate_adamantium_ore":17,"minecraft:sugar_cane":3,"minecraft:diorite":1,"minecraft:furnace":4,"simpleores:deepslate_mythril_ore":16,"minecraft:birch_log":6,"minecraft:iron_ore":43,"minecraft:andesite":3,"minecraft:grass":2,"minecraft:coal_ore":114,"minecraft:oak_log":12,"minecraft:deepslate_iron_ore":7,"minecraft:stripped_oak_log":4,"simpleores:tin_ore":14,"minecraft:stone":42,"minecraft:oak_leaves":1,"minecraft:deepslate":19},"minecraft:picked_up":{"minecraft:stripped_oak_log":12,"minecraft:birch_log":21,"minecraft:iron_chestplate":4,"minecraft:crafting_table":6,"minecraft:andesite":12,"minecraft:water_bucket":2,"minecraft:salmon":5,"minecraft:wooden_pickaxe":3,"minecraft:smoker":12,"minecraft:tuff":20,"minecraft:oak_log":12,"minecraft:shield":6,"minecraft:gunpowder":13,"simpleores:tin_pickaxe":9,"minecraft:string":40,"minecraft:dirt":34,"minecraft:raw_copper":2,"minecraft:iron_axe":5,"minecraft:cooked_salmon":2,"minecraft:iron_leggings":4,"minecraft:cooked_mutton":1,"minecraft:bone":45,"simpleores:raw_mythril":49,"minecraft:bow":10,"minecraft:cobbled_deepslate":46,"minecraft:bucket":1,"simpleores:raw_adamantium":20,"minecraft:iron_ingot":25,"simpleores:tin_chestplate":5,"minecraft:stone_pickaxe":11,"simpleores:raw_tin":63,"minecraft:iron_pickaxe":6,"simpleores:adamantium_ingot":14,"minecraft:sugar_cane":24,"minecraft:birch_sapling":4,"minecraft:oak_planks":34,"minecraft:furnace":8,"minecraft:iron_boots":3,"minecraft:egg":1,"minecraft:raw_iron":88,"minecraft:stick":49,"minecraft:sweet_berries":8,"minecraft:torch":61,"minecraft:porkchop":7,"minecraft:diorite":9,"minecraft:white_bed":7,"minecraft:spider_eye":12,"minecraft:deepslate":6,"minecraft:arrow":35,"minecraft:rotten_flesh":65,"minecraft:diamond":16,"minecraft:stone_axe":1,"simpleores:tin_ingot":1,"minecraft:iron_helmet":4,"pfm:furniture_book":2,"minecraft:mutton":8,"simpleores:tin_boots":1,"minecraft:coal":322,"minecraft:white_wool":9,"minecraft:cobblestone":94},"minecraft:killed_by":{"minecraft:skeleton":3,"minecraft:creeper":4,"minecraft:zombie":3},"minecraft:dropped":{"simpleores:tin_boots":1,"minecraft:raw_copper":2,"minecraft:rotten_flesh":2,"simpleores:tin_chestplate":1,"simpleores:tin_leggings":1,"minecraft:gunpowder":1,"minecraft:diorite":1,"minecraft:wooden_pickaxe":1},"minecraft:killed":{"minecraft:pig":3,"minecraft:salmon":3,"minecraft:spider":11,"minecraft:sheep":4,"minecraft:skeleton":16,"minecraft:zombie":22}},"DataVersion":3465}