{
  "minecraft:recipes/decorations/crafting_table": {
    "criteria": {
      "unlock_right_away": "2024-07-10 23:26:36 +0000"
    },
    "done": true
  },
  "pfm:grant_book_on_first_join": {
    "criteria": {
      "tick": "2024-07-10 23:26:36 +0000"
    },
    "done": true
  },
  "minecraft:adventure/adventuring_time": {
    "criteria": {
      "minecraft:taiga": "2024-07-10 23:35:47 +0000",
      "minecraft:beach": "2024-07-10 23:58:32 +0000",
      "minecraft:river": "2024-07-10 23:43:15 +0000",
      "minecraft:forest": "2024-07-10 23:26:37 +0000",
      "minecraft:lush_caves": "2024-07-10 23:40:41 +0000",
      "minecraft:plains": "2024-07-10 23:28:47 +0000"
    },
    "done": false
  },
  "pfm:recipes/furniture/lime_simple_sofa": {
    "criteria": {
      "has_wool": "2024-07-10 23:26:58 +0000"
    },
    "done": true
  },
  "pfm:recipes/furniture/pink_arm_chair": {
    "criteria": {
      "has_wool": "2024-07-10 23:26:58 +0000"
    },
    "done": true
  },
  "pfm:recipes/furniture/orange_arm_chair": {
    "criteria": {
      "has_wool": "2024-07-10 23:26:58 +0000"
    },
    "done": true
  },
  "pfm:recipes/furniture/red_simple_sofa": {
    "criteria": {
      "has_wool": "2024-07-10 23:26:58 +0000"
    },
    "done": true
  },
  "pfm:recipes/furniture/oak_kitchen_wall_drawer": {
    "criteria": {
      "has_planks": "2024-07-10 23:26:58 +0000"
    },
    "done": true
  },
  "pfm:recipes/furniture/magenta_simple_sofa": {
    "criteria": {
      "has_wool": "2024-07-10 23:26:58 +0000"
    },
    "done": true
  },
  "pfm:recipes/furniture/brown_arm_chair": {
    "criteria": {
      "has_wool": "2024-07-10 23:26:58 +0000"
    },
    "done": true
  },
  "pfm:recipes/furniture/purple_simple_sofa": {
    "criteria": {
      "has_wool": "2024-07-10 23:26:58 +0000"
    },
    "done": true
  },
  "pfm:recipes/furniture/green_simple_sofa": {
    "criteria": {
      "has_wool": "2024-07-10 23:26:58 +0000"
    },
    "done": true
  },
  "pfm:recipes/furniture/oak_kitchen_sink": {
    "criteria": {
      "has_planks": "2024-07-10 23:26:58 +0000"
    },
    "done": true
  },
  "pfm:recipes/furniture/blue_arm_chair": {
    "criteria": {
      "has_wool": "2024-07-10 23:26:58 +0000"
    },
    "done": true
  },
  "pfm:recipes/furniture/red_arm_chair": {
    "criteria": {
      "has_wool": "2024-07-10 23:26:58 +0000"
    },
    "done": true
  },
  "pfm:recipes/furniture/arm_chair_leather": {
    "criteria": {
      "has_wool": "2024-07-10 23:26:58 +0000"
    },
    "done": true
  },
  "pfm:recipes/furniture/oak_raw_table_log": {
    "criteria": {
      "has_log": "2024-07-10 23:26:58 +0000"
    },
    "done": true
  },
  "pfm:recipes/furniture/oak_kitchen_drawer": {
    "criteria": {
      "has_planks": "2024-07-10 23:26:58 +0000"
    },
    "done": true
  },
  "pfm:recipes/furniture/brown_simple_sofa": {
    "criteria": {
      "has_wool": "2024-07-10 23:26:58 +0000"
    },
    "done": true
  },
  "pfm:recipes/furniture/oak_kitchen_wall_counter": {
    "criteria": {
      "has_planks": "2024-07-10 23:26:58 +0000"
    },
    "done": true
  },
  "minecraft:recipes/misc/charcoal": {
    "criteria": {
      "has_log": "2024-07-10 23:26:58 +0000"
    },
    "done": true
  },
  "pfm:recipes/furniture/cyan_arm_chair": {
    "criteria": {
      "has_wool": "2024-07-10 23:26:58 +0000"
    },
    "done": true
  },
  "pfm:recipes/furniture/white_arm_chair": {
    "criteria": {
      "has_wool": "2024-07-10 23:26:58 +0000"
    },
    "done": true
  },
  "pfm:recipes/furniture/black_arm_chair": {
    "criteria": {
      "has_wool": "2024-07-10 23:26:58 +0000"
    },
    "done": true
  },
  "pfm:recipes/furniture/purple_arm_chair": {
    "criteria": {
      "has_wool": "2024-07-10 23:26:58 +0000"
    },
    "done": true
  },
  "minecraft:recipes/building_blocks/oak_planks": {
    "criteria": {
      "has_logs": "2024-07-10 23:26:58 +0000"
    },
    "done": true
  },
  "securitycraft:recipes/misc/sc_manual": {
    "criteria": {
      "has_wood": "2024-07-10 23:26:58 +0000"
    },
    "done": true
  },
  "minecraft:recipes/building_blocks/oak_wood": {
    "criteria": {
      "has_log": "2024-07-10 23:26:58 +0000"
    },
    "done": true
  },
  "pfm:recipes/furniture/cyan_simple_sofa": {
    "criteria": {
      "has_wool": "2024-07-10 23:26:58 +0000"
    },
    "done": true
  },
  "pfm:recipes/furniture/yellow_arm_chair": {
    "criteria": {
      "has_wool": "2024-07-10 23:26:58 +0000"
    },
    "done": true
  },
  "pfm:recipes/furniture/light_gray_arm_chair": {
    "criteria": {
      "has_wool": "2024-07-10 23:26:58 +0000"
    },
    "done": true
  },
  "pfm:recipes/furniture/green_arm_chair": {
    "criteria": {
      "has_wool": "2024-07-10 23:26:58 +0000"
    },
    "done": true
  },
  "pfm:recipes/furniture/oak_kitchen_counter": {
    "criteria": {
      "has_planks": "2024-07-10 23:26:58 +0000"
    },
    "done": true
  },
  "pfm:recipes/furniture/lime_arm_chair": {
    "criteria": {
      "has_wool": "2024-07-10 23:26:58 +0000"
    },
    "done": true
  },
  "pfm:recipes/furniture/light_gray_simple_sofa": {
    "criteria": {
      "has_wool": "2024-07-10 23:26:58 +0000"
    },
    "done": true
  },
  "pfm:recipes/furniture/yellow_simple_sofa": {
    "criteria": {
      "has_wool": "2024-07-10 23:26:58 +0000"
    },
    "done": true
  },
  "pfm:recipes/furniture/white_simple_sofa": {
    "criteria": {
      "has_wool": "2024-07-10 23:26:58 +0000"
    },
    "done": true
  },
  "pfm:recipes/furniture/gray_simple_sofa": {
    "criteria": {
      "has_wool": "2024-07-10 23:26:58 +0000"
    },
    "done": true
  },
  "pfm:recipes/furniture/pink_simple_sofa": {
    "criteria": {
      "has_wool": "2024-07-10 23:26:58 +0000"
    },
    "done": true
  },
  "pfm:recipes/furniture/oak_kitchen_wall_small_drawer": {
    "criteria": {
      "has_planks": "2024-07-10 23:26:58 +0000"
    },
    "done": true
  },
  "pfm:recipes/furniture/black_simple_sofa": {
    "criteria": {
      "has_wool": "2024-07-10 23:26:58 +0000"
    },
    "done": true
  },
  "pfm:recipes/furniture/oak_kitchen_counter_oven": {
    "criteria": {
      "has_planks": "2024-07-10 23:26:58 +0000"
    },
    "done": true
  },
  "pfm:recipes/furniture/blue_simple_sofa": {
    "criteria": {
      "has_wool": "2024-07-10 23:26:58 +0000"
    },
    "done": true
  },
  "pfm:recipes/furniture/gray_arm_chair": {
    "criteria": {
      "has_wool": "2024-07-10 23:26:58 +0000"
    },
    "done": true
  },
  "pfm:recipes/furniture/light_blue_simple_sofa": {
    "criteria": {
      "has_wool": "2024-07-10 23:26:58 +0000"
    },
    "done": true
  },
  "pfm:recipes/furniture/oak_log_stool": {
    "criteria": {
      "has_log": "2024-07-10 23:26:58 +0000"
    },
    "done": true
  },
  "pfm:recipes/furniture/magenta_arm_chair": {
    "criteria": {
      "has_wool": "2024-07-10 23:26:58 +0000"
    },
    "done": true
  },
  "pfm:recipes/furniture/orange_simple_sofa": {
    "criteria": {
      "has_wool": "2024-07-10 23:26:58 +0000"
    },
    "done": true
  },
  "pfm:recipes/furniture/light_blue_arm_chair": {
    "criteria": {
      "has_wool": "2024-07-10 23:26:58 +0000"
    },
    "done": true
  },
  "pfm:recipes/furniture/oak_kitchen_cabinet": {
    "criteria": {
      "has_planks": "2024-07-10 23:26:58 +0000"
    },
    "done": true
  },
  "minecraft:recipes/decorations/oak_sign": {
    "criteria": {
      "has_planks": "2024-07-10 23:27:16 +0000"
    },
    "done": true
  },
  "pfm:recipes/furniture/oak_table_basic": {
    "criteria": {
      "has_planks": "2024-07-10 23:27:16 +0000"
    },
    "done": true
  },
  "pfm:recipes/furniture/oak_chair_modern": {
    "criteria": {
      "has_planks": "2024-07-10 23:27:16 +0000"
    },
    "done": true
  },
  "minecraft:recipes/misc/stick": {
    "criteria": {
      "has_planks": "2024-07-10 23:27:16 +0000"
    },
    "done": true
  },
  "pfm:recipes/furniture/oak_classic_nightstand": {
    "criteria": {
      "has_planks": "2024-07-10 23:27:16 +0000"
    },
    "done": true
  },
  "pfm:recipes/furniture/oak_table_classic": {
    "criteria": {
      "has_planks": "2024-07-10 23:27:16 +0000"
    },
    "done": true
  },
  "pfm:recipes/root": {
    "criteria": {
      "has_planks": "2024-07-10 23:27:16 +0000"
    },
    "done": true
  },
  "pfm:recipes/furniture/oak_chair": {
    "criteria": {
      "has_planks": "2024-07-10 23:27:16 +0000"
    },
    "done": true
  },
  "pfm:recipes/furniture/oak_classic_stool": {
    "criteria": {
      "has_planks": "2024-07-10 23:27:16 +0000"
    },
    "done": true
  },
  "minecraft:recipes/building_blocks/oak_slab": {
    "criteria": {
      "has_planks": "2024-07-10 23:27:16 +0000"
    },
    "done": true
  },
  "minecraft:recipes/redstone/oak_fence_gate": {
    "criteria": {
      "has_planks": "2024-07-10 23:27:16 +0000"
    },
    "done": true
  },
  "minecraft:recipes/redstone/oak_door": {
    "criteria": {
      "has_planks": "2024-07-10 23:27:16 +0000"
    },
    "done": true
  },
  "pfm:recipes/furniture/oak_table_dinner": {
    "criteria": {
      "has_planks": "2024-07-10 23:27:16 +0000"
    },
    "done": true
  },
  "pfm:recipes/furniture/oak_chair_classic": {
    "criteria": {
      "has_planks": "2024-07-10 23:27:16 +0000"
    },
    "done": true
  },
  "minecraft:recipes/decorations/barrel": {
    "criteria": {
      "has_planks": "2024-07-10 23:27:16 +0000"
    },
    "done": true
  },
  "pfm:recipes/furniture/oak_table_modern_dinner": {
    "criteria": {
      "has_planks": "2024-07-10 23:27:16 +0000"
    },
    "done": true
  },
  "pfm:recipes/furniture/oak_chair_dinner": {
    "criteria": {
      "has_planks": "2024-07-10 23:27:16 +0000"
    },
    "done": true
  },
  "minecraft:recipes/redstone/oak_trapdoor": {
    "criteria": {
      "has_planks": "2024-07-10 23:27:16 +0000"
    },
    "done": true
  },
  "pfm:recipes/furniture/oak_modern_stool": {
    "criteria": {
      "has_planks": "2024-07-10 23:27:16 +0000"
    },
    "done": true
  },
  "minecraft:recipes/building_blocks/oak_stairs": {
    "criteria": {
      "has_planks": "2024-07-10 23:27:16 +0000"
    },
    "done": true
  },
  "minecraft:recipes/decorations/oak_fence": {
    "criteria": {
      "has_planks": "2024-07-10 23:27:16 +0000"
    },
    "done": true
  },
  "minecraft:recipes/redstone/oak_button": {
    "criteria": {
      "has_planks": "2024-07-10 23:27:16 +0000"
    },
    "done": true
  },
  "pfm:recipes/furniture/oak_simple_bunk_ladder": {
    "criteria": {
      "has_planks": "2024-07-10 23:27:16 +0000"
    },
    "done": true
  },
  "minecraft:recipes/redstone/oak_pressure_plate": {
    "criteria": {
      "has_planks": "2024-07-10 23:27:16 +0000"
    },
    "done": true
  },
  "pfm:recipes/furniture/oak_table_log": {
    "criteria": {
      "has_log": "2024-07-10 23:27:16 +0000"
    },
    "done": true
  },
  "pfm:recipes/furniture/oak_simple_stool": {
    "criteria": {
      "has_planks": "2024-07-10 23:27:16 +0000"
    },
    "done": true
  },
  "minecraft:recipes/decorations/ladder": {
    "criteria": {
      "has_stick": "2024-07-10 23:27:19 +0000"
    },
    "done": true
  },
  "securitycraft:recipes/redstone/reinforced_birch_fence_gate": {
    "criteria": {
      "has_stick": "2024-07-10 23:27:19 +0000"
    },
    "done": true
  },
  "securitycraft:recipes/redstone/reinforced_crimson_fence_gate": {
    "criteria": {
      "has_stick": "2024-07-10 23:27:19 +0000"
    },
    "done": true
  },
  "securitycraft:recipes/misc/motion_activated_light": {
    "criteria": {
      "has_stick": "2024-07-10 23:27:19 +0000"
    },
    "done": true
  },
  "securitycraft:recipes/redstone/reinforced_jungle_fence_gate": {
    "criteria": {
      "has_stick": "2024-07-10 23:27:19 +0000"
    },
    "done": true
  },
  "minecraft:recipes/tools/wooden_axe": {
    "criteria": {
      "has_stick": "2024-07-10 23:27:19 +0000"
    },
    "done": true
  },
  "securitycraft:recipes/redstone/reinforced_spruce_fence_gate": {
    "criteria": {
      "has_stick": "2024-07-10 23:27:19 +0000"
    },
    "done": true
  },
  "securitycraft:recipes/misc/reinforced_acacia_fence": {
    "criteria": {
      "has_stick": "2024-07-10 23:27:19 +0000"
    },
    "done": true
  },
  "securitycraft:recipes/redstone/reinforced_bamboo_fence_gate": {
    "criteria": {
      "has_stick": "2024-07-10 23:27:19 +0000"
    },
    "done": true
  },
  "minecraft:recipes/decorations/campfire": {
    "criteria": {
      "has_stick": "2024-07-10 23:27:19 +0000"
    },
    "done": true
  },
  "minecraft:recipes/tools/wooden_hoe": {
    "criteria": {
      "has_stick": "2024-07-10 23:27:19 +0000"
    },
    "done": true
  },
  "securitycraft:recipes/misc/sonic_security_system": {
    "criteria": {
      "has_stick": "2024-07-10 23:27:19 +0000"
    },
    "done": true
  },
  "minecraft:recipes/tools/wooden_shovel": {
    "criteria": {
      "has_stick": "2024-07-10 23:27:19 +0000"
    },
    "done": true
  },
  "securitycraft:recipes/redstone/reinforced_dark_oak_fence_gate": {
    "criteria": {
      "has_stick": "2024-07-10 23:27:19 +0000"
    },
    "done": true
  },
  "minecraft:recipes/combat/wooden_sword": {
    "criteria": {
      "has_stick": "2024-07-10 23:27:19 +0000"
    },
    "done": true
  },
  "securitycraft:recipes/misc/reinforced_birch_fence": {
    "criteria": {
      "has_stick": "2024-07-10 23:27:19 +0000"
    },
    "done": true
  },
  "securitycraft:recipes/misc/reinforced_dark_oak_fence": {
    "criteria": {
      "has_stick": "2024-07-10 23:27:19 +0000"
    },
    "done": true
  },
  "securitycraft:recipes/misc/reinforced_oak_fence": {
    "criteria": {
      "has_stick": "2024-07-10 23:27:19 +0000"
    },
    "done": true
  },
  "securitycraft:recipes/redstone/reinforced_oak_fence_gate": {
    "criteria": {
      "has_stick": "2024-07-10 23:27:19 +0000"
    },
    "done": true
  },
  "securitycraft:recipes/misc/reinforced_bamboo_fence": {
    "criteria": {
      "has_stick": "2024-07-10 23:27:19 +0000"
    },
    "done": true
  },
  "securitycraft:recipes/misc/reinforced_crimson_fence": {
    "criteria": {
      "has_stick": "2024-07-10 23:27:19 +0000"
    },
    "done": true
  },
  "securitycraft:recipes/misc/reinforced_jungle_fence": {
    "criteria": {
      "has_stick": "2024-07-10 23:27:19 +0000"
    },
    "done": true
  },
  "securitycraft:recipes/misc/reinforced_warped_fence": {
    "criteria": {
      "has_stick": "2024-07-10 23:27:19 +0000"
    },
    "done": true
  },
  "securitycraft:recipes/redstone/reinforced_cherry_fence_gate": {
    "criteria": {
      "has_stick": "2024-07-10 23:27:19 +0000"
    },
    "done": true
  },
  "securitycraft:recipes/redstone/reinforced_acacia_fence_gate": {
    "criteria": {
      "has_stick": "2024-07-10 23:27:19 +0000"
    },
    "done": true
  },
  "securitycraft:recipes/misc/reinforced_cherry_fence": {
    "criteria": {
      "has_stick": "2024-07-10 23:27:19 +0000"
    },
    "done": true
  },
  "securitycraft:recipes/redstone/reinforced_warped_fence_gate": {
    "criteria": {
      "has_stick": "2024-07-10 23:27:19 +0000"
    },
    "done": true
  },
  "minecraft:recipes/tools/wooden_pickaxe": {
    "criteria": {
      "has_stick": "2024-07-10 23:27:19 +0000"
    },
    "done": true
  },
  "securitycraft:recipes/redstone/reinforced_mangrove_fence_gate": {
    "criteria": {
      "has_stick": "2024-07-10 23:27:19 +0000"
    },
    "done": true
  },
  "securitycraft:recipes/misc/reinforced_mangrove_fence": {
    "criteria": {
      "has_stick": "2024-07-10 23:27:19 +0000"
    },
    "done": true
  },
  "minecraft:story/root": {
    "criteria": {
      "crafting_table": "2024-07-10 23:27:19 +0000"
    },
    "done": true
  },
  "securitycraft:recipes/misc/reinforced_spruce_fence": {
    "criteria": {
      "has_stick": "2024-07-10 23:27:19 +0000"
    },
    "done": true
  },
  "minecraft:adventure/kill_all_mobs": {
    "criteria": {
      "minecraft:skeleton": "2024-07-11 00:45:57 +0000",
      "minecraft:spider": "2024-07-10 23:28:55 +0000",
      "minecraft:zombie": "2024-07-11 01:40:54 +0000"
    },
    "done": false
  },
  "minecraft:adventure/root": {
    "criteria": {
      "killed_something": "2024-07-10 23:28:55 +0000"
    },
    "done": true
  },
  "minecraft:adventure/kill_a_mob": {
    "criteria": {
      "minecraft:spider": "2024-07-10 23:28:55 +0000"
    },
    "done": true
  },
  "minecraft:recipes/redstone/tripwire_hook": {
    "criteria": {
      "has_string": "2024-07-10 23:28:56 +0000"
    },
    "done": true
  },
  "minecraft:recipes/decorations/candle": {
    "criteria": {
      "has_string": "2024-07-10 23:28:56 +0000"
    },
    "done": true
  },
  "minecraft:recipes/combat/crossbow": {
    "criteria": {
      "has_string": "2024-07-10 23:28:56 +0000"
    },
    "done": true
  },
  "minecraft:recipes/combat/bow": {
    "criteria": {
      "has_string": "2024-07-10 23:28:56 +0000"
    },
    "done": true
  },
  "minecraft:recipes/tools/fishing_rod": {
    "criteria": {
      "has_string": "2024-07-10 23:28:56 +0000"
    },
    "done": true
  },
  "minecraft:recipes/building_blocks/white_wool_from_string": {
    "criteria": {
      "has_string": "2024-07-10 23:28:56 +0000"
    },
    "done": true
  },
  "minecraft:recipes/decorations/loom": {
    "criteria": {
      "has_string": "2024-07-10 23:28:56 +0000"
    },
    "done": true
  },
  "minecraft:recipes/food/cooked_porkchop": {
    "criteria": {
      "has_porkchop": "2024-07-10 23:29:00 +0000"
    },
    "done": true
  },
  "minecraft:recipes/food/cooked_porkchop_from_smoking": {
    "criteria": {
      "has_porkchop": "2024-07-10 23:29:00 +0000"
    },
    "done": true
  },
  "minecraft:recipes/food/cooked_porkchop_from_campfire_cooking": {
    "criteria": {
      "has_porkchop": "2024-07-10 23:29:00 +0000"
    },
    "done": true
  },
  "minecraft:recipes/food/cooked_mutton_from_smoking": {
    "criteria": {
      "has_mutton": "2024-07-10 23:29:06 +0000"
    },
    "done": true
  },
  "minecraft:recipes/decorations/chest": {
    "criteria": {
      "has_lots_of_items": "2024-07-10 23:29:06 +0000"
    },
    "done": true
  },
  "pfm:recipes/furniture/white_shower_towel": {
    "criteria": {
      "has_white_wool": "2024-07-10 23:29:06 +0000"
    },
    "done": true
  },
  "minecraft:recipes/decorations/white_bed": {
    "criteria": {
      "has_white_wool": "2024-07-10 23:29:06 +0000"
    },
    "done": true
  },
  "minecraft:recipes/decorations/painting": {
    "criteria": {
      "has_wool": "2024-07-10 23:29:06 +0000"
    },
    "done": true
  },
  "minecraft:recipes/decorations/white_carpet": {
    "criteria": {
      "has_white_wool": "2024-07-10 23:29:06 +0000"
    },
    "done": true
  },
  "minecraft:recipes/food/cooked_mutton": {
    "criteria": {
      "has_mutton": "2024-07-10 23:29:06 +0000"
    },
    "done": true
  },
  "minecraft:recipes/decorations/white_banner": {
    "criteria": {
      "has_white_wool": "2024-07-10 23:29:06 +0000"
    },
    "done": true
  },
  "minecraft:recipes/food/cooked_mutton_from_campfire_cooking": {
    "criteria": {
      "has_mutton": "2024-07-10 23:29:06 +0000"
    },
    "done": true
  },
  "pfm:recipes/furniture/oak_chair_classic_white": {
    "criteria": {
      "oak_chair_classic_white": "2024-07-10 23:29:06 +0000"
    },
    "done": true
  },
  "minecraft:story/mine_stone": {
    "criteria": {
      "get_stone": "2024-07-10 23:30:08 +0000"
    },
    "done": true
  },
  "minecraft:recipes/decorations/furnace": {
    "criteria": {
      "has_cobblestone": "2024-07-10 23:30:08 +0000"
    },
    "done": true
  },
  "securitycraft:recipes/building_blocks/reinforced_andesite_with_vanilla_diorite": {
    "criteria": {
      "has_cobblestone": "2024-07-10 23:30:08 +0000"
    },
    "done": true
  },
  "minecraft:recipes/building_blocks/cobblestone_slab_from_cobblestone_stonecutting": {
    "criteria": {
      "has_cobblestone": "2024-07-10 23:30:08 +0000"
    },
    "done": true
  },
  "minecraft:recipes/building_blocks/stone": {
    "criteria": {
      "has_cobblestone": "2024-07-10 23:30:08 +0000"
    },
    "done": true
  },
  "securitycraft:recipes/building_blocks/reinforced_andesite_with_vanilla_cobblestone": {
    "criteria": {
      "has_cobblestone": "2024-07-10 23:30:08 +0000"
    },
    "done": true
  },
  "pfm:recipes/furniture/stone_kitchen_cabinet": {
    "criteria": {
      "has_planks": "2024-07-10 23:30:08 +0000"
    },
    "done": true
  },
  "pfm:recipes/furniture/stone_kitchen_counter": {
    "criteria": {
      "has_planks": "2024-07-10 23:30:08 +0000"
    },
    "done": true
  },
  "pfm:recipes/furniture/stone_kitchen_drawer": {
    "criteria": {
      "has_planks": "2024-07-10 23:30:08 +0000"
    },
    "done": true
  },
  "pfm:recipes/furniture/stone_kitchen_wall_drawer": {
    "criteria": {
      "has_planks": "2024-07-10 23:30:08 +0000"
    },
    "done": true
  },
  "minecraft:recipes/tools/stone_pickaxe": {
    "criteria": {
      "has_cobblestone": "2024-07-10 23:30:08 +0000"
    },
    "done": true
  },
  "minecraft:recipes/building_blocks/cobblestone_slab": {
    "criteria": {
      "has_cobblestone": "2024-07-10 23:30:08 +0000"
    },
    "done": true
  },
  "minecraft:recipes/decorations/cobblestone_wall_from_cobblestone_stonecutting": {
    "criteria": {
      "has_cobblestone": "2024-07-10 23:30:08 +0000"
    },
    "done": true
  },
  "minecraft:recipes/building_blocks/cobblestone_stairs": {
    "criteria": {
      "has_cobblestone": "2024-07-10 23:30:08 +0000"
    },
    "done": true
  },
  "minecraft:recipes/tools/stone_shovel": {
    "criteria": {
      "has_cobblestone": "2024-07-10 23:30:08 +0000"
    },
    "done": true
  },
  "minecraft:recipes/redstone/lever": {
    "criteria": {
      "has_cobblestone": "2024-07-10 23:30:08 +0000"
    },
    "done": true
  },
  "pfm:recipes/furniture/stone_kitchen_wall_small_drawer": {
    "criteria": {
      "has_planks": "2024-07-10 23:30:08 +0000"
    },
    "done": true
  },
  "minecraft:recipes/combat/stone_sword": {
    "criteria": {
      "has_cobblestone": "2024-07-10 23:30:08 +0000"
    },
    "done": true
  },
  "minecraft:recipes/decorations/cobblestone_wall": {
    "criteria": {
      "has_cobblestone": "2024-07-10 23:30:08 +0000"
    },
    "done": true
  },
  "minecraft:recipes/tools/stone_axe": {
    "criteria": {
      "has_cobblestone": "2024-07-10 23:30:08 +0000"
    },
    "done": true
  },
  "securitycraft:recipes/redstone/laser_block": {
    "criteria": {
      "has_stone": "2024-07-10 23:30:08 +0000"
    },
    "done": true
  },
  "pfm:recipes/furniture/stone_kitchen_wall_counter": {
    "criteria": {
      "has_planks": "2024-07-10 23:30:08 +0000"
    },
    "done": true
  },
  "pfm:recipes/furniture/stone_kitchen_counter_oven": {
    "criteria": {
      "has_planks": "2024-07-10 23:30:08 +0000"
    },
    "done": true
  },
  "pfm:recipes/furniture/stone_kitchen_sink": {
    "criteria": {
      "has_planks": "2024-07-10 23:30:08 +0000"
    },
    "done": true
  },
  "securitycraft:recipes/building_blocks/reinforced_andesite": {
    "criteria": {
      "has_cobblestone": "2024-07-10 23:30:08 +0000"
    },
    "done": true
  },
  "securitycraft:recipes/building_blocks/reinforced_diorite": {
    "criteria": {
      "has_cobblestone": "2024-07-10 23:30:08 +0000"
    },
    "done": true
  },
  "minecraft:recipes/building_blocks/cobblestone_stairs_from_cobblestone_stonecutting": {
    "criteria": {
      "has_cobblestone": "2024-07-10 23:30:08 +0000"
    },
    "done": true
  },
  "minecraft:recipes/tools/stone_hoe": {
    "criteria": {
      "has_cobblestone": "2024-07-10 23:30:08 +0000"
    },
    "done": true
  },
  "minecraft:recipes/building_blocks/coal_block": {
    "criteria": {
      "has_coal": "2024-07-10 23:30:26 +0000"
    },
    "done": true
  },
  "minecraft:recipes/decorations/torch": {
    "criteria": {
      "has_stone_pickaxe": "2024-07-10 23:30:55 +0000"
    },
    "done": true
  },
  "minecraft:story/upgrade_tools": {
    "criteria": {
      "stone_pickaxe": "2024-07-10 23:30:55 +0000"
    },
    "done": true
  },
  "pfm:recipes/furniture/spruce_kitchen_sink": {
    "criteria": {
      "has_planks": "2024-07-10 23:31:20 +0000"
    },
    "done": true
  },
  "pfm:recipes/furniture/spruce_kitchen_counter_oven": {
    "criteria": {
      "has_planks": "2024-07-10 23:31:20 +0000"
    },
    "done": true
  },
  "pfm:recipes/furniture/spruce_kitchen_wall_drawer": {
    "criteria": {
      "has_planks": "2024-07-10 23:31:20 +0000"
    },
    "done": true
  },
  "pfm:recipes/furniture/spruce_kitchen_wall_small_drawer": {
    "criteria": {
      "has_planks": "2024-07-10 23:31:20 +0000"
    },
    "done": true
  },
  "pfm:recipes/furniture/spruce_kitchen_wall_counter": {
    "criteria": {
      "has_planks": "2024-07-10 23:31:20 +0000"
    },
    "done": true
  },
  "pfm:recipes/furniture/spruce_raw_table_log": {
    "criteria": {
      "has_log": "2024-07-10 23:31:20 +0000"
    },
    "done": true
  },
  "pfm:recipes/furniture/spruce_kitchen_drawer": {
    "criteria": {
      "has_planks": "2024-07-10 23:31:20 +0000"
    },
    "done": true
  },
  "pfm:recipes/furniture/spruce_log_stool": {
    "criteria": {
      "has_log": "2024-07-10 23:31:20 +0000"
    },
    "done": true
  },
  "pfm:recipes/furniture/spruce_kitchen_counter": {
    "criteria": {
      "has_planks": "2024-07-10 23:31:20 +0000"
    },
    "done": true
  },
  "minecraft:recipes/building_blocks/spruce_wood": {
    "criteria": {
      "has_log": "2024-07-10 23:31:20 +0000"
    },
    "done": true
  },
  "pfm:recipes/furniture/spruce_kitchen_cabinet": {
    "criteria": {
      "has_planks": "2024-07-10 23:31:20 +0000"
    },
    "done": true
  },
  "minecraft:recipes/building_blocks/spruce_planks": {
    "criteria": {
      "has_logs": "2024-07-10 23:31:20 +0000"
    },
    "done": true
  },
  "pfm:recipes/furniture/spruce_table_dinner": {
    "criteria": {
      "has_planks": "2024-07-10 23:31:46 +0000"
    },
    "done": true
  },
  "pfm:recipes/furniture/spruce_classic_stool": {
    "criteria": {
      "has_planks": "2024-07-10 23:31:46 +0000"
    },
    "done": true
  },
  "minecraft:recipes/decorations/spruce_fence": {
    "criteria": {
      "has_planks": "2024-07-10 23:31:46 +0000"
    },
    "done": true
  },
  "minecraft:recipes/redstone/spruce_button": {
    "criteria": {
      "has_planks": "2024-07-10 23:31:46 +0000"
    },
    "done": true
  },
  "pfm:recipes/furniture/spruce_simple_stool": {
    "criteria": {
      "has_planks": "2024-07-10 23:31:46 +0000"
    },
    "done": true
  },
  "minecraft:recipes/redstone/spruce_pressure_plate": {
    "criteria": {
      "has_planks": "2024-07-10 23:31:46 +0000"
    },
    "done": true
  },
  "pfm:recipes/furniture/spruce_chair_classic": {
    "criteria": {
      "has_planks": "2024-07-10 23:31:46 +0000"
    },
    "done": true
  },
  "pfm:recipes/furniture/spruce_chair_dinner": {
    "criteria": {
      "has_planks": "2024-07-10 23:31:46 +0000"
    },
    "done": true
  },
  "pfm:recipes/furniture/spruce_simple_bunk_ladder": {
    "criteria": {
      "has_planks": "2024-07-10 23:31:46 +0000"
    },
    "done": true
  },
  "pfm:recipes/furniture/spruce_table_modern_dinner": {
    "criteria": {
      "has_planks": "2024-07-10 23:31:46 +0000"
    },
    "done": true
  },
  "pfm:recipes/furniture/spruce_table_log": {
    "criteria": {
      "has_log": "2024-07-10 23:31:46 +0000"
    },
    "done": true
  },
  "minecraft:recipes/decorations/spruce_sign": {
    "criteria": {
      "has_planks": "2024-07-10 23:31:46 +0000"
    },
    "done": true
  },
  "minecraft:recipes/building_blocks/spruce_slab": {
    "criteria": {
      "has_planks": "2024-07-10 23:31:46 +0000"
    },
    "done": true
  },
  "pfm:recipes/furniture/spruce_classic_nightstand": {
    "criteria": {
      "has_planks": "2024-07-10 23:31:46 +0000"
    },
    "done": true
  },
  "pfm:recipes/furniture/spruce_modern_stool": {
    "criteria": {
      "has_planks": "2024-07-10 23:31:46 +0000"
    },
    "done": true
  },
  "minecraft:recipes/redstone/spruce_trapdoor": {
    "criteria": {
      "has_planks": "2024-07-10 23:31:46 +0000"
    },
    "done": true
  },
  "minecraft:recipes/redstone/spruce_door": {
    "criteria": {
      "has_planks": "2024-07-10 23:31:46 +0000"
    },
    "done": true
  },
  "pfm:recipes/furniture/spruce_table_classic": {
    "criteria": {
      "has_planks": "2024-07-10 23:31:46 +0000"
    },
    "done": true
  },
  "minecraft:recipes/redstone/spruce_fence_gate": {
    "criteria": {
      "has_planks": "2024-07-10 23:31:46 +0000"
    },
    "done": true
  },
  "pfm:recipes/furniture/spruce_table_basic": {
    "criteria": {
      "has_planks": "2024-07-10 23:31:46 +0000"
    },
    "done": true
  },
  "pfm:recipes/furniture/spruce_chair": {
    "criteria": {
      "has_planks": "2024-07-10 23:31:46 +0000"
    },
    "done": true
  },
  "minecraft:recipes/building_blocks/spruce_stairs": {
    "criteria": {
      "has_planks": "2024-07-10 23:31:46 +0000"
    },
    "done": true
  },
  "pfm:recipes/furniture/spruce_chair_modern": {
    "criteria": {
      "has_planks": "2024-07-10 23:31:46 +0000"
    },
    "done": true
  },
  "pfm:recipes/furniture/dark_oak_white_simple_bed": {
    "criteria": {
      "has_bed": "2024-07-10 23:31:51 +0000"
    },
    "done": true
  },
  "pfm:recipes/furniture/bamboo_white_simple_bed": {
    "criteria": {
      "has_bed": "2024-07-10 23:31:51 +0000"
    },
    "done": true
  },
  "pfm:recipes/furniture/mangrove_white_simple_bed": {
    "criteria": {
      "has_bed": "2024-07-10 23:31:51 +0000"
    },
    "done": true
  },
  "pfm:recipes/furniture/jungle_white_classic_bed": {
    "criteria": {
      "has_bed": "2024-07-10 23:31:51 +0000"
    },
    "done": true
  },
  "pfm:recipes/furniture/acacia_white_classic_bed": {
    "criteria": {
      "has_bed": "2024-07-10 23:31:51 +0000"
    },
    "done": true
  },
  "pfm:recipes/furniture/spruce_white_classic_bed": {
    "criteria": {
      "has_bed": "2024-07-10 23:31:51 +0000"
    },
    "done": true
  },
  "pfm:recipes/furniture/dark_oak_white_classic_bed": {
    "criteria": {
      "has_bed": "2024-07-10 23:31:51 +0000"
    },
    "done": true
  },
  "pfm:recipes/furniture/warped_white_classic_bed": {
    "criteria": {
      "has_bed": "2024-07-10 23:31:51 +0000"
    },
    "done": true
  },
  "pfm:recipes/furniture/crimson_white_classic_bed": {
    "criteria": {
      "has_bed": "2024-07-10 23:31:51 +0000"
    },
    "done": true
  },
  "pfm:recipes/furniture/spruce_white_simple_bed": {
    "criteria": {
      "has_bed": "2024-07-10 23:31:51 +0000"
    },
    "done": true
  },
  "pfm:recipes/furniture/warped_white_simple_bed": {
    "criteria": {
      "has_bed": "2024-07-10 23:31:51 +0000"
    },
    "done": true
  },
  "pfm:recipes/furniture/oak_white_simple_bed": {
    "criteria": {
      "has_bed": "2024-07-10 23:31:51 +0000"
    },
    "done": true
  },
  "pfm:recipes/furniture/cherry_white_classic_bed": {
    "criteria": {
      "has_bed": "2024-07-10 23:31:51 +0000"
    },
    "done": true
  },
  "pfm:recipes/furniture/jungle_white_simple_bed": {
    "criteria": {
      "has_bed": "2024-07-10 23:31:51 +0000"
    },
    "done": true
  },
  "pfm:recipes/furniture/birch_white_classic_bed": {
    "criteria": {
      "has_bed": "2024-07-10 23:31:51 +0000"
    },
    "done": true
  },
  "pfm:recipes/furniture/birch_white_simple_bed": {
    "criteria": {
      "has_bed": "2024-07-10 23:31:51 +0000"
    },
    "done": true
  },
  "pfm:recipes/furniture/oak_white_classic_bed": {
    "criteria": {
      "has_bed": "2024-07-10 23:31:51 +0000"
    },
    "done": true
  },
  "pfm:recipes/furniture/crimson_white_simple_bed": {
    "criteria": {
      "has_bed": "2024-07-10 23:31:51 +0000"
    },
    "done": true
  },
  "pfm:recipes/furniture/mangrove_white_classic_bed": {
    "criteria": {
      "has_bed": "2024-07-10 23:31:51 +0000"
    },
    "done": true
  },
  "pfm:recipes/furniture/cherry_white_simple_bed": {
    "criteria": {
      "has_bed": "2024-07-10 23:31:51 +0000"
    },
    "done": true
  },
  "pfm:recipes/furniture/bamboo_white_classic_bed": {
    "criteria": {
      "has_bed": "2024-07-10 23:31:51 +0000"
    },
    "done": true
  },
  "pfm:recipes/furniture/acacia_white_simple_bed": {
    "criteria": {
      "has_bed": "2024-07-10 23:31:51 +0000"
    },
    "done": true
  },
  "minecraft:adventure/sleep_in_bed": {
    "criteria": {
      "slept_in_bed": "2024-07-10 23:31:56 +0000"
    },
    "done": true
  },
  "minecraft:recipes/decorations/smoker": {
    "criteria": {
      "has_furnace": "2024-07-10 23:33:27 +0000"
    },
    "done": true
  },
  "minecraft:husbandry/root": {
    "criteria": {
      "consumed_item": "2024-07-10 23:33:51 +0000"
    },
    "done": true
  },
  "minecraft:husbandry/balanced_diet": {
    "criteria": {
      "cooked_porkchop": "2024-07-10 23:33:51 +0000",
      "cooked_mutton": "2024-07-11 00:52:49 +0000",
      "sweet_berries": "2024-07-11 00:04:32 +0000",
      "cooked_beef": "2024-07-12 01:19:20 +0000",
      "tropical_fish": "2024-07-11 01:27:14 +0000",
      "bread": "2024-07-12 00:21:56 +0000",
      "glow_berries": "2024-07-11 00:50:43 +0000"
    },
    "done": false
  },
  "simpleores:recipes/misc/raw_tin": {
    "criteria": {
      "has_item": "2024-07-10 23:36:26 +0000"
    },
    "done": true
  },
  "simpleores:recipes/misc/tin_ingot": {
    "criteria": {
      "has_the_recipe": "2024-07-10 23:36:26 +0000"
    },
    "done": true
  },
  "simpleores:recipes/building_blocks/raw_tin_block": {
    "criteria": {
      "has_item": "2024-07-10 23:36:26 +0000"
    },
    "done": true
  },
  "simpleores:main/tin_ore": {
    "criteria": {
      "got_tin_ore": "2024-07-10 23:36:26 +0000"
    },
    "done": true
  },
  "simpleores:recipes/building_blocks/tin_block": {
    "criteria": {
      "has_the_recipe": "2024-07-10 23:36:26 +0000"
    },
    "done": true
  },
  "simpleores:recipes/misc/tin_ingot_from_smelting": {
    "criteria": {
      "tin_ingot_from_smelting": "2024-07-10 23:36:26 +0000"
    },
    "done": true
  },
  "simpleores:recipes/misc/tin_ingot_from_blasting": {
    "criteria": {
      "tin_ingot_from_blasting": "2024-07-10 23:36:26 +0000"
    },
    "done": true
  },
  "simpleores:main/copper_ore": {
    "criteria": {
      "got_copper_ore": "2024-07-10 23:37:15 +0000"
    },
    "done": true
  },
  "minecraft:recipes/building_blocks/copper_block": {
    "criteria": {
      "has_the_recipe": "2024-07-10 23:37:15 +0000"
    },
    "done": true
  },
  "minecraft:recipes/misc/copper_ingot_from_blasting_raw_copper": {
    "criteria": {
      "has_raw_copper": "2024-07-10 23:37:15 +0000"
    },
    "done": true
  },
  "minecraft:recipes/building_blocks/raw_copper_block": {
    "criteria": {
      "has_raw_copper": "2024-07-10 23:37:15 +0000"
    },
    "done": true
  },
  "minecraft:recipes/misc/copper_ingot": {
    "criteria": {
      "has_the_recipe": "2024-07-10 23:37:15 +0000"
    },
    "done": true
  },
  "minecraft:recipes/misc/copper_ingot_from_smelting_raw_copper": {
    "criteria": {
      "has_raw_copper": "2024-07-10 23:37:15 +0000"
    },
    "done": true
  },
  "minecraft:recipes/combat/leather_helmet": {
    "criteria": {
      "has_leather": "2024-07-10 23:37:57 +0000"
    },
    "done": true
  },
  "minecraft:recipes/combat/leather_chestplate": {
    "criteria": {
      "has_leather": "2024-07-10 23:37:57 +0000"
    },
    "done": true
  },
  "minecraft:recipes/misc/leather_horse_armor": {
    "criteria": {
      "has_leather": "2024-07-10 23:37:57 +0000"
    },
    "done": true
  },
  "minecraft:recipes/food/cooked_beef_from_smoking": {
    "criteria": {
      "has_beef": "2024-07-10 23:37:57 +0000"
    },
    "done": true
  },
  "minecraft:recipes/decorations/item_frame": {
    "criteria": {
      "has_leather": "2024-07-10 23:37:57 +0000"
    },
    "done": true
  },
  "minecraft:recipes/combat/leather_boots": {
    "criteria": {
      "has_leather": "2024-07-10 23:37:57 +0000"
    },
    "done": true
  },
  "minecraft:recipes/food/cooked_beef": {
    "criteria": {
      "has_beef": "2024-07-10 23:37:57 +0000"
    },
    "done": true
  },
  "minecraft:recipes/combat/leather_leggings": {
    "criteria": {
      "has_leather": "2024-07-10 23:37:57 +0000"
    },
    "done": true
  },
  "minecraft:recipes/food/cooked_beef_from_campfire_cooking": {
    "criteria": {
      "has_beef": "2024-07-10 23:37:57 +0000"
    },
    "done": true
  },
  "simpleores:tin_brick_slab": {
    "criteria": {
      "has_item": "2024-07-10 23:41:19 +0000"
    },
    "done": true
  },
  "simpleores:tin_bars": {
    "criteria": {
      "has_item": "2024-07-10 23:41:19 +0000"
    },
    "done": true
  },
  "simpleores:tin_helmet": {
    "criteria": {
      "has_item": "2024-07-10 23:41:19 +0000"
    },
    "done": true
  },
  "simpleores:tin_pickaxe": {
    "criteria": {
      "has_item": "2024-07-10 23:41:19 +0000"
    },
    "done": true
  },
  "simpleores:tin_sword": {
    "criteria": {
      "has_item": "2024-07-10 23:41:19 +0000"
    },
    "done": true
  },
  "simpleores:tin_leggings": {
    "criteria": {
      "has_item": "2024-07-10 23:41:19 +0000"
    },
    "done": true
  },
  "simpleores:recipes/misc/tin_ingot_from_nuggets": {
    "criteria": {
      "has_item": "2024-07-10 23:41:19 +0000"
    },
    "done": true
  },
  "simpleores:recipes/building_blocks/tin_pressure_plate": {
    "criteria": {
      "has_item": "2024-07-10 23:41:19 +0000"
    },
    "done": true
  },
  "simpleores:tin_axe": {
    "criteria": {
      "has_item": "2024-07-10 23:41:19 +0000"
    },
    "done": true
  },
  "simpleores:tin_brick_stairs": {
    "criteria": {
      "has_item": "2024-07-10 23:41:19 +0000"
    },
    "done": true
  },
  "simpleores:recipes/misc/tin_nugget": {
    "criteria": {
      "has_item": "2024-07-10 23:41:19 +0000"
    },
    "done": true
  },
  "simpleores:tin_boots": {
    "criteria": {
      "has_item": "2024-07-10 23:41:19 +0000"
    },
    "done": true
  },
  "simpleores:tin_chestplate": {
    "criteria": {
      "has_item": "2024-07-10 23:41:19 +0000"
    },
    "done": true
  },
  "simpleores:tin_bricks": {
    "criteria": {
      "has_item": "2024-07-10 23:41:19 +0000"
    },
    "done": true
  },
  "simpleores:tin_hoe": {
    "criteria": {
      "has_item": "2024-07-10 23:41:19 +0000"
    },
    "done": true
  },
  "simpleores:tin_shears": {
    "criteria": {
      "has_item": "2024-07-10 23:41:19 +0000"
    },
    "done": true
  },
  "simpleores:tin_door": {
    "criteria": {
      "has_item": "2024-07-10 23:41:19 +0000"
    },
    "done": true
  },
  "simpleores:tin_shovel": {
    "criteria": {
      "has_item": "2024-07-10 23:41:19 +0000"
    },
    "done": true
  },
  "simpleores:main/tin_chestplate": {
    "criteria": {
      "got_tin_chest": "2024-07-10 23:41:53 +0000"
    },
    "done": true
  },
  "minecraft:recipes/transportation/cherry_boat": {
    "criteria": {
      "in_water": "2024-07-10 23:43:15 +0000"
    },
    "done": true
  },
  "minecraft:recipes/transportation/bamboo_raft": {
    "criteria": {
      "in_water": "2024-07-10 23:43:15 +0000"
    },
    "done": true
  },
  "minecraft:recipes/transportation/acacia_boat": {
    "criteria": {
      "in_water": "2024-07-10 23:43:15 +0000"
    },
    "done": true
  },
  "minecraft:recipes/transportation/jungle_boat": {
    "criteria": {
      "in_water": "2024-07-10 23:43:15 +0000"
    },
    "done": true
  },
  "minecraft:recipes/transportation/spruce_boat": {
    "criteria": {
      "in_water": "2024-07-10 23:43:15 +0000"
    },
    "done": true
  },
  "minecraft:recipes/transportation/birch_boat": {
    "criteria": {
      "in_water": "2024-07-10 23:43:15 +0000"
    },
    "done": true
  },
  "minecraft:recipes/transportation/oak_boat": {
    "criteria": {
      "in_water": "2024-07-10 23:43:15 +0000"
    },
    "done": true
  },
  "minecraft:recipes/transportation/mangrove_boat": {
    "criteria": {
      "in_water": "2024-07-10 23:43:15 +0000"
    },
    "done": true
  },
  "minecraft:recipes/transportation/dark_oak_boat": {
    "criteria": {
      "in_water": "2024-07-10 23:43:15 +0000"
    },
    "done": true
  },
  "minecraft:recipes/misc/gold_nugget_from_blasting": {
    "criteria": {
      "has_golden_chestplate": "2024-07-10 23:43:25 +0000"
    },
    "done": true
  },
  "minecraft:recipes/misc/gold_nugget_from_smelting": {
    "criteria": {
      "has_golden_chestplate": "2024-07-10 23:43:25 +0000"
    },
    "done": true
  },
  "minecraft:recipes/decorations/fletching_table": {
    "criteria": {
      "has_flint": "2024-07-10 23:43:26 +0000"
    },
    "done": true
  },
  "minecraft:recipes/decorations/lantern": {
    "criteria": {
      "has_iron_nugget": "2024-07-10 23:43:26 +0000"
    },
    "done": true
  },
  "minecraft:recipes/misc/iron_ingot_from_nuggets": {
    "criteria": {
      "has_iron_nugget": "2024-07-10 23:43:26 +0000"
    },
    "done": true
  },
  "minecraft:recipes/combat/arrow": {
    "criteria": {
      "has_flint": "2024-07-10 23:43:26 +0000"
    },
    "done": true
  },
  "minecraft:recipes/decorations/chain": {
    "criteria": {
      "has_iron_nugget": "2024-07-10 23:43:26 +0000"
    },
    "done": true
  },
  "minecraft:recipes/tools/flint_and_steel": {
    "criteria": {
      "has_flint": "2024-07-10 23:43:26 +0000"
    },
    "done": true
  },
  "minecraft:recipes/building_blocks/raw_iron_block": {
    "criteria": {
      "has_raw_iron": "2024-07-10 23:57:46 +0000"
    },
    "done": true
  },
  "minecraft:recipes/misc/iron_ingot_from_blasting_raw_iron": {
    "criteria": {
      "has_raw_iron": "2024-07-10 23:57:46 +0000"
    },
    "done": true
  },
  "minecraft:recipes/misc/iron_ingot_from_smelting_raw_iron": {
    "criteria": {
      "has_raw_iron": "2024-07-10 23:57:46 +0000"
    },
    "done": true
  },
  "minecraft:recipes/food/cake": {
    "criteria": {
      "has_egg": "2024-07-11 00:03:03 +0000"
    },
    "done": true
  },
  "securitycraft:recipes/misc/sentry": {
    "criteria": {
      "has_iron": "2024-07-11 00:07:09 +0000"
    },
    "done": true
  },
  "minecraft:recipes/combat/iron_helmet": {
    "criteria": {
      "has_iron_ingot": "2024-07-11 00:07:09 +0000"
    },
    "done": true
  },
  "securitycraft:recipes/decorations/floor_trap": {
    "criteria": {
      "has_iron": "2024-07-11 00:07:09 +0000"
    },
    "done": true
  },
  "securitycraft:recipes/misc/storage_module": {
    "criteria": {
      "has_iron": "2024-07-11 00:07:09 +0000"
    },
    "done": true
  },
  "minecraft:recipes/tools/shears": {
    "criteria": {
      "has_iron_ingot": "2024-07-11 00:07:09 +0000"
    },
    "done": true
  },
  "pfm:recipes/furniture/iron_freezer": {
    "criteria": {
      "has_iron_ingot": "2024-07-11 00:07:09 +0000"
    },
    "done": true
  },
  "minecraft:recipes/building_blocks/iron_block": {
    "criteria": {
      "has_iron_ingot": "2024-07-11 00:07:09 +0000"
    },
    "done": true
  },
  "pfm:recipes/furniture/iron_stove": {
    "criteria": {
      "has_iron_ingot": "2024-07-11 00:07:09 +0000"
    },
    "done": true
  },
  "securitycraft:recipes/transportation/track_mine": {
    "criteria": {
      "has_iron": "2024-07-11 00:07:09 +0000"
    },
    "done": true
  },
  "securitycraft:recipes/misc/whitelist_module": {
    "criteria": {
      "has_iron": "2024-07-11 00:07:09 +0000"
    },
    "done": true
  },
  "securitycraft:recipes/misc/security_camera": {
    "criteria": {
      "has_iron": "2024-07-11 00:07:09 +0000"
    },
    "done": true
  },
  "minecraft:recipes/redstone/hopper": {
    "criteria": {
      "has_iron_ingot": "2024-07-11 00:07:09 +0000"
    },
    "done": true
  },
  "securitycraft:recipes/misc/briefcase": {
    "criteria": {
      "has_iron": "2024-07-11 00:07:09 +0000"
    },
    "done": true
  },
  "securitycraft:recipes/redstone/reinforced_fence_gate": {
    "criteria": {
      "has_iron": "2024-07-11 00:07:09 +0000"
    },
    "done": true
  },
  "securitycraft:recipes/misc/electrified_iron_fence": {
    "criteria": {
      "has_iron": "2024-07-11 00:07:09 +0000"
    },
    "done": true
  },
  "securitycraft:recipes/misc/keycard_lv5": {
    "criteria": {
      "has_iron": "2024-07-11 00:07:09 +0000"
    },
    "done": true
  },
  "securitycraft:recipes/misc/keycard_lv3": {
    "criteria": {
      "has_iron": "2024-07-11 00:07:09 +0000"
    },
    "done": true
  },
  "securitycraft:recipes/misc/keycard_lv4": {
    "criteria": {
      "has_iron": "2024-07-11 00:07:09 +0000"
    },
    "done": true
  },
  "securitycraft:recipes/misc/keycard_lv1": {
    "criteria": {
      "has_iron": "2024-07-11 00:07:09 +0000"
    },
    "done": true
  },
  "securitycraft:recipes/misc/keycard_lv2": {
    "criteria": {
      "has_iron": "2024-07-11 00:07:09 +0000"
    },
    "done": true
  },
  "minecraft:recipes/combat/iron_boots": {
    "criteria": {
      "has_iron_ingot": "2024-07-11 00:07:09 +0000"
    },
    "done": true
  },
  "securitycraft:recipes/misc/mine": {
    "criteria": {
      "has_iron": "2024-07-11 00:07:09 +0000"
    },
    "done": true
  },
  "minecraft:recipes/tools/iron_shovel": {
    "criteria": {
      "has_iron_ingot": "2024-07-11 00:07:09 +0000"
    },
    "done": true
  },
  "securitycraft:recipes/misc/trophy_system": {
    "criteria": {
      "has_iron": "2024-07-11 00:07:09 +0000"
    },
    "done": true
  },
  "minecraft:recipes/redstone/iron_trapdoor": {
    "criteria": {
      "has_iron_ingot": "2024-07-11 00:07:09 +0000"
    },
    "done": true
  },
  "pfm:recipes/furniture/kitchen_stovetop": {
    "criteria": {
      "has_iron_ingot": "2024-07-11 00:07:09 +0000"
    },
    "done": true
  },
  "securitycraft:recipes/misc/speed_module": {
    "criteria": {
      "has_iron": "2024-07-11 00:07:09 +0000"
    },
    "done": true
  },
  "securitycraft:recipes/misc/camera_monitor": {
    "criteria": {
      "has_iron": "2024-07-11 00:07:09 +0000"
    },
    "done": true
  },
  "securitycraft:recipes/misc/redstone_module": {
    "criteria": {
      "has_iron": "2024-07-11 00:07:09 +0000"
    },
    "done": true
  },
  "securitycraft:recipes/misc/door_indestructible_iron_item": {
    "criteria": {
      "has_iron": "2024-07-11 00:07:09 +0000"
    },
    "done": true
  },
  "securitycraft:recipes/tools/universal_block_remover": {
    "criteria": {
      "has_iron": "2024-07-11 00:07:09 +0000"
    },
    "done": true
  },
  "pfm:recipes/furniture/iron_fridge": {
    "criteria": {
      "has_iron_ingot": "2024-07-11 00:07:09 +0000"
    },
    "done": true
  },
  "minecraft:recipes/redstone/heavy_weighted_pressure_plate": {
    "criteria": {
      "has_iron_ingot": "2024-07-11 00:07:09 +0000"
    },
    "done": true
  },
  "minecraft:recipes/combat/iron_leggings": {
    "criteria": {
      "has_iron_ingot": "2024-07-11 00:07:09 +0000"
    },
    "done": true
  },
  "securitycraft:recipes/misc/blacklist_module": {
    "criteria": {
      "has_iron": "2024-07-11 00:07:09 +0000"
    },
    "done": true
  },
  "pfm:recipes/furniture/iron_microwave": {
    "criteria": {
      "has_iron_ingot": "2024-07-11 00:07:09 +0000"
    },
    "done": true
  },
  "minecraft:recipes/combat/iron_chestplate": {
    "criteria": {
      "has_iron_ingot": "2024-07-11 00:07:09 +0000"
    },
    "done": true
  },
  "securitycraft:recipes/misc/limited_use_keycard": {
    "criteria": {
      "has_iron": "2024-07-11 00:07:09 +0000"
    },
    "done": true
  },
  "securitycraft:recipes/misc/bouncing_betty": {
    "criteria": {
      "has_iron": "2024-07-11 00:07:09 +0000"
    },
    "done": true
  },
  "minecraft:recipes/misc/iron_nugget": {
    "criteria": {
      "has_iron_ingot": "2024-07-11 00:07:09 +0000"
    },
    "done": true
  },
  "minecraft:recipes/misc/bucket": {
    "criteria": {
      "has_iron_ingot": "2024-07-11 00:07:09 +0000"
    },
    "done": true
  },
  "securitycraft:recipes/misc/disguise_module": {
    "criteria": {
      "has_iron": "2024-07-11 00:07:09 +0000"
    },
    "done": true
  },
  "minecraft:recipes/transportation/minecart": {
    "criteria": {
      "has_iron_ingot": "2024-07-11 00:07:09 +0000"
    },
    "done": true
  },
  "minecraft:recipes/tools/iron_hoe": {
    "criteria": {
      "has_iron_ingot": "2024-07-11 00:07:09 +0000"
    },
    "done": true
  },
  "securitycraft:recipes/redstone/block_change_detector": {
    "criteria": {
      "has_iron": "2024-07-11 00:07:09 +0000"
    },
    "done": true
  },
  "minecraft:story/smelt_iron": {
    "criteria": {
      "iron": "2024-07-11 00:07:09 +0000"
    },
    "done": true
  },
  "minecraft:recipes/decorations/smithing_table": {
    "criteria": {
      "has_iron_ingot": "2024-07-11 00:07:09 +0000"
    },
    "done": true
  },
  "minecraft:recipes/combat/iron_sword": {
    "criteria": {
      "has_iron_ingot": "2024-07-11 00:07:09 +0000"
    },
    "done": true
  },
  "minecraft:recipes/tools/iron_pickaxe": {
    "criteria": {
      "has_iron_ingot": "2024-07-11 00:07:09 +0000"
    },
    "done": true
  },
  "minecraft:recipes/combat/shield": {
    "criteria": {
      "has_iron_ingot": "2024-07-11 00:07:09 +0000"
    },
    "done": true
  },
  "minecraft:recipes/decorations/iron_bars": {
    "criteria": {
      "has_iron_ingot": "2024-07-11 00:07:09 +0000"
    },
    "done": true
  },
  "securitycraft:recipes/misc/harming_module": {
    "criteria": {
      "has_iron": "2024-07-11 00:07:09 +0000"
    },
    "done": true
  },
  "pfm:recipes/furniture/iron_oven_range_hood": {
    "criteria": {
      "has_iron_ingot": "2024-07-11 00:07:09 +0000"
    },
    "done": true
  },
  "securitycraft:recipes/misc/smart_module": {
    "criteria": {
      "has_iron": "2024-07-11 00:07:09 +0000"
    },
    "done": true
  },
  "minecraft:recipes/tools/iron_axe": {
    "criteria": {
      "has_iron_ingot": "2024-07-11 00:07:09 +0000"
    },
    "done": true
  },
  "minecraft:recipes/redstone/iron_door": {
    "criteria": {
      "has_iron_ingot": "2024-07-11 00:07:09 +0000"
    },
    "done": true
  },
  "minecraft:recipes/misc/iron_nugget_from_smelting": {
    "criteria": {
      "has_iron_pickaxe": "2024-07-11 00:07:26 +0000"
    },
    "done": true
  },
  "minecraft:story/iron_tools": {
    "criteria": {
      "iron_pickaxe": "2024-07-11 00:07:26 +0000"
    },
    "done": true
  },
  "minecraft:recipes/misc/iron_nugget_from_blasting": {
    "criteria": {
      "has_iron_pickaxe": "2024-07-11 00:07:26 +0000"
    },
    "done": true
  },
  "simpleores:recipes/misc/mythril_ingot": {
    "criteria": {
      "has_the_recipe": "2024-07-11 00:08:21 +0000"
    },
    "done": true
  },
  "simpleores:recipes/building_blocks/raw_mythril_block": {
    "criteria": {
      "has_item": "2024-07-11 00:08:21 +0000"
    },
    "done": true
  },
  "simpleores:recipes/misc/mythril_ingot_from_blasting": {
    "criteria": {
      "mythril_ingot_from_blasting": "2024-07-11 00:08:21 +0000"
    },
    "done": true
  },
  "simpleores:recipes/building_blocks/mythril_block": {
    "criteria": {
      "has_the_recipe": "2024-07-11 00:08:21 +0000"
    },
    "done": true
  },
  "simpleores:recipes/misc/mythril_ingot_from_smelting": {
    "criteria": {
      "mythril_ingot_from_smelting": "2024-07-11 00:08:21 +0000"
    },
    "done": true
  },
  "simpleores:main/mythril_ore": {
    "criteria": {
      "got_mythril_ore": "2024-07-11 00:08:21 +0000"
    },
    "done": true
  },
  "simpleores:recipes/misc/raw_mythril": {
    "criteria": {
      "has_item": "2024-07-11 00:08:21 +0000"
    },
    "done": true
  },
  "simpleores:copper_hoe": {
    "criteria": {
      "has_item": "2024-07-11 00:09:24 +0000"
    },
    "done": true
  },
  "simpleores:copper_bucket": {
    "criteria": {
      "has_item": "2024-07-11 00:09:24 +0000"
    },
    "done": true
  },
  "simpleores:recipes/misc/copper_nugget": {
    "criteria": {
      "has_item": "2024-07-11 00:09:24 +0000"
    },
    "done": true
  },
  "minecraft:recipes/redstone/lightning_rod": {
    "criteria": {
      "has_copper_ingot": "2024-07-11 00:09:24 +0000"
    },
    "done": true
  },
  "simpleores:copper_chestplate": {
    "criteria": {
      "has_item": "2024-07-11 00:09:24 +0000"
    },
    "done": true
  },
  "simpleores:copper_pickaxe": {
    "criteria": {
      "has_item": "2024-07-11 00:09:24 +0000"
    },
    "done": true
  },
  "simpleores:recipes/building_blocks/copper_pressure_plate": {
    "criteria": {
      "has_item": "2024-07-11 00:09:24 +0000"
    },
    "done": true
  },
  "minecraft:recipes/tools/brush": {
    "criteria": {
      "has_copper_ingot": "2024-07-11 00:09:24 +0000"
    },
    "done": true
  },
  "simpleores:copper_sword": {
    "criteria": {
      "has_item": "2024-07-11 00:09:24 +0000"
    },
    "done": true
  },
  "simpleores:copper_door": {
    "criteria": {
      "has_item": "2024-07-11 00:09:24 +0000"
    },
    "done": true
  },
  "simpleores:copper_shovel": {
    "criteria": {
      "has_item": "2024-07-11 00:09:24 +0000"
    },
    "done": true
  },
  "simpleores:copper_leggings": {
    "criteria": {
      "has_item": "2024-07-11 00:09:24 +0000"
    },
    "done": true
  },
  "simpleores:copper_helmet": {
    "criteria": {
      "has_item": "2024-07-11 00:09:24 +0000"
    },
    "done": true
  },
  "simpleores:copper_bars": {
    "criteria": {
      "has_item": "2024-07-11 00:09:24 +0000"
    },
    "done": true
  },
  "simpleores:copper_shears": {
    "criteria": {
      "has_item": "2024-07-11 00:09:24 +0000"
    },
    "done": true
  },
  "simpleores:copper_axe": {
    "criteria": {
      "has_item": "2024-07-11 00:09:24 +0000"
    },
    "done": true
  },
  "simpleores:copper_boots": {
    "criteria": {
      "has_item": "2024-07-11 00:09:24 +0000"
    },
    "done": true
  },
  "simpleores:mythril_shears": {
    "criteria": {
      "has_item": "2024-07-11 00:09:38 +0000"
    },
    "done": true
  },
  "simpleores:mythril_pickaxe": {
    "criteria": {
      "has_item": "2024-07-11 00:09:38 +0000"
    },
    "done": true
  },
  "simpleores:mythril_bricks": {
    "criteria": {
      "has_item": "2024-07-11 00:09:38 +0000"
    },
    "done": true
  },
  "simpleores:mythril_chestplate": {
    "criteria": {
      "has_item": "2024-07-11 00:09:38 +0000"
    },
    "done": true
  },
  "simpleores:mythril_sword": {
    "criteria": {
      "has_item": "2024-07-11 00:09:38 +0000"
    },
    "done": true
  },
  "simpleores:mythril_brick_stairs": {
    "criteria": {
      "has_item": "2024-07-11 00:09:38 +0000"
    },
    "done": true
  },
  "simpleores:recipes/misc/mythril_ingot_from_nuggets": {
    "criteria": {
      "has_item": "2024-07-11 00:09:38 +0000"
    },
    "done": true
  },
  "simpleores:mythril_hoe": {
    "criteria": {
      "has_item": "2024-07-11 00:09:38 +0000"
    },
    "done": true
  },
  "simpleores:recipes/building_blocks/mythril_pressure_plate": {
    "criteria": {
      "has_item": "2024-07-11 00:09:38 +0000"
    },
    "done": true
  },
  "simpleores:recipes/misc/mythril_nugget": {
    "criteria": {
      "has_item": "2024-07-11 00:09:38 +0000"
    },
    "done": true
  },
  "simpleores:mythril_door": {
    "criteria": {
      "has_item": "2024-07-11 00:09:38 +0000"
    },
    "done": true
  },
  "simpleores:mythril_leggings": {
    "criteria": {
      "has_item": "2024-07-11 00:09:38 +0000"
    },
    "done": true
  },
  "simpleores:mythril_bars": {
    "criteria": {
      "has_item": "2024-07-11 00:09:38 +0000"
    },
    "done": true
  },
  "simpleores:mythril_boots": {
    "criteria": {
      "has_item": "2024-07-11 00:09:38 +0000"
    },
    "done": true
  },
  "simpleores:mythril_axe": {
    "criteria": {
      "has_item": "2024-07-11 00:09:38 +0000"
    },
    "done": true
  },
  "simpleores:mythril_helmet": {
    "criteria": {
      "has_item": "2024-07-11 00:09:38 +0000"
    },
    "done": true
  },
  "simpleores:mythril_shovel": {
    "criteria": {
      "has_item": "2024-07-11 00:09:38 +0000"
    },
    "done": true
  },
  "simpleores:mythril_bow": {
    "criteria": {
      "has_item": "2024-07-11 00:09:38 +0000"
    },
    "done": true
  },
  "simpleores:recipes/misc/mythril_rod": {
    "criteria": {
      "has_item": "2024-07-11 00:09:38 +0000"
    },
    "done": true
  },
  "simpleores:mythril_brick_slab": {
    "criteria": {
      "has_item": "2024-07-11 00:09:38 +0000"
    },
    "done": true
  },
  "minecraft:recipes/misc/gold_ingot_from_blasting_raw_gold": {
    "criteria": {
      "has_raw_gold": "2024-07-11 00:10:58 +0000"
    },
    "done": true
  },
  "minecraft:recipes/misc/gold_ingot_from_smelting_raw_gold": {
    "criteria": {
      "has_raw_gold": "2024-07-11 00:10:58 +0000"
    },
    "done": true
  },
  "minecraft:recipes/building_blocks/raw_gold_block": {
    "criteria": {
      "has_raw_gold": "2024-07-11 00:10:58 +0000"
    },
    "done": true
  },
  "minecraft:recipes/building_blocks/polished_diorite": {
    "criteria": {
      "has_diorite": "2024-07-11 00:15:26 +0000"
    },
    "done": true
  },
  "pfm:recipes/furniture/diorite_kitchen_wall_small_drawer": {
    "criteria": {
      "has_planks": "2024-07-11 00:15:26 +0000"
    },
    "done": true
  },
  "minecraft:recipes/building_blocks/polished_diorite_stairs_from_diorite_stonecutting": {
    "criteria": {
      "has_diorite": "2024-07-11 00:15:26 +0000"
    },
    "done": true
  },
  "minecraft:recipes/building_blocks/diorite_stairs_from_diorite_stonecutting": {
    "criteria": {
      "has_diorite": "2024-07-11 00:15:26 +0000"
    },
    "done": true
  },
  "pfm:recipes/furniture/diorite_kitchen_counter_oven": {
    "criteria": {
      "has_planks": "2024-07-11 00:15:26 +0000"
    },
    "done": true
  },
  "pfm:recipes/furniture/diorite_kitchen_sink": {
    "criteria": {
      "has_planks": "2024-07-11 00:15:26 +0000"
    },
    "done": true
  },
  "minecraft:recipes/building_blocks/andesite": {
    "criteria": {
      "has_stone": "2024-07-11 00:15:26 +0000"
    },
    "done": true
  },
  "pfm:recipes/furniture/diorite_kitchen_cabinet": {
    "criteria": {
      "has_planks": "2024-07-11 00:15:26 +0000"
    },
    "done": true
  },
  "minecraft:recipes/building_blocks/polished_diorite_slab_from_diorite_stonecutting": {
    "criteria": {
      "has_diorite": "2024-07-11 00:15:26 +0000"
    },
    "done": true
  },
  "pfm:recipes/furniture/diorite_kitchen_wall_drawer": {
    "criteria": {
      "has_planks": "2024-07-11 00:15:26 +0000"
    },
    "done": true
  },
  "pfm:recipes/furniture/diorite_kitchen_counter": {
    "criteria": {
      "has_planks": "2024-07-11 00:15:26 +0000"
    },
    "done": true
  },
  "minecraft:recipes/building_blocks/diorite_slab": {
    "criteria": {
      "has_diorite": "2024-07-11 00:15:26 +0000"
    },
    "done": true
  },
  "minecraft:recipes/decorations/diorite_wall": {
    "criteria": {
      "has_diorite": "2024-07-11 00:15:26 +0000"
    },
    "done": true
  },
  "pfm:recipes/furniture/diorite_kitchen_drawer": {
    "criteria": {
      "has_planks": "2024-07-11 00:15:26 +0000"
    },
    "done": true
  },
  "minecraft:recipes/decorations/diorite_wall_from_diorite_stonecutting": {
    "criteria": {
      "has_diorite": "2024-07-11 00:15:26 +0000"
    },
    "done": true
  },
  "minecraft:recipes/building_blocks/polished_diorite_from_diorite_stonecutting": {
    "criteria": {
      "has_diorite": "2024-07-11 00:15:26 +0000"
    },
    "done": true
  },
  "pfm:recipes/furniture/diorite_kitchen_wall_counter": {
    "criteria": {
      "has_planks": "2024-07-11 00:15:26 +0000"
    },
    "done": true
  },
  "minecraft:recipes/building_blocks/diorite_slab_from_diorite_stonecutting": {
    "criteria": {
      "has_diorite": "2024-07-11 00:15:26 +0000"
    },
    "done": true
  },
  "minecraft:recipes/building_blocks/diorite_stairs": {
    "criteria": {
      "has_diorite": "2024-07-11 00:15:26 +0000"
    },
    "done": true
  },
  "minecraft:recipes/building_blocks/polished_deepslate": {
    "criteria": {
      "has_cobbled_deepslate": "2024-07-11 00:16:57 +0000"
    },
    "done": true
  },
  "minecraft:recipes/building_blocks/deepslate_tile_stairs_from_cobbled_deepslate_stonecutting": {
    "criteria": {
      "has_cobbled_deepslate": "2024-07-11 00:16:57 +0000"
    },
    "done": true
  },
  "minecraft:recipes/building_blocks/cobbled_deepslate_slab": {
    "criteria": {
      "has_cobbled_deepslate": "2024-07-11 00:16:57 +0000"
    },
    "done": true
  },
  "minecraft:recipes/building_blocks/polished_deepslate_stairs_from_cobbled_deepslate_stonecutting": {
    "criteria": {
      "has_cobbled_deepslate": "2024-07-11 00:16:57 +0000"
    },
    "done": true
  },
  "minecraft:recipes/decorations/deepslate_brick_wall_from_cobbled_deepslate_stonecutting": {
    "criteria": {
      "has_cobbled_deepslate": "2024-07-11 00:16:57 +0000"
    },
    "done": true
  },
  "minecraft:recipes/building_blocks/polished_deepslate_from_cobbled_deepslate_stonecutting": {
    "criteria": {
      "has_cobbled_deepslate": "2024-07-11 00:16:57 +0000"
    },
    "done": true
  },
  "minecraft:recipes/building_blocks/cobbled_deepslate_slab_from_cobbled_deepslate_stonecutting": {
    "criteria": {
      "has_cobbled_deepslate": "2024-07-11 00:16:57 +0000"
    },
    "done": true
  },
  "minecraft:recipes/building_blocks/deepslate_tile_slab_from_cobbled_deepslate_stonecutting": {
    "criteria": {
      "has_cobbled_deepslate": "2024-07-11 00:16:57 +0000"
    },
    "done": true
  },
  "minecraft:recipes/decorations/deepslate_tile_wall_from_cobbled_deepslate_stonecutting": {
    "criteria": {
      "has_cobbled_deepslate": "2024-07-11 00:16:57 +0000"
    },
    "done": true
  },
  "minecraft:recipes/building_blocks/deepslate_brick_stairs_from_cobbled_deepslate_stonecutting": {
    "criteria": {
      "has_cobbled_deepslate": "2024-07-11 00:16:57 +0000"
    },
    "done": true
  },
  "minecraft:recipes/building_blocks/chiseled_deepslate_from_cobbled_deepslate_stonecutting": {
    "criteria": {
      "has_cobbled_deepslate": "2024-07-11 00:16:57 +0000"
    },
    "done": true
  },
  "minecraft:recipes/decorations/cobbled_deepslate_wall_from_cobbled_deepslate_stonecutting": {
    "criteria": {
      "has_cobbled_deepslate": "2024-07-11 00:16:57 +0000"
    },
    "done": true
  },
  "minecraft:recipes/decorations/cobbled_deepslate_wall": {
    "criteria": {
      "has_cobbled_deepslate": "2024-07-11 00:16:57 +0000"
    },
    "done": true
  },
  "minecraft:recipes/decorations/polished_deepslate_wall_from_cobbled_deepslate_stonecutting": {
    "criteria": {
      "has_cobbled_deepslate": "2024-07-11 00:16:57 +0000"
    },
    "done": true
  },
  "minecraft:recipes/building_blocks/cobbled_deepslate_stairs_from_cobbled_deepslate_stonecutting": {
    "criteria": {
      "has_cobbled_deepslate": "2024-07-11 00:16:57 +0000"
    },
    "done": true
  },
  "minecraft:recipes/building_blocks/deepslate": {
    "criteria": {
      "has_cobbled_deepslate": "2024-07-11 00:16:57 +0000"
    },
    "done": true
  },
  "minecraft:recipes/building_blocks/polished_deepslate_slab_from_cobbled_deepslate_stonecutting": {
    "criteria": {
      "has_cobbled_deepslate": "2024-07-11 00:16:57 +0000"
    },
    "done": true
  },
  "minecraft:recipes/building_blocks/deepslate_brick_slab_from_cobbled_deepslate_stonecutting": {
    "criteria": {
      "has_cobbled_deepslate": "2024-07-11 00:16:57 +0000"
    },
    "done": true
  },
  "minecraft:recipes/building_blocks/cobbled_deepslate_stairs": {
    "criteria": {
      "has_cobbled_deepslate": "2024-07-11 00:16:57 +0000"
    },
    "done": true
  },
  "minecraft:recipes/building_blocks/deepslate_bricks_from_cobbled_deepslate_stonecutting": {
    "criteria": {
      "has_cobbled_deepslate": "2024-07-11 00:16:57 +0000"
    },
    "done": true
  },
  "minecraft:recipes/building_blocks/deepslate_tiles_from_cobbled_deepslate_stonecutting": {
    "criteria": {
      "has_cobbled_deepslate": "2024-07-11 00:16:57 +0000"
    },
    "done": true
  },
  "minecraft:recipes/building_blocks/clay": {
    "criteria": {
      "has_clay_ball": "2024-07-11 00:44:33 +0000"
    },
    "done": true
  },
  "minecraft:recipes/misc/brick": {
    "criteria": {
      "has_clay_ball": "2024-07-11 00:44:33 +0000"
    },
    "done": true
  },
  "minecraft:story/deflect_arrow": {
    "criteria": {
      "deflected_projectile": "2024-07-11 00:45:53 +0000"
    },
    "done": true
  },
  "minecraft:recipes/redstone/redstone_torch": {
    "criteria": {
      "has_redstone": "2024-07-11 00:49:40 +0000"
    },
    "done": true
  },
  "securitycraft:recipes/misc/username_logger": {
    "criteria": {
      "has_redstone": "2024-07-11 00:49:40 +0000"
    },
    "done": true
  },
  "minecraft:recipes/redstone/target": {
    "criteria": {
      "has_redstone": "2024-07-11 00:49:40 +0000"
    },
    "done": true
  },
  "minecraft:recipes/tools/compass": {
    "criteria": {
      "has_redstone": "2024-07-11 00:49:40 +0000"
    },
    "done": true
  },
  "securitycraft:recipes/misc/portable_tune_player": {
    "criteria": {
      "has_redstone": "2024-07-11 00:49:40 +0000"
    },
    "done": true
  },
  "securitycraft:recipes/redstone/portable_radar": {
    "criteria": {
      "has_redstone": "2024-07-11 00:49:40 +0000"
    },
    "done": true
  },
  "securitycraft:recipes/tools/taser": {
    "criteria": {
      "has_redstone": "2024-07-11 00:49:40 +0000"
    },
    "done": true
  },
  "minecraft:recipes/redstone/redstone_block": {
    "criteria": {
      "has_redstone": "2024-07-11 00:49:40 +0000"
    },
    "done": true
  },
  "securitycraft:recipes/redstone/reinforced_dropper": {
    "criteria": {
      "has_redstone": "2024-07-11 00:49:40 +0000"
    },
    "done": true
  },
  "securitycraft:recipes/tools/universal_key_changer": {
    "criteria": {
      "has_redstone": "2024-07-11 00:49:40 +0000"
    },
    "done": true
  },
  "securitycraft:recipes/redstone/alarm": {
    "criteria": {
      "has_redstone": "2024-07-11 00:49:40 +0000"
    },
    "done": true
  },
  "minecraft:recipes/tools/clock": {
    "criteria": {
      "has_redstone": "2024-07-11 00:49:40 +0000"
    },
    "done": true
  },
  "securitycraft:recipes/tools/universal_block_reinforcer_lvl1": {
    "criteria": {
      "has_redstone": "2024-07-11 00:49:40 +0000"
    },
    "done": true
  },
  "securitycraft:recipes/tools/universal_block_reinforcer_lvl3": {
    "criteria": {
      "has_redstone": "2024-07-11 00:49:40 +0000"
    },
    "done": true
  },
  "securitycraft:recipes/tools/universal_block_reinforcer_lvl2": {
    "criteria": {
      "has_redstone": "2024-07-11 00:49:40 +0000"
    },
    "done": true
  },
  "securitycraft:recipes/redstone/reinforced_piston": {
    "criteria": {
      "has_redstone": "2024-07-11 00:49:40 +0000"
    },
    "done": true
  },
  "minecraft:recipes/redstone/note_block": {
    "criteria": {
      "has_redstone": "2024-07-11 00:49:40 +0000"
    },
    "done": true
  },
  "securitycraft:recipes/redstone/reinforced_redstone_lamp": {
    "criteria": {
      "has_redstone": "2024-07-11 00:49:40 +0000"
    },
    "done": true
  },
  "securitycraft:recipes/misc/keypad_frame": {
    "criteria": {
      "has_redstone": "2024-07-11 00:49:40 +0000"
    },
    "done": true
  },
  "securitycraft:recipes/misc/claymore": {
    "criteria": {
      "has_redstone": "2024-07-11 00:49:40 +0000"
    },
    "done": true
  },
  "minecraft:recipes/redstone/dropper": {
    "criteria": {
      "has_redstone": "2024-07-11 00:49:40 +0000"
    },
    "done": true
  },
  "securitycraft:recipes/redstone/panic_button": {
    "criteria": {
      "has_redstone": "2024-07-11 00:49:40 +0000"
    },
    "done": true
  },
  "securitycraft:recipes/tools/universal_block_modifier": {
    "criteria": {
      "has_redstone": "2024-07-11 00:49:40 +0000"
    },
    "done": true
  },
  "securitycraft:recipes/misc/cage_trap": {
    "criteria": {
      "has_redstone": "2024-07-11 00:49:40 +0000"
    },
    "done": true
  },
  "minecraft:recipes/redstone/piston": {
    "criteria": {
      "has_redstone": "2024-07-11 00:49:40 +0000"
    },
    "done": true
  },
  "minecraft:recipes/decorations/blackstone_wall": {
    "criteria": {
      "has_blackstone": "2024-07-11 00:49:44 +0000"
    },
    "done": true
  },
  "minecraft:recipes/building_blocks/polished_blackstone_brick_stairs_from_blackstone_stonecutting": {
    "criteria": {
      "has_blackstone": "2024-07-11 00:49:44 +0000"
    },
    "done": true
  },
  "minecraft:recipes/building_blocks/polished_blackstone_bricks_from_blackstone_stonecutting": {
    "criteria": {
      "has_blackstone": "2024-07-11 00:49:44 +0000"
    },
    "done": true
  },
  "minecraft:recipes/building_blocks/polished_blackstone_stairs_from_blackstone_stonecutting": {
    "criteria": {
      "has_blackstone": "2024-07-11 00:49:44 +0000"
    },
    "done": true
  },
  "minecraft:recipes/building_blocks/blackstone_stairs": {
    "criteria": {
      "has_blackstone": "2024-07-11 00:49:44 +0000"
    },
    "done": true
  },
  "minecraft:recipes/building_blocks/polished_blackstone_slab_from_blackstone_stonecutting": {
    "criteria": {
      "has_blackstone": "2024-07-11 00:49:44 +0000"
    },
    "done": true
  },
  "minecraft:recipes/building_blocks/blackstone_slab": {
    "criteria": {
      "has_blackstone": "2024-07-11 00:49:44 +0000"
    },
    "done": true
  },
  "minecraft:recipes/building_blocks/polished_blackstone_brick_slab_from_blackstone_stonecutting": {
    "criteria": {
      "has_blackstone": "2024-07-11 00:49:44 +0000"
    },
    "done": true
  },
  "minecraft:recipes/decorations/polished_blackstone_brick_wall_from_blackstone_stonecutting": {
    "criteria": {
      "has_blackstone": "2024-07-11 00:49:44 +0000"
    },
    "done": true
  },
  "minecraft:recipes/decorations/polished_blackstone_wall_from_blackstone_stonecutting": {
    "criteria": {
      "has_blackstone": "2024-07-11 00:49:44 +0000"
    },
    "done": true
  },
  "minecraft:recipes/building_blocks/chiseled_polished_blackstone_from_blackstone_stonecutting": {
    "criteria": {
      "has_blackstone": "2024-07-11 00:49:44 +0000"
    },
    "done": true
  },
  "minecraft:recipes/building_blocks/blackstone_slab_from_blackstone_stonecutting": {
    "criteria": {
      "has_blackstone": "2024-07-11 00:49:44 +0000"
    },
    "done": true
  },
  "minecraft:recipes/building_blocks/polished_blackstone": {
    "criteria": {
      "has_blackstone": "2024-07-11 00:49:44 +0000"
    },
    "done": true
  },
  "minecraft:recipes/building_blocks/polished_blackstone_from_blackstone_stonecutting": {
    "criteria": {
      "has_blackstone": "2024-07-11 00:49:44 +0000"
    },
    "done": true
  },
  "minecraft:recipes/decorations/blackstone_wall_from_blackstone_stonecutting": {
    "criteria": {
      "has_blackstone": "2024-07-11 00:49:44 +0000"
    },
    "done": true
  },
  "minecraft:recipes/building_blocks/blackstone_stairs_from_blackstone_stonecutting": {
    "criteria": {
      "has_blackstone": "2024-07-11 00:49:44 +0000"
    },
    "done": true
  },
  "simpleores:recipes/misc/adamantium_ingot_from_smelting": {
    "criteria": {
      "adamantium_ingot_from_smelting": "2024-07-11 00:54:25 +0000"
    },
    "done": true
  },
  "simpleores:recipes/building_blocks/raw_adamantium_block": {
    "criteria": {
      "has_item": "2024-07-11 00:54:25 +0000"
    },
    "done": true
  },
  "simpleores:recipes/misc/raw_adamantium": {
    "criteria": {
      "has_item": "2024-07-11 00:54:25 +0000"
    },
    "done": true
  },
  "simpleores:recipes/misc/adamantium_ingot": {
    "criteria": {
      "has_the_recipe": "2024-07-11 00:54:25 +0000"
    },
    "done": true
  },
  "simpleores:recipes/building_blocks/adamantium_block": {
    "criteria": {
      "has_the_recipe": "2024-07-11 00:54:25 +0000"
    },
    "done": true
  },
  "simpleores:recipes/misc/adamantium_ingot_from_blasting": {
    "criteria": {
      "adamantium_ingot_from_blasting": "2024-07-11 00:54:25 +0000"
    },
    "done": true
  },
  "simpleores:main/adamantium_ore": {
    "criteria": {
      "got_adamantium_ore": "2024-07-11 00:54:25 +0000"
    },
    "done": true
  },
  "securitycraft:recipes/building_blocks/reinforced_mossy_cobblestone_from_vanilla_moss": {
    "criteria": {
      "has_moss": "2024-07-11 00:59:58 +0000"
    },
    "done": true
  },
  "securitycraft:recipes/building_blocks/reinforced_mossy_stone_bricks_from_vanilla_moss": {
    "criteria": {
      "has_moss": "2024-07-11 00:59:58 +0000"
    },
    "done": true
  },
  "minecraft:recipes/building_blocks/mossy_cobblestone_from_moss_block": {
    "criteria": {
      "has_moss_block": "2024-07-11 00:59:58 +0000"
    },
    "done": true
  },
  "minecraft:recipes/decorations/moss_carpet": {
    "criteria": {
      "has_moss_block": "2024-07-11 00:59:58 +0000"
    },
    "done": true
  },
  "minecraft:recipes/building_blocks/mossy_stone_bricks_from_moss_block": {
    "criteria": {
      "has_moss_block": "2024-07-11 00:59:58 +0000"
    },
    "done": true
  },
  "minecraft:recipes/combat/diamond_sword": {
    "criteria": {
      "has_diamond": "2024-07-11 01:05:30 +0000"
    },
    "done": true
  },
  "minecraft:recipes/decorations/jukebox": {
    "criteria": {
      "has_diamond": "2024-07-11 01:05:30 +0000"
    },
    "done": true
  },
  "minecraft:recipes/combat/diamond_chestplate": {
    "criteria": {
      "has_diamond": "2024-07-11 01:05:30 +0000"
    },
    "done": true
  },
  "minecraft:recipes/tools/diamond_pickaxe": {
    "criteria": {
      "has_diamond": "2024-07-11 01:05:30 +0000"
    },
    "done": true
  },
  "minecraft:recipes/tools/diamond_hoe": {
    "criteria": {
      "has_diamond": "2024-07-11 01:05:30 +0000"
    },
    "done": true
  },
  "minecraft:recipes/tools/diamond_shovel": {
    "criteria": {
      "has_diamond": "2024-07-11 01:05:30 +0000"
    },
    "done": true
  },
  "minecraft:recipes/combat/diamond_helmet": {
    "criteria": {
      "has_diamond": "2024-07-11 01:05:30 +0000"
    },
    "done": true
  },
  "minecraft:recipes/building_blocks/diamond_block": {
    "criteria": {
      "has_diamond": "2024-07-11 01:05:30 +0000"
    },
    "done": true
  },
  "minecraft:story/mine_diamond": {
    "criteria": {
      "diamond": "2024-07-11 01:05:30 +0000"
    },
    "done": true
  },
  "minecraft:recipes/combat/diamond_leggings": {
    "criteria": {
      "has_diamond": "2024-07-11 01:05:30 +0000"
    },
    "done": true
  },
  "minecraft:recipes/combat/diamond_boots": {
    "criteria": {
      "has_diamond": "2024-07-11 01:05:30 +0000"
    },
    "done": true
  },
  "minecraft:recipes/tools/diamond_axe": {
    "criteria": {
      "has_diamond": "2024-07-11 01:05:30 +0000"
    },
    "done": true
  },
  "minecraft:recipes/misc/bone_meal": {
    "criteria": {
      "has_bone": "2024-07-11 01:26:28 +0000"
    },
    "done": true
  },
  "travelersbackpack:recipes/misc/crafting_upgrade": {
    "criteria": {
      "has_crafting_table": "2024-07-11 23:52:07 +0000"
    },
    "done": true
  },
  "travelersbackpack:recipes/misc/coal": {
    "criteria": {
      "has_coal": "2024-07-11 23:52:22 +0000"
    },
    "done": true
  },
  "travelersbackpack:recipes/misc/standard": {
    "criteria": {
      "has_chest": "2024-07-11 23:52:51 +0000"
    },
    "done": true
  },
  "travelersbackpack:recipes/misc/blank_upgrade": {
    "criteria": {
      "has_chest": "2024-07-11 23:52:51 +0000"
    },
    "done": true
  },
  "minecraft:recipes/building_blocks/red_concrete_powder": {
    "criteria": {
      "has_gravel": "2024-07-11 23:54:47 +0000"
    },
    "done": true
  },
  "minecraft:recipes/building_blocks/green_concrete_powder": {
    "criteria": {
      "has_gravel": "2024-07-11 23:54:47 +0000"
    },
    "done": true
  },
  "minecraft:recipes/building_blocks/blue_concrete_powder": {
    "criteria": {
      "has_gravel": "2024-07-11 23:54:47 +0000"
    },
    "done": true
  },
  "minecraft:recipes/building_blocks/lime_concrete_powder": {
    "criteria": {
      "has_gravel": "2024-07-11 23:54:47 +0000"
    },
    "done": true
  },
  "minecraft:recipes/building_blocks/orange_concrete_powder": {
    "criteria": {
      "has_gravel": "2024-07-11 23:54:47 +0000"
    },
    "done": true
  },
  "minecraft:recipes/building_blocks/magenta_concrete_powder": {
    "criteria": {
      "has_gravel": "2024-07-11 23:54:47 +0000"
    },
    "done": true
  },
  "minecraft:recipes/building_blocks/black_concrete_powder": {
    "criteria": {
      "has_gravel": "2024-07-11 23:54:47 +0000"
    },
    "done": true
  },
  "minecraft:recipes/building_blocks/purple_concrete_powder": {
    "criteria": {
      "has_gravel": "2024-07-11 23:54:47 +0000"
    },
    "done": true
  },
  "minecraft:recipes/building_blocks/cyan_concrete_powder": {
    "criteria": {
      "has_gravel": "2024-07-11 23:54:47 +0000"
    },
    "done": true
  },
  "minecraft:recipes/building_blocks/coarse_dirt": {
    "criteria": {
      "has_gravel": "2024-07-11 23:54:47 +0000"
    },
    "done": true
  },
  "minecraft:recipes/building_blocks/light_gray_concrete_powder": {
    "criteria": {
      "has_gravel": "2024-07-11 23:54:47 +0000"
    },
    "done": true
  },
  "minecraft:recipes/building_blocks/pink_concrete_powder": {
    "criteria": {
      "has_gravel": "2024-07-11 23:54:47 +0000"
    },
    "done": true
  },
  "minecraft:recipes/building_blocks/brown_concrete_powder": {
    "criteria": {
      "has_gravel": "2024-07-11 23:54:47 +0000"
    },
    "done": true
  },
  "minecraft:recipes/building_blocks/light_blue_concrete_powder": {
    "criteria": {
      "has_gravel": "2024-07-11 23:54:47 +0000"
    },
    "done": true
  },
  "minecraft:recipes/building_blocks/white_concrete_powder": {
    "criteria": {
      "has_gravel": "2024-07-11 23:54:47 +0000"
    },
    "done": true
  },
  "minecraft:recipes/building_blocks/yellow_concrete_powder": {
    "criteria": {
      "has_gravel": "2024-07-11 23:54:47 +0000"
    },
    "done": true
  },
  "minecraft:recipes/building_blocks/gray_concrete_powder": {
    "criteria": {
      "has_gravel": "2024-07-11 23:54:47 +0000"
    },
    "done": true
  },
  "travelersbackpack:recipes/misc/fox": {
    "criteria": {
      "has_sweet_berries": "2024-07-12 00:03:54 +0000"
    },
    "done": true
  },
  "pfm:recipes/furniture/calcite_classic_stool": {
    "criteria": {
      "has_planks": "2024-07-12 00:05:21 +0000"
    },
    "done": true
  },
  "pfm:recipes/furniture/calcite_modern_stool": {
    "criteria": {
      "has_planks": "2024-07-12 00:05:21 +0000"
    },
    "done": true
  },
  "pfm:recipes/furniture/calcite_kitchen_wall_small_drawer": {
    "criteria": {
      "has_planks": "2024-07-12 00:05:21 +0000"
    },
    "done": true
  },
  "pfm:recipes/furniture/calcite_kitchen_drawer": {
    "criteria": {
      "has_planks": "2024-07-12 00:05:21 +0000"
    },
    "done": true
  },
  "pfm:recipes/furniture/calcite_kitchen_wall_counter": {
    "criteria": {
      "has_planks": "2024-07-12 00:05:21 +0000"
    },
    "done": true
  },
  "pfm:recipes/furniture/calcite_chair_dinner": {
    "criteria": {
      "calcite_chair_dinner": "2024-07-12 00:05:21 +0000"
    },
    "done": true
  },
  "pfm:recipes/furniture/calcite_kitchen_counter_oven": {
    "criteria": {
      "has_planks": "2024-07-12 00:05:21 +0000"
    },
    "done": true
  },
  "pfm:recipes/furniture/calcite_chair_classic": {
    "criteria": {
      "calcite_chair_classic": "2024-07-12 00:05:21 +0000"
    },
    "done": true
  },
  "pfm:recipes/furniture/calcite_table_natural": {
    "criteria": {
      "calcite_table_natural": "2024-07-12 00:05:21 +0000"
    },
    "done": true
  },
  "pfm:recipes/furniture/calcite_kitchen_sink": {
    "criteria": {
      "has_planks": "2024-07-12 00:05:21 +0000"
    },
    "done": true
  },
  "pfm:recipes/furniture/calcite_table_modern_dinner": {
    "criteria": {
      "calcite_table_modern_dinner": "2024-07-12 00:05:21 +0000"
    },
    "done": true
  },
  "pfm:recipes/furniture/calcite_table_dinner": {
    "criteria": {
      "calcite_table_dinner": "2024-07-12 00:05:21 +0000"
    },
    "done": true
  },
  "pfm:recipes/furniture/calcite_chair": {
    "criteria": {
      "calcite_chair": "2024-07-12 00:05:21 +0000"
    },
    "done": true
  },
  "pfm:recipes/furniture/calcite_classic_nightstand": {
    "criteria": {
      "calcite_classic_nightstand": "2024-07-12 00:05:21 +0000"
    },
    "done": true
  },
  "pfm:recipes/furniture/calcite_chair_modern": {
    "criteria": {
      "calcite_chair_modern": "2024-07-12 00:05:21 +0000"
    },
    "done": true
  },
  "pfm:recipes/furniture/calcite_kitchen_cabinet": {
    "criteria": {
      "has_planks": "2024-07-12 00:05:21 +0000"
    },
    "done": true
  },
  "pfm:recipes/furniture/calcite_kitchen_wall_drawer": {
    "criteria": {
      "has_planks": "2024-07-12 00:05:21 +0000"
    },
    "done": true
  },
  "pfm:recipes/furniture/calcite_table_basic": {
    "criteria": {
      "calcite_table_basic": "2024-07-12 00:05:21 +0000"
    },
    "done": true
  },
  "pfm:recipes/furniture/calcite_kitchen_counter": {
    "criteria": {
      "has_planks": "2024-07-12 00:05:21 +0000"
    },
    "done": true
  },
  "pfm:recipes/furniture/calcite_table_classic": {
    "criteria": {
      "calcite_table_classic": "2024-07-12 00:05:21 +0000"
    },
    "done": true
  },
  "pfm:recipes/furniture/calcite_simple_stool": {
    "criteria": {
      "has_planks": "2024-07-12 00:05:21 +0000"
    },
    "done": true
  },
  "travelersbackpack:recipes/misc/pig": {
    "criteria": {
      "has_porkchop": "2024-07-12 00:06:12 +0000"
    },
    "done": true
  },
  "minecraft:recipes/misc/iron_ingot_from_iron_block": {
    "criteria": {
      "has_iron_block": "2024-07-12 00:09:49 +0000"
    },
    "done": true
  },
  "minecraft:recipes/decorations/anvil": {
    "criteria": {
      "has_iron_block": "2024-07-12 00:09:49 +0000"
    },
    "done": true
  },
  "travelersbackpack:recipes/misc/backpack_tank": {
    "criteria": {
      "has_iron": "2024-07-12 00:10:43 +0000"
    },
    "done": true
  },
  "travelersbackpack:recipes/misc/iron": {
    "criteria": {
      "has_iron_ingot": "2024-07-12 00:10:43 +0000"
    },
    "done": true
  },
  "travelersbackpack:recipes/misc/iron_tier_upgrade": {
    "criteria": {
      "has_iron_ingot": "2024-07-12 00:10:43 +0000"
    },
    "done": true
  },
  "travelersbackpack:recipes/misc/hose_nozzle": {
    "criteria": {
      "has_iron": "2024-07-12 00:10:43 +0000"
    },
    "done": true
  },
  "minecraft:story/obtain_armor": {
    "criteria": {
      "iron_leggings": "2024-07-12 00:11:09 +0000"
    },
    "done": true
  },
  "minecraft:recipes/misc/wheat": {
    "criteria": {
      "has_hay_block": "2024-07-12 00:12:32 +0000"
    },
    "done": true
  },
  "securitycraft:recipes/building_blocks/reinforced_packed_mud": {
    "criteria": {
      "has_wheat": "2024-07-12 00:12:34 +0000"
    },
    "done": true
  },
  "minecraft:recipes/food/bread": {
    "criteria": {
      "has_wheat": "2024-07-12 00:12:34 +0000"
    },
    "done": true
  },
  "minecraft:recipes/building_blocks/hay_block": {
    "criteria": {
      "has_wheat": "2024-07-12 00:12:34 +0000"
    },
    "done": true
  },
  "travelersbackpack:recipes/misc/hay": {
    "criteria": {
      "has_wheat": "2024-07-12 00:12:34 +0000"
    },
    "done": true
  },
  "securitycraft:recipes/misc/block_pocket_manager": {
    "criteria": {
      "has_redstone_block": "2024-07-12 00:12:52 +0000"
    },
    "done": true
  },
  "minecraft:recipes/redstone/redstone": {
    "criteria": {
      "has_redstone_block": "2024-07-12 00:12:52 +0000"
    },
    "done": true
  },
  "minecraft:recipes/building_blocks/granite_slab_from_granite_stonecutting": {
    "criteria": {
      "has_granite": "2024-07-12 00:13:01 +0000"
    },
    "done": true
  },
  "minecraft:recipes/decorations/granite_wall_from_granite_stonecutting": {
    "criteria": {
      "has_granite": "2024-07-12 00:13:01 +0000"
    },
    "done": true
  },
  "minecraft:recipes/building_blocks/polished_granite_from_granite_stonecutting": {
    "criteria": {
      "has_granite": "2024-07-12 00:13:01 +0000"
    },
    "done": true
  },
  "minecraft:recipes/building_blocks/granite_slab": {
    "criteria": {
      "has_granite": "2024-07-12 00:13:01 +0000"
    },
    "done": true
  },
  "minecraft:recipes/building_blocks/granite_stairs": {
    "criteria": {
      "has_granite": "2024-07-12 00:13:01 +0000"
    },
    "done": true
  },
  "minecraft:recipes/building_blocks/granite_stairs_from_granite_stonecutting": {
    "criteria": {
      "has_granite": "2024-07-12 00:13:01 +0000"
    },
    "done": true
  },
  "minecraft:recipes/decorations/granite_wall": {
    "criteria": {
      "has_granite": "2024-07-12 00:13:01 +0000"
    },
    "done": true
  },
  "minecraft:recipes/building_blocks/polished_granite_slab_from_granite_stonecutting": {
    "criteria": {
      "has_granite": "2024-07-12 00:13:01 +0000"
    },
    "done": true
  },
  "minecraft:recipes/building_blocks/polished_granite_stairs_from_granite_stonecutting": {
    "criteria": {
      "has_granite": "2024-07-12 00:13:01 +0000"
    },
    "done": true
  },
  "minecraft:recipes/building_blocks/polished_granite": {
    "criteria": {
      "has_granite": "2024-07-12 00:13:01 +0000"
    },
    "done": true
  },
  "minecraft:recipes/brewing/cauldron": {
    "criteria": {
      "has_water_bucket": "2024-07-12 00:13:30 +0000"
    },
    "done": true
  },
  "minecraft:recipes/building_blocks/lapis_block": {
    "criteria": {
      "has_lapis_lazuli": "2024-07-12 00:19:57 +0000"
    },
    "done": true
  },
  "minecraft:recipes/misc/blue_dye": {
    "criteria": {
      "has_lapis_lazuli": "2024-07-12 00:19:57 +0000"
    },
    "done": true
  },
  "travelersbackpack:recipes/misc/lapis": {
    "criteria": {
      "has_lapis_lazuli": "2024-07-12 00:19:57 +0000"
    },
    "done": true
  },
  "travelersbackpack:recipes/misc/redstone": {
    "criteria": {
      "has_redstone": "2024-07-12 00:24:22 +0000"
    },
    "done": true
  },
  "travelersbackpack:recipes/misc/diamond_tier_upgrade": {
    "criteria": {
      "has_diamond": "2024-07-12 01:15:49 +0000"
    },
    "done": true
  },
  "travelersbackpack:recipes/misc/diamond": {
    "criteria": {
      "has_diamond": "2024-07-12 01:15:49 +0000"
    },
    "done": true
  },
  "travelersbackpack:recipes/misc/wolf": {
    "criteria": {
      "has_bone": "2024-07-12 01:20:20 +0000"
    },
    "done": true
  },
  "DataVersion": 3465
}