{
  "minecraft:recipes/decorations/ladder": {
    "criteria": {
      "has_stick": "2024-07-10 23:21:39 +0000"
    },
    "done": true
  },
  "pfm:recipes/furniture/lime_simple_sofa": {
    "criteria": {
      "has_wool": "2024-07-10 23:21:12 +0000"
    },
    "done": true
  },
  "pfm:recipes/furniture/dark_oak_white_simple_bed": {
    "criteria": {
      "has_bed": "2024-07-10 23:27:19 +0000"
    },
    "done": true
  },
  "pfm:recipes/furniture/bamboo_white_simple_bed": {
    "criteria": {
      "has_bed": "2024-07-10 23:27:19 +0000"
    },
    "done": true
  },
  "simpleores:tin_brick_slab": {
    "criteria": {
      "has_item": "2024-07-10 23:32:22 +0000"
    },
    "done": true
  },
  "securitycraft:recipes/redstone/reinforced_birch_fence_gate": {
    "criteria": {
      "has_stick": "2024-07-10 23:21:39 +0000"
    },
    "done": true
  },
  "securitycraft:recipes/redstone/reinforced_crimson_fence_gate": {
    "criteria": {
      "has_stick": "2024-07-10 23:21:39 +0000"
    },
    "done": true
  },
  "securitycraft:recipes/misc/motion_activated_light": {
    "criteria": {
      "has_stick": "2024-07-10 23:21:39 +0000"
    },
    "done": true
  },
  "securitycraft:recipes/redstone/reinforced_jungle_fence_gate": {
    "criteria": {
      "has_stick": "2024-07-10 23:21:39 +0000"
    },
    "done": true
  },
  "minecraft:recipes/food/cooked_mutton_from_smoking": {
    "criteria": {
      "has_mutton": "2024-07-10 23:25:24 +0000"
    },
    "done": true
  },
  "simpleores:recipes/misc/raw_tin": {
    "criteria": {
      "has_item": "2024-07-10 23:26:14 +0000"
    },
    "done": true
  },
  "pfm:recipes/furniture/mangrove_white_simple_bed": {
    "criteria": {
      "has_bed": "2024-07-10 23:27:19 +0000"
    },
    "done": true
  },
  "simpleores:tin_bars": {
    "criteria": {
      "has_item": "2024-07-10 23:32:22 +0000"
    },
    "done": true
  },
  "minecraft:recipes/decorations/oak_sign": {
    "criteria": {
      "has_planks": "2024-07-10 23:21:32 +0000"
    },
    "done": true
  },
  "minecraft:recipes/building_blocks/raw_iron_block": {
    "criteria": {
      "has_raw_iron": "2024-07-10 23:34:09 +0000"
    },
    "done": true
  },
  "pfm:recipes/furniture/pink_arm_chair": {
    "criteria": {
      "has_wool": "2024-07-10 23:21:12 +0000"
    },
    "done": true
  },
  "pfm:recipes/furniture/orange_arm_chair": {
    "criteria": {
      "has_wool": "2024-07-10 23:21:12 +0000"
    },
    "done": true
  },
  "minecraft:story/mine_stone": {
    "criteria": {
      "get_stone": "2024-07-10 23:22:33 +0000"
    },
    "done": true
  },
  "minecraft:recipes/decorations/furnace": {
    "criteria": {
      "has_cobblestone": "2024-07-10 23:22:33 +0000"
    },
    "done": true
  },
  "pfm:recipes/furniture/oak_table_basic": {
    "criteria": {
      "has_planks": "2024-07-10 23:21:32 +0000"
    },
    "done": true
  },
  "minecraft:recipes/tools/wooden_axe": {
    "criteria": {
      "has_stick": "2024-07-10 23:21:39 +0000"
    },
    "done": true
  },
  "pfm:recipes/furniture/oak_chair_modern": {
    "criteria": {
      "has_planks": "2024-07-10 23:21:32 +0000"
    },
    "done": true
  },
  "pfm:recipes/furniture/light_wood_kitchen_drawer": {
    "criteria": {
      "has_planks": "2024-07-10 23:23:38 +0000"
    },
    "done": true
  },
  "securitycraft:recipes/redstone/reinforced_spruce_fence_gate": {
    "criteria": {
      "has_stick": "2024-07-10 23:21:39 +0000"
    },
    "done": true
  },
  "pfm:recipes/furniture/red_simple_sofa": {
    "criteria": {
      "has_wool": "2024-07-10 23:21:12 +0000"
    },
    "done": true
  },
  "pfm:recipes/furniture/light_wood_kitchen_counter_oven": {
    "criteria": {
      "has_planks": "2024-07-10 23:23:38 +0000"
    },
    "done": true
  },
  "securitycraft:recipes/building_blocks/reinforced_andesite_with_vanilla_diorite": {
    "criteria": {
      "has_cobblestone": "2024-07-10 23:22:33 +0000"
    },
    "done": true
  },
  "minecraft:recipes/decorations/crafting_table": {
    "criteria": {
      "unlock_right_away": "2024-07-10 23:20:41 +0000"
    },
    "done": true
  },
  "minecraft:recipes/decorations/chest": {
    "criteria": {
      "has_lots_of_items": "2024-07-10 23:23:50 +0000"
    },
    "done": true
  },
  "minecraft:recipes/misc/stick": {
    "criteria": {
      "has_planks": "2024-07-10 23:21:32 +0000"
    },
    "done": true
  },
  "pfm:recipes/furniture/oak_kitchen_wall_drawer": {
    "criteria": {
      "has_planks": "2024-07-10 23:21:12 +0000"
    },
    "done": true
  },
  "pfm:recipes/furniture/magenta_simple_sofa": {
    "criteria": {
      "has_wool": "2024-07-10 23:21:12 +0000"
    },
    "done": true
  },
  "minecraft:adventure/sleep_in_bed": {
    "criteria": {
      "slept_in_bed": "2024-07-10 23:27:21 +0000"
    },
    "done": true
  },
  "minecraft:recipes/building_blocks/cobblestone_slab_from_cobblestone_stonecutting": {
    "criteria": {
      "has_cobblestone": "2024-07-10 23:22:33 +0000"
    },
    "done": true
  },
  "minecraft:recipes/transportation/cherry_boat": {
    "criteria": {
      "in_water": "2024-07-10 23:24:31 +0000"
    },
    "done": true
  },
  "pfm:recipes/furniture/oak_classic_nightstand": {
    "criteria": {
      "has_planks": "2024-07-10 23:21:32 +0000"
    },
    "done": true
  },
  "minecraft:adventure/kill_all_mobs": {
    "criteria": {
      "minecraft:skeleton": "2024-07-10 23:29:04 +0000",
      "minecraft:spider": "2024-07-10 23:26:06 +0000",
      "minecraft:zombie": "2024-07-10 23:31:21 +0000"
    },
    "done": false
  },
  "minecraft:recipes/building_blocks/birch_wood": {
    "criteria": {
      "has_log": "2024-07-10 23:27:04 +0000"
    },
    "done": true
  },
  "pfm:recipes/furniture/birch_kitchen_cabinet": {
    "criteria": {
      "has_planks": "2024-07-10 23:27:04 +0000"
    },
    "done": true
  },
  "pfm:recipes/furniture/jungle_white_classic_bed": {
    "criteria": {
      "has_bed": "2024-07-10 23:27:19 +0000"
    },
    "done": true
  },
  "pfm:recipes/furniture/stripped_oak_kitchen_wall_small_drawer": {
    "criteria": {
      "has_planks": "2024-07-10 23:23:38 +0000"
    },
    "done": true
  },
  "pfm:recipes/furniture/brown_arm_chair": {
    "criteria": {
      "has_wool": "2024-07-10 23:21:12 +0000"
    },
    "done": true
  },
  "minecraft:recipes/redstone/tripwire_hook": {
    "criteria": {
      "has_string": "2024-07-10 23:26:10 +0000"
    },
    "done": true
  },
  "minecraft:recipes/building_blocks/stone": {
    "criteria": {
      "has_cobblestone": "2024-07-10 23:22:33 +0000"
    },
    "done": true
  },
  "pfm:recipes/furniture/oak_table_classic": {
    "criteria": {
      "has_planks": "2024-07-10 23:21:32 +0000"
    },
    "done": true
  },
  "pfm:recipes/furniture/purple_simple_sofa": {
    "criteria": {
      "has_wool": "2024-07-10 23:21:12 +0000"
    },
    "done": true
  },
  "minecraft:recipes/transportation/bamboo_raft": {
    "criteria": {
      "in_water": "2024-07-10 23:24:31 +0000"
    },
    "done": true
  },
  "simpleores:tin_helmet": {
    "criteria": {
      "has_item": "2024-07-10 23:32:22 +0000"
    },
    "done": true
  },
  "pfm:recipes/root": {
    "criteria": {
      "has_planks": "2024-07-10 23:21:32 +0000"
    },
    "done": true
  },
  "pfm:recipes/furniture/acacia_white_classic_bed": {
    "criteria": {
      "has_bed": "2024-07-10 23:27:19 +0000"
    },
    "done": true
  },
  "pfm:recipes/furniture/green_simple_sofa": {
    "criteria": {
      "has_wool": "2024-07-10 23:21:12 +0000"
    },
    "done": true
  },
  "simpleores:recipes/misc/tin_ingot": {
    "criteria": {
      "has_the_recipe": "2024-07-10 23:26:14 +0000"
    },
    "done": true
  },
  "pfm:recipes/furniture/oak_chair": {
    "criteria": {
      "has_planks": "2024-07-10 23:21:32 +0000"
    },
    "done": true
  },
  "securitycraft:recipes/building_blocks/reinforced_andesite_with_vanilla_cobblestone": {
    "criteria": {
      "has_cobblestone": "2024-07-10 23:22:33 +0000"
    },
    "done": true
  },
  "pfm:recipes/furniture/oak_kitchen_sink": {
    "criteria": {
      "has_planks": "2024-07-10 23:21:12 +0000"
    },
    "done": true
  },
  "simpleores:tin_pickaxe": {
    "criteria": {
      "has_item": "2024-07-10 23:32:22 +0000"
    },
    "done": true
  },
  "minecraft:recipes/decorations/candle": {
    "criteria": {
      "has_string": "2024-07-10 23:26:10 +0000"
    },
    "done": true
  },
  "pfm:recipes/furniture/blue_arm_chair": {
    "criteria": {
      "has_wool": "2024-07-10 23:21:12 +0000"
    },
    "done": true
  },
  "pfm:recipes/furniture/spruce_white_classic_bed": {
    "criteria": {
      "has_bed": "2024-07-10 23:27:19 +0000"
    },
    "done": true
  },
  "pfm:recipes/furniture/stripped_oak_chair_classic": {
    "criteria": {
      "has_planks": "2024-07-10 23:23:38 +0000"
    },
    "done": true
  },
  "pfm:recipes/furniture/birch_kitchen_counter": {
    "criteria": {
      "has_planks": "2024-07-10 23:27:04 +0000"
    },
    "done": true
  },
  "minecraft:recipes/decorations/oak_hanging_sign": {
    "criteria": {
      "has_stripped_logs": "2024-07-10 23:23:38 +0000"
    },
    "done": true
  },
  "pfm:recipes/furniture/red_arm_chair": {
    "criteria": {
      "has_wool": "2024-07-10 23:21:12 +0000"
    },
    "done": true
  },
  "securitycraft:recipes/misc/reinforced_acacia_fence": {
    "criteria": {
      "has_stick": "2024-07-10 23:21:39 +0000"
    },
    "done": true
  },
  "simpleores:tin_sword": {
    "criteria": {
      "has_item": "2024-07-10 23:32:22 +0000"
    },
    "done": true
  },
  "pfm:recipes/furniture/stripped_oak_modern_stool": {
    "criteria": {
      "has_planks": "2024-07-10 23:23:38 +0000"
    },
    "done": true
  },
  "pfm:recipes/furniture/stripped_oak_kitchen_sink": {
    "criteria": {
      "has_planks": "2024-07-10 23:23:38 +0000"
    },
    "done": true
  },
  "pfm:recipes/furniture/arm_chair_leather": {
    "criteria": {
      "has_wool": "2024-07-10 23:21:12 +0000"
    },
    "done": true
  },
  "pfm:recipes/furniture/oak_classic_stool": {
    "criteria": {
      "has_planks": "2024-07-10 23:21:32 +0000"
    },
    "done": true
  },
  "pfm:grant_book_on_first_join": {
    "criteria": {
      "tick": "2024-07-10 23:20:41 +0000"
    },
    "done": true
  },
  "pfm:recipes/furniture/stripped_oak_classic_nightstand": {
    "criteria": {
      "has_planks": "2024-07-10 23:23:38 +0000"
    },
    "done": true
  },
  "pfm:recipes/furniture/stone_kitchen_cabinet": {
    "criteria": {
      "has_planks": "2024-07-10 23:22:33 +0000"
    },
    "done": true
  },
  "pfm:recipes/furniture/light_wood_kitchen_sink": {
    "criteria": {
      "has_planks": "2024-07-10 23:23:38 +0000"
    },
    "done": true
  },
  "simpleores:recipes/building_blocks/raw_tin_block": {
    "criteria": {
      "has_item": "2024-07-10 23:26:14 +0000"
    },
    "done": true
  },
  "pfm:recipes/furniture/stone_kitchen_counter": {
    "criteria": {
      "has_planks": "2024-07-10 23:22:33 +0000"
    },
    "done": true
  },
  "simpleores:tin_leggings": {
    "criteria": {
      "has_item": "2024-07-10 23:32:22 +0000"
    },
    "done": true
  },
  "pfm:recipes/furniture/dark_oak_white_classic_bed": {
    "criteria": {
      "has_bed": "2024-07-10 23:27:19 +0000"
    },
    "done": true
  },
  "pfm:recipes/furniture/warped_white_classic_bed": {
    "criteria": {
      "has_bed": "2024-07-10 23:27:19 +0000"
    },
    "done": true
  },
  "securitycraft:recipes/redstone/reinforced_bamboo_fence_gate": {
    "criteria": {
      "has_stick": "2024-07-10 23:21:39 +0000"
    },
    "done": true
  },
  "simpleores:recipes/misc/tin_nugget_from_blasting": {
    "criteria": {
      "tin_nugget_from_blasting": "2024-07-10 23:36:31 +0000"
    },
    "done": true
  },
  "minecraft:recipes/food/cooked_porkchop": {
    "criteria": {
      "has_porkchop": "2024-07-10 23:25:45 +0000"
    },
    "done": true
  },
  "minecraft:recipes/building_blocks/oak_slab": {
    "criteria": {
      "has_planks": "2024-07-10 23:21:32 +0000"
    },
    "done": true
  },
  "pfm:recipes/furniture/stone_kitchen_drawer": {
    "criteria": {
      "has_planks": "2024-07-10 23:22:33 +0000"
    },
    "done": true
  },
  "minecraft:recipes/building_blocks/birch_planks": {
    "criteria": {
      "has_logs": "2024-07-10 23:27:04 +0000"
    },
    "done": true
  },
  "pfm:recipes/furniture/oak_raw_table_log": {
    "criteria": {
      "has_log": "2024-07-10 23:21:12 +0000"
    },
    "done": true
  },
  "pfm:recipes/furniture/oak_kitchen_drawer": {
    "criteria": {
      "has_planks": "2024-07-10 23:21:12 +0000"
    },
    "done": true
  },
  "pfm:recipes/furniture/stone_kitchen_wall_drawer": {
    "criteria": {
      "has_planks": "2024-07-10 23:22:33 +0000"
    },
    "done": true
  },
  "minecraft:recipes/tools/stone_pickaxe": {
    "criteria": {
      "has_cobblestone": "2024-07-10 23:22:33 +0000"
    },
    "done": true
  },
  "pfm:recipes/furniture/stripped_oak_chair_modern": {
    "criteria": {
      "has_planks": "2024-07-10 23:23:38 +0000"
    },
    "done": true
  },
  "pfm:recipes/furniture/brown_simple_sofa": {
    "criteria": {
      "has_wool": "2024-07-10 23:21:12 +0000"
    },
    "done": true
  },
  "pfm:recipes/furniture/crimson_white_classic_bed": {
    "criteria": {
      "has_bed": "2024-07-10 23:27:19 +0000"
    },
    "done": true
  },
  "minecraft:recipes/decorations/campfire": {
    "criteria": {
      "has_stick": "2024-07-10 23:21:39 +0000"
    },
    "done": true
  },
  "pfm:recipes/furniture/spruce_white_simple_bed": {
    "criteria": {
      "has_bed": "2024-07-10 23:27:19 +0000"
    },
    "done": true
  },
  "pfm:recipes/furniture/oak_kitchen_wall_counter": {
    "criteria": {
      "has_planks": "2024-07-10 23:21:12 +0000"
    },
    "done": true
  },
  "minecraft:recipes/tools/wooden_hoe": {
    "criteria": {
      "has_stick": "2024-07-10 23:21:39 +0000"
    },
    "done": true
  },
  "pfm:recipes/furniture/warped_white_simple_bed": {
    "criteria": {
      "has_bed": "2024-07-10 23:27:19 +0000"
    },
    "done": true
  },
  "minecraft:recipes/redstone/oak_fence_gate": {
    "criteria": {
      "has_planks": "2024-07-10 23:21:32 +0000"
    },
    "done": true
  },
  "pfm:recipes/furniture/white_shower_towel": {
    "criteria": {
      "has_white_wool": "2024-07-10 23:25:25 +0000"
    },
    "done": true
  },
  "minecraft:recipes/misc/charcoal": {
    "criteria": {
      "has_log": "2024-07-10 23:21:12 +0000"
    },
    "done": true
  },
  "minecraft:recipes/food/cooked_salmon_from_campfire_cooking": {
    "criteria": {
      "has_salmon": "2024-07-10 23:40:51 +0000"
    },
    "done": true
  },
  "securitycraft:recipes/misc/sonic_security_system": {
    "criteria": {
      "has_stick": "2024-07-10 23:21:39 +0000"
    },
    "done": true
  },
  "pfm:recipes/furniture/cyan_arm_chair": {
    "criteria": {
      "has_wool": "2024-07-10 23:21:12 +0000"
    },
    "done": true
  },
  "minecraft:recipes/redstone/oak_door": {
    "criteria": {
      "has_planks": "2024-07-10 23:21:32 +0000"
    },
    "done": true
  },
  "pfm:recipes/furniture/white_arm_chair": {
    "criteria": {
      "has_wool": "2024-07-10 23:21:12 +0000"
    },
    "done": true
  },
  "minecraft:recipes/tools/wooden_shovel": {
    "criteria": {
      "has_stick": "2024-07-10 23:21:39 +0000"
    },
    "done": true
  },
  "securitycraft:recipes/redstone/reinforced_dark_oak_fence_gate": {
    "criteria": {
      "has_stick": "2024-07-10 23:21:39 +0000"
    },
    "done": true
  },
  "pfm:recipes/furniture/black_arm_chair": {
    "criteria": {
      "has_wool": "2024-07-10 23:21:12 +0000"
    },
    "done": true
  },
  "minecraft:recipes/building_blocks/cobblestone_slab": {
    "criteria": {
      "has_cobblestone": "2024-07-10 23:22:33 +0000"
    },
    "done": true
  },
  "pfm:recipes/furniture/purple_arm_chair": {
    "criteria": {
      "has_wool": "2024-07-10 23:21:12 +0000"
    },
    "done": true
  },
  "minecraft:recipes/transportation/acacia_boat": {
    "criteria": {
      "in_water": "2024-07-10 23:24:31 +0000"
    },
    "done": true
  },
  "minecraft:adventure/root": {
    "criteria": {
      "killed_something": "2024-07-10 23:25:24 +0000"
    },
    "done": true
  },
  "pfm:recipes/furniture/oak_table_dinner": {
    "criteria": {
      "has_planks": "2024-07-10 23:21:32 +0000"
    },
    "done": true
  },
  "pfm:recipes/furniture/stripped_oak_kitchen_wall_drawer": {
    "criteria": {
      "has_planks": "2024-07-10 23:23:38 +0000"
    },
    "done": true
  },
  "minecraft:recipes/misc/iron_ingot_from_blasting_raw_iron": {
    "criteria": {
      "has_raw_iron": "2024-07-10 23:34:09 +0000"
    },
    "done": true
  },
  "pfm:recipes/furniture/stripped_oak_table_dinner": {
    "criteria": {
      "has_planks": "2024-07-10 23:23:38 +0000"
    },
    "done": true
  },
  "minecraft:recipes/combat/wooden_sword": {
    "criteria": {
      "has_stick": "2024-07-10 23:21:39 +0000"
    },
    "done": true
  },
  "minecraft:recipes/building_blocks/oak_planks": {
    "criteria": {
      "has_logs": "2024-07-10 23:21:12 +0000"
    },
    "done": true
  },
  "simpleores:recipes/misc/tin_ingot_from_nuggets": {
    "criteria": {
      "has_item": "2024-07-10 23:32:22 +0000"
    },
    "done": true
  },
  "minecraft:recipes/combat/crossbow": {
    "criteria": {
      "has_string": "2024-07-10 23:26:10 +0000"
    },
    "done": true
  },
  "pfm:recipes/furniture/oak_chair_classic": {
    "criteria": {
      "has_planks": "2024-07-10 23:21:32 +0000"
    },
    "done": true
  },
  "minecraft:recipes/food/cooked_porkchop_from_smoking": {
    "criteria": {
      "has_porkchop": "2024-07-10 23:25:45 +0000"
    },
    "done": true
  },
  "minecraft:recipes/decorations/barrel": {
    "criteria": {
      "has_planks": "2024-07-10 23:21:32 +0000"
    },
    "done": true
  },
  "minecraft:recipes/decorations/cobblestone_wall_from_cobblestone_stonecutting": {
    "criteria": {
      "has_cobblestone": "2024-07-10 23:22:33 +0000"
    },
    "done": true
  },
  "simpleores:recipes/building_blocks/tin_pressure_plate": {
    "criteria": {
      "has_item": "2024-07-10 23:32:22 +0000"
    },
    "done": true
  },
  "pfm:recipes/furniture/stripped_oak_kitchen_counter_oven": {
    "criteria": {
      "has_planks": "2024-07-10 23:23:38 +0000"
    },
    "done": true
  },
  "pfm:recipes/furniture/oak_white_simple_bed": {
    "criteria": {
      "has_bed": "2024-07-10 23:27:19 +0000"
    },
    "done": true
  },
  "minecraft:recipes/building_blocks/stripped_oak_wood": {
    "criteria": {
      "has_log": "2024-07-10 23:23:38 +0000"
    },
    "done": true
  },
  "minecraft:recipes/decorations/white_bed": {
    "criteria": {
      "has_white_wool": "2024-07-10 23:25:25 +0000"
    },
    "done": true
  },
  "securitycraft:recipes/misc/reinforced_birch_fence": {
    "criteria": {
      "has_stick": "2024-07-10 23:21:39 +0000"
    },
    "done": true
  },
  "simpleores:tin_axe": {
    "criteria": {
      "has_item": "2024-07-10 23:32:22 +0000"
    },
    "done": true
  },
  "securitycraft:recipes/misc/reinforced_dark_oak_fence": {
    "criteria": {
      "has_stick": "2024-07-10 23:21:39 +0000"
    },
    "done": true
  },
  "securitycraft:recipes/misc/reinforced_oak_fence": {
    "criteria": {
      "has_stick": "2024-07-10 23:21:39 +0000"
    },
    "done": true
  },
  "minecraft:recipes/building_blocks/cobblestone_stairs": {
    "criteria": {
      "has_cobblestone": "2024-07-10 23:22:33 +0000"
    },
    "done": true
  },
  "pfm:recipes/furniture/stripped_oak_table_basic": {
    "criteria": {
      "has_planks": "2024-07-10 23:23:38 +0000"
    },
    "done": true
  },
  "pfm:recipes/furniture/cherry_white_classic_bed": {
    "criteria": {
      "has_bed": "2024-07-10 23:27:19 +0000"
    },
    "done": true
  },
  "securitycraft:recipes/redstone/reinforced_oak_fence_gate": {
    "criteria": {
      "has_stick": "2024-07-10 23:21:39 +0000"
    },
    "done": true
  },
  "securitycraft:recipes/misc/sc_manual": {
    "criteria": {
      "has_wood": "2024-07-10 23:21:12 +0000"
    },
    "done": true
  },
  "pfm:recipes/furniture/jungle_white_simple_bed": {
    "criteria": {
      "has_bed": "2024-07-10 23:27:19 +0000"
    },
    "done": true
  },
  "pfm:recipes/furniture/stripped_oak_kitchen_cabinet": {
    "criteria": {
      "has_planks": "2024-07-10 23:23:38 +0000"
    },
    "done": true
  },
  "simpleores:tin_brick_stairs": {
    "criteria": {
      "has_item": "2024-07-10 23:32:22 +0000"
    },
    "done": true
  },
  "securitycraft:recipes/misc/reinforced_bamboo_fence": {
    "criteria": {
      "has_stick": "2024-07-10 23:21:39 +0000"
    },
    "done": true
  },
  "securitycraft:recipes/misc/reinforced_crimson_fence": {
    "criteria": {
      "has_stick": "2024-07-10 23:21:39 +0000"
    },
    "done": true
  },
  "pfm:recipes/furniture/light_wood_kitchen_cabinet": {
    "criteria": {
      "has_planks": "2024-07-10 23:23:38 +0000"
    },
    "done": true
  },
  "minecraft:recipes/tools/stone_shovel": {
    "criteria": {
      "has_cobblestone": "2024-07-10 23:22:33 +0000"
    },
    "done": true
  },
  "minecraft:recipes/building_blocks/oak_wood": {
    "criteria": {
      "has_log": "2024-07-10 23:21:12 +0000"
    },
    "done": true
  },
  "pfm:recipes/furniture/cyan_simple_sofa": {
    "criteria": {
      "has_wool": "2024-07-10 23:21:12 +0000"
    },
    "done": true
  },
  "minecraft:recipes/transportation/jungle_boat": {
    "criteria": {
      "in_water": "2024-07-10 23:24:31 +0000"
    },
    "done": true
  },
  "minecraft:recipes/redstone/lever": {
    "criteria": {
      "has_cobblestone": "2024-07-10 23:22:33 +0000"
    },
    "done": true
  },
  "pfm:recipes/furniture/yellow_arm_chair": {
    "criteria": {
      "has_wool": "2024-07-10 23:21:12 +0000"
    },
    "done": true
  },
  "pfm:recipes/furniture/oak_table_modern_dinner": {
    "criteria": {
      "has_planks": "2024-07-10 23:21:32 +0000"
    },
    "done": true
  },
  "minecraft:recipes/food/cake": {
    "criteria": {
      "has_egg": "2024-07-10 23:29:58 +0000"
    },
    "done": true
  },
  "pfm:recipes/furniture/birch_white_classic_bed": {
    "criteria": {
      "has_bed": "2024-07-10 23:27:19 +0000"
    },
    "done": true
  },
  "pfm:recipes/furniture/oak_chair_dinner": {
    "criteria": {
      "has_planks": "2024-07-10 23:21:32 +0000"
    },
    "done": true
  },
  "pfm:recipes/furniture/stone_kitchen_wall_small_drawer": {
    "criteria": {
      "has_planks": "2024-07-10 23:22:33 +0000"
    },
    "done": true
  },
  "simpleores:main/tin_chestplate": {
    "criteria": {
      "got_tin_chest": "2024-07-10 23:36:14 +0000"
    },
    "done": true
  },
  "pfm:recipes/furniture/stripped_oak_kitchen_drawer": {
    "criteria": {
      "has_planks": "2024-07-10 23:23:38 +0000"
    },
    "done": true
  },
  "simpleores:recipes/misc/tin_nugget": {
    "criteria": {
      "has_item": "2024-07-10 23:32:22 +0000"
    },
    "done": true
  },
  "pfm:recipes/furniture/birch_kitchen_counter_oven": {
    "criteria": {
      "has_planks": "2024-07-10 23:27:04 +0000"
    },
    "done": true
  },
  "pfm:recipes/furniture/light_wood_kitchen_wall_drawer": {
    "criteria": {
      "has_planks": "2024-07-10 23:23:38 +0000"
    },
    "done": true
  },
  "minecraft:recipes/redstone/oak_trapdoor": {
    "criteria": {
      "has_planks": "2024-07-10 23:21:32 +0000"
    },
    "done": true
  },
  "pfm:recipes/furniture/light_gray_arm_chair": {
    "criteria": {
      "has_wool": "2024-07-10 23:21:12 +0000"
    },
    "done": true
  },
  "minecraft:recipes/combat/stone_sword": {
    "criteria": {
      "has_cobblestone": "2024-07-10 23:22:33 +0000"
    },
    "done": true
  },
  "minecraft:recipes/decorations/cobblestone_wall": {
    "criteria": {
      "has_cobblestone": "2024-07-10 23:22:33 +0000"
    },
    "done": true
  },
  "pfm:recipes/furniture/green_arm_chair": {
    "criteria": {
      "has_wool": "2024-07-10 23:21:12 +0000"
    },
    "done": true
  },
  "minecraft:recipes/tools/stone_axe": {
    "criteria": {
      "has_cobblestone": "2024-07-10 23:22:33 +0000"
    },
    "done": true
  },
  "pfm:recipes/furniture/oak_kitchen_counter": {
    "criteria": {
      "has_planks": "2024-07-10 23:21:12 +0000"
    },
    "done": true
  },
  "pfm:recipes/furniture/lime_arm_chair": {
    "criteria": {
      "has_wool": "2024-07-10 23:21:12 +0000"
    },
    "done": true
  },
  "minecraft:recipes/combat/bow": {
    "criteria": {
      "has_string": "2024-07-10 23:26:10 +0000"
    },
    "done": true
  },
  "pfm:recipes/furniture/light_wood_kitchen_counter": {
    "criteria": {
      "has_planks": "2024-07-10 23:23:38 +0000"
    },
    "done": true
  },
  "pfm:recipes/furniture/light_gray_simple_sofa": {
    "criteria": {
      "has_wool": "2024-07-10 23:21:12 +0000"
    },
    "done": true
  },
  "pfm:recipes/furniture/stripped_oak_kitchen_wall_counter": {
    "criteria": {
      "has_planks": "2024-07-10 23:23:38 +0000"
    },
    "done": true
  },
  "securitycraft:recipes/redstone/laser_block": {
    "criteria": {
      "has_stone": "2024-07-10 23:22:33 +0000"
    },
    "done": true
  },
  "minecraft:recipes/decorations/painting": {
    "criteria": {
      "has_wool": "2024-07-10 23:25:25 +0000"
    },
    "done": true
  },
  "simpleores:tin_boots": {
    "criteria": {
      "has_item": "2024-07-10 23:32:22 +0000"
    },
    "done": true
  },
  "minecraft:recipes/food/cooked_salmon": {
    "criteria": {
      "has_salmon": "2024-07-10 23:40:51 +0000"
    },
    "done": true
  },
  "pfm:recipes/furniture/birch_kitchen_wall_small_drawer": {
    "criteria": {
      "has_planks": "2024-07-10 23:27:04 +0000"
    },
    "done": true
  },
  "pfm:recipes/furniture/stripped_oak_table_log": {
    "criteria": {
      "has_log": "2024-07-10 23:23:38 +0000"
    },
    "done": true
  },
  "minecraft:recipes/tools/fishing_rod": {
    "criteria": {
      "has_string": "2024-07-10 23:26:10 +0000"
    },
    "done": true
  },
  "minecraft:recipes/decorations/smoker": {
    "criteria": {
      "has_furnace": "2024-07-10 23:26:52 +0000"
    },
    "done": true
  },
  "pfm:recipes/furniture/oak_modern_stool": {
    "criteria": {
      "has_planks": "2024-07-10 23:21:32 +0000"
    },
    "done": true
  },
  "pfm:recipes/furniture/birch_kitchen_drawer": {
    "criteria": {
      "has_planks": "2024-07-10 23:27:04 +0000"
    },
    "done": true
  },
  "pfm:recipes/furniture/birch_white_simple_bed": {
    "criteria": {
      "has_bed": "2024-07-10 23:27:19 +0000"
    },
    "done": true
  },
  "securitycraft:recipes/misc/reinforced_jungle_fence": {
    "criteria": {
      "has_stick": "2024-07-10 23:21:39 +0000"
    },
    "done": true
  },
  "pfm:recipes/furniture/stone_kitchen_wall_counter": {
    "criteria": {
      "has_planks": "2024-07-10 23:22:33 +0000"
    },
    "done": true
  },
  "minecraft:recipes/building_blocks/oak_stairs": {
    "criteria": {
      "has_planks": "2024-07-10 23:21:32 +0000"
    },
    "done": true
  },
  "pfm:recipes/furniture/birch_log_stool": {
    "criteria": {
      "has_log": "2024-07-10 23:27:04 +0000"
    },
    "done": true
  },
  "pfm:recipes/furniture/oak_white_classic_bed": {
    "criteria": {
      "has_bed": "2024-07-10 23:27:19 +0000"
    },
    "done": true
  },
  "pfm:recipes/furniture/yellow_simple_sofa": {
    "criteria": {
      "has_wool": "2024-07-10 23:21:12 +0000"
    },
    "done": true
  },
  "minecraft:recipes/decorations/oak_fence": {
    "criteria": {
      "has_planks": "2024-07-10 23:21:32 +0000"
    },
    "done": true
  },
  "simpleores:main/tin_ore": {
    "criteria": {
      "got_tin_ore": "2024-07-10 23:26:14 +0000"
    },
    "done": true
  },
  "securitycraft:recipes/misc/reinforced_warped_fence": {
    "criteria": {
      "has_stick": "2024-07-10 23:21:39 +0000"
    },
    "done": true
  },
  "minecraft:recipes/food/cooked_porkchop_from_campfire_cooking": {
    "criteria": {
      "has_porkchop": "2024-07-10 23:25:45 +0000"
    },
    "done": true
  },
  "minecraft:recipes/misc/bone_meal": {
    "criteria": {
      "has_bone": "2024-07-10 23:29:05 +0000"
    },
    "done": true
  },
  "pfm:recipes/furniture/white_simple_sofa": {
    "criteria": {
      "has_wool": "2024-07-10 23:21:12 +0000"
    },
    "done": true
  },
  "minecraft:recipes/transportation/spruce_boat": {
    "criteria": {
      "in_water": "2024-07-10 23:24:31 +0000"
    },
    "done": true
  },
  "securitycraft:recipes/redstone/reinforced_cherry_fence_gate": {
    "criteria": {
      "has_stick": "2024-07-10 23:21:39 +0000"
    },
    "done": true
  },
  "pfm:recipes/furniture/birch_kitchen_wall_drawer": {
    "criteria": {
      "has_planks": "2024-07-10 23:27:04 +0000"
    },
    "done": true
  },
  "simpleores:tin_chestplate": {
    "criteria": {
      "has_item": "2024-07-10 23:32:22 +0000"
    },
    "done": true
  },
  "pfm:recipes/furniture/crimson_white_simple_bed": {
    "criteria": {
      "has_bed": "2024-07-10 23:27:19 +0000"
    },
    "done": true
  },
  "pfm:recipes/furniture/stripped_oak_table_modern_dinner": {
    "criteria": {
      "has_planks": "2024-07-10 23:23:38 +0000"
    },
    "done": true
  },
  "minecraft:husbandry/root": {
    "criteria": {
      "consumed_item": "2024-07-10 23:26:37 +0000"
    },
    "done": true
  },
  "minecraft:recipes/transportation/birch_boat": {
    "criteria": {
      "in_water": "2024-07-10 23:24:31 +0000"
    },
    "done": true
  },
  "minecraft:recipes/decorations/white_carpet": {
    "criteria": {
      "has_white_wool": "2024-07-10 23:25:25 +0000"
    },
    "done": true
  },
  "minecraft:recipes/transportation/oak_boat": {
    "criteria": {
      "in_water": "2024-07-10 23:24:31 +0000"
    },
    "done": true
  },
  "pfm:recipes/furniture/stripped_oak_chair": {
    "criteria": {
      "has_planks": "2024-07-10 23:23:38 +0000"
    },
    "done": true
  },
  "simpleores:tin_bricks": {
    "criteria": {
      "has_item": "2024-07-10 23:32:22 +0000"
    },
    "done": true
  },
  "pfm:recipes/furniture/stripped_oak_raw_table_log": {
    "criteria": {
      "has_log": "2024-07-10 23:23:38 +0000"
    },
    "done": true
  },
  "minecraft:recipes/building_blocks/coal_block": {
    "criteria": {
      "has_coal": "2024-07-10 23:29:34 +0000"
    },
    "done": true
  },
  "securitycraft:recipes/redstone/reinforced_acacia_fence_gate": {
    "criteria": {
      "has_stick": "2024-07-10 23:21:39 +0000"
    },
    "done": true
  },
  "simpleores:tin_hoe": {
    "criteria": {
      "has_item": "2024-07-10 23:32:22 +0000"
    },
    "done": true
  },
  "simpleores:recipes/building_blocks/tin_block": {
    "criteria": {
      "has_the_recipe": "2024-07-10 23:26:14 +0000"
    },
    "done": true
  },
  "minecraft:recipes/redstone/oak_button": {
    "criteria": {
      "has_planks": "2024-07-10 23:21:32 +0000"
    },
    "done": true
  },
  "simpleores:recipes/misc/tin_ingot_from_smelting": {
    "criteria": {
      "tin_ingot_from_smelting": "2024-07-10 23:26:14 +0000"
    },
    "done": true
  },
  "pfm:recipes/furniture/gray_simple_sofa": {
    "criteria": {
      "has_wool": "2024-07-10 23:21:12 +0000"
    },
    "done": true
  },
  "minecraft:recipes/transportation/mangrove_boat": {
    "criteria": {
      "in_water": "2024-07-10 23:24:31 +0000"
    },
    "done": true
  },
  "minecraft:recipes/decorations/torch": {
    "criteria": {
      "has_stone_pickaxe": "2024-07-10 23:22:43 +0000"
    },
    "done": true
  },
  "simpleores:recipes/misc/tin_ingot_from_blasting": {
    "criteria": {
      "tin_ingot_from_blasting": "2024-07-10 23:26:14 +0000"
    },
    "done": true
  },
  "securitycraft:recipes/misc/reinforced_cherry_fence": {
    "criteria": {
      "has_stick": "2024-07-10 23:21:39 +0000"
    },
    "done": true
  },
  "pfm:recipes/furniture/light_wood_kitchen_wall_small_drawer": {
    "criteria": {
      "has_planks": "2024-07-10 23:23:38 +0000"
    },
    "done": true
  },
  "pfm:recipes/furniture/stripped_oak_classic_stool": {
    "criteria": {
      "has_planks": "2024-07-10 23:23:38 +0000"
    },
    "done": true
  },
  "pfm:recipes/furniture/stone_kitchen_counter_oven": {
    "criteria": {
      "has_planks": "2024-07-10 23:22:33 +0000"
    },
    "done": true
  },
  "minecraft:recipes/food/cooked_salmon_from_smoking": {
    "criteria": {
      "has_salmon": "2024-07-10 23:40:51 +0000"
    },
    "done": true
  },
  "pfm:recipes/furniture/mangrove_white_classic_bed": {
    "criteria": {
      "has_bed": "2024-07-10 23:27:19 +0000"
    },
    "done": true
  },
  "pfm:recipes/furniture/pink_simple_sofa": {
    "criteria": {
      "has_wool": "2024-07-10 23:21:12 +0000"
    },
    "done": true
  },
  "securitycraft:recipes/redstone/reinforced_warped_fence_gate": {
    "criteria": {
      "has_stick": "2024-07-10 23:21:39 +0000"
    },
    "done": true
  },
  "pfm:recipes/furniture/oak_kitchen_wall_small_drawer": {
    "criteria": {
      "has_planks": "2024-07-10 23:21:12 +0000"
    },
    "done": true
  },
  "pfm:recipes/furniture/stripped_oak_kitchen_counter": {
    "criteria": {
      "has_planks": "2024-07-10 23:23:38 +0000"
    },
    "done": true
  },
  "pfm:recipes/furniture/black_simple_sofa": {
    "criteria": {
      "has_wool": "2024-07-10 23:21:12 +0000"
    },
    "done": true
  },
  "minecraft:recipes/brewing/fermented_spider_eye": {
    "criteria": {
      "has_spider_eye": "2024-07-10 23:28:50 +0000"
    },
    "done": true
  },
  "minecraft:recipes/misc/iron_ingot_from_smelting_raw_iron": {
    "criteria": {
      "has_raw_iron": "2024-07-10 23:34:09 +0000"
    },
    "done": true
  },
  "pfm:recipes/furniture/birch_kitchen_sink": {
    "criteria": {
      "has_planks": "2024-07-10 23:27:04 +0000"
    },
    "done": true
  },
  "minecraft:recipes/food/cooked_mutton": {
    "criteria": {
      "has_mutton": "2024-07-10 23:25:24 +0000"
    },
    "done": true
  },
  "pfm:recipes/furniture/stone_kitchen_sink": {
    "criteria": {
      "has_planks": "2024-07-10 23:22:33 +0000"
    },
    "done": true
  },
  "minecraft:recipes/decorations/white_banner": {
    "criteria": {
      "has_white_wool": "2024-07-10 23:25:25 +0000"
    },
    "done": true
  },
  "pfm:recipes/furniture/birch_raw_table_log": {
    "criteria": {
      "has_log": "2024-07-10 23:27:04 +0000"
    },
    "done": true
  },
  "minecraft:recipes/tools/wooden_pickaxe": {
    "criteria": {
      "has_stick": "2024-07-10 23:21:39 +0000"
    },
    "done": true
  },
  "pfm:recipes/furniture/oak_kitchen_counter_oven": {
    "criteria": {
      "has_planks": "2024-07-10 23:21:12 +0000"
    },
    "done": true
  },
  "minecraft:story/upgrade_tools": {
    "criteria": {
      "stone_pickaxe": "2024-07-10 23:22:43 +0000"
    },
    "done": true
  },
  "pfm:recipes/furniture/birch_kitchen_wall_counter": {
    "criteria": {
      "has_planks": "2024-07-10 23:27:04 +0000"
    },
    "done": true
  },
  "pfm:recipes/furniture/stripped_oak_chair_dinner": {
    "criteria": {
      "has_planks": "2024-07-10 23:23:38 +0000"
    },
    "done": true
  },
  "pfm:recipes/furniture/oak_simple_bunk_ladder": {
    "criteria": {
      "has_planks": "2024-07-10 23:21:32 +0000"
    },
    "done": true
  },
  "minecraft:recipes/redstone/oak_pressure_plate": {
    "criteria": {
      "has_planks": "2024-07-10 23:21:32 +0000"
    },
    "done": true
  },
  "securitycraft:recipes/redstone/reinforced_mangrove_fence_gate": {
    "criteria": {
      "has_stick": "2024-07-10 23:21:39 +0000"
    },
    "done": true
  },
  "minecraft:recipes/food/cooked_mutton_from_campfire_cooking": {
    "criteria": {
      "has_mutton": "2024-07-10 23:25:24 +0000"
    },
    "done": true
  },
  "simpleores:tin_shears": {
    "criteria": {
      "has_item": "2024-07-10 23:32:22 +0000"
    },
    "done": true
  },
  "securitycraft:recipes/misc/reinforced_mangrove_fence": {
    "criteria": {
      "has_stick": "2024-07-10 23:21:39 +0000"
    },
    "done": true
  },
  "securitycraft:recipes/building_blocks/reinforced_andesite": {
    "criteria": {
      "has_cobblestone": "2024-07-10 23:22:33 +0000"
    },
    "done": true
  },
  "pfm:recipes/furniture/blue_simple_sofa": {
    "criteria": {
      "has_wool": "2024-07-10 23:21:12 +0000"
    },
    "done": true
  },
  "pfm:recipes/furniture/gray_arm_chair": {
    "criteria": {
      "has_wool": "2024-07-10 23:21:12 +0000"
    },
    "done": true
  },
  "simpleores:tin_door": {
    "criteria": {
      "has_item": "2024-07-10 23:32:22 +0000"
    },
    "done": true
  },
  "pfm:recipes/furniture/light_blue_simple_sofa": {
    "criteria": {
      "has_wool": "2024-07-10 23:21:12 +0000"
    },
    "done": true
  },
  "pfm:recipes/furniture/cherry_white_simple_bed": {
    "criteria": {
      "has_bed": "2024-07-10 23:27:19 +0000"
    },
    "done": true
  },
  "minecraft:recipes/building_blocks/white_wool_from_string": {
    "criteria": {
      "has_string": "2024-07-10 23:26:10 +0000"
    },
    "done": true
  },
  "pfm:recipes/furniture/stripped_oak_table_classic": {
    "criteria": {
      "has_planks": "2024-07-10 23:23:38 +0000"
    },
    "done": true
  },
  "simpleores:tin_shovel": {
    "criteria": {
      "has_item": "2024-07-10 23:32:22 +0000"
    },
    "done": true
  },
  "securitycraft:recipes/building_blocks/reinforced_diorite": {
    "criteria": {
      "has_cobblestone": "2024-07-10 23:22:33 +0000"
    },
    "done": true
  },
  "pfm:recipes/furniture/oak_log_stool": {
    "criteria": {
      "has_log": "2024-07-10 23:21:12 +0000"
    },
    "done": true
  },
  "minecraft:adventure/kill_a_mob": {
    "criteria": {
      "minecraft:spider": "2024-07-10 23:26:06 +0000"
    },
    "done": true
  },
  "minecraft:adventure/adventuring_time": {
    "criteria": {
      "minecraft:taiga": "2024-07-10 23:24:23 +0000",
      "minecraft:beach": "2024-07-10 23:24:25 +0000",
      "minecraft:river": "2024-07-10 23:24:31 +0000",
      "minecraft:forest": "2024-07-10 23:20:42 +0000"
    },
    "done": false
  },
  "pfm:recipes/furniture/bamboo_white_classic_bed": {
    "criteria": {
      "has_bed": "2024-07-10 23:27:19 +0000"
    },
    "done": true
  },
  "simpleores:recipes/misc/tin_nugget_from_smelting": {
    "criteria": {
      "tin_nugget_from_smelting": "2024-07-10 23:36:31 +0000"
    },
    "done": true
  },
  "minecraft:recipes/building_blocks/cobblestone_stairs_from_cobblestone_stonecutting": {
    "criteria": {
      "has_cobblestone": "2024-07-10 23:22:33 +0000"
    },
    "done": true
  },
  "pfm:recipes/furniture/light_wood_kitchen_wall_counter": {
    "criteria": {
      "has_planks": "2024-07-10 23:23:38 +0000"
    },
    "done": true
  },
  "pfm:recipes/furniture/magenta_arm_chair": {
    "criteria": {
      "has_wool": "2024-07-10 23:21:12 +0000"
    },
    "done": true
  },
  "minecraft:husbandry/balanced_diet": {
    "criteria": {
      "cooked_porkchop": "2024-07-10 23:28:08 +0000",
      "cooked_mutton": "2024-07-10 23:28:43 +0000",
      "mutton": "2024-07-10 23:26:37 +0000"
    },
    "done": false
  },
  "minecraft:recipes/tools/stone_hoe": {
    "criteria": {
      "has_cobblestone": "2024-07-10 23:22:33 +0000"
    },
    "done": true
  },
  "pfm:recipes/furniture/oak_table_log": {
    "criteria": {
      "has_log": "2024-07-10 23:21:32 +0000"
    },
    "done": true
  },
  "pfm:recipes/furniture/orange_simple_sofa": {
    "criteria": {
      "has_wool": "2024-07-10 23:21:12 +0000"
    },
    "done": true
  },
  "pfm:recipes/furniture/oak_simple_stool": {
    "criteria": {
      "has_planks": "2024-07-10 23:21:32 +0000"
    },
    "done": true
  },
  "pfm:recipes/furniture/light_blue_arm_chair": {
    "criteria": {
      "has_wool": "2024-07-10 23:21:12 +0000"
    },
    "done": true
  },
  "pfm:recipes/furniture/oak_chair_classic_white": {
    "criteria": {
      "oak_chair_classic_white": "2024-07-10 23:25:25 +0000"
    },
    "done": true
  },
  "minecraft:recipes/decorations/loom": {
    "criteria": {
      "has_string": "2024-07-10 23:26:10 +0000"
    },
    "done": true
  },
  "pfm:recipes/furniture/acacia_white_simple_bed": {
    "criteria": {
      "has_bed": "2024-07-10 23:27:19 +0000"
    },
    "done": true
  },
  "minecraft:story/root": {
    "criteria": {
      "crafting_table": "2024-07-10 23:21:35 +0000"
    },
    "done": true
  },
  "pfm:recipes/furniture/oak_kitchen_cabinet": {
    "criteria": {
      "has_planks": "2024-07-10 23:21:12 +0000"
    },
    "done": true
  },
  "securitycraft:recipes/misc/reinforced_spruce_fence": {
    "criteria": {
      "has_stick": "2024-07-10 23:21:39 +0000"
    },
    "done": true
  },
  "pfm:recipes/furniture/stripped_oak_simple_stool": {
    "criteria": {
      "has_planks": "2024-07-10 23:23:38 +0000"
    },
    "done": true
  },
  "minecraft:recipes/transportation/dark_oak_boat": {
    "criteria": {
      "in_water": "2024-07-10 23:24:31 +0000"
    },
    "done": true
  },
  "DataVersion": 3465
}